timestamp,frame_idx,stamp_idx,bg_x,bg_y,bg_z,bg_norm,ba_x,ba_y,ba_z,ba_norm
0.0,0,0,0.02230805977052906,0.029065813170126666,0.014583825640648595,0.039435504260539704,0.0,0.0,0.0,0.0
0.1,1,1,0.02230805977052906,0.029065813170126666,0.014583825640648595,0.039435504260539704,0.0,0.0,0.0,0.0
0.2,2,2,0.02230805977052906,0.029065813170126666,0.014583825640648595,0.039435504260539704,0.0,0.0,0.0,0.0
0.3,3,3,0.02230805977052906,0.029065813170126666,0.014583825640648595,0.039435504260539704,0.0,0.0,0.0,0.0
0.4,4,4,0.02230805977052906,0.029065813170126666,0.014583825640648595,0.039435504260539704,0.0,0.0,0.0,0.0
0.5,5,5,0.02230805977052906,0.029065813170126666,0.014583825640648595,0.039435504260539704,0.0,0.0,0.0,0.0
0.6,6,7,0.02230805977052906,0.029065813170126666,0.014583825640648595,0.039435504260539704,0.0,0.0,0.0,0.0
0.7,7,8,0.0,0.0,0.0,0.0,0.0,0.0,0.0,0.0
0.9,8,9,0.022242117891633523,0.029107745787285404,0.014641846411599267,0.0394506823700607,0.014109503634637829,0.0024515762322092067,-0.012100607934119947,0.01874868078595072
1.0,8,10,0.02222944592567325,0.029106185903232853,0.014662926621692047,0.03945021851788792,0.0015188043032127092,0.005549545594027154,0.003239542923441111,0.006602943371289884
1.1,8,11,0.022187141226039583,0.02910372403684161,0.014674880166946715,0.03942902606597205,0.0048724893761706795,0.009281409248359108,-0.001480378875990582,0.010586653483178774
1.2,8,12,0.022168680701557843,0.029094692850285958,0.014695372972089693,0.03941960860902767,0.001068505030866104,0.013583662901381216,-0.002419465883684345,0.013838764973134668
1.3,8,13,0.0222139304851524,0.029076539011230085,0.014663445814209001,0.03941979796519779,0.004306571203142359,0.014553585414735672,-0.004211892672054732,0.015750982313260664
1.4,8,14,0.02223252127469662,0.02906105941217021,0.01466123774749656,0.03941804242572356,0.008306586533321898,0.011091134256241723,-0.0047806012213429065,0.014658335067907565
1.5,8,15,0.022240934782259313,0.02906847102275926,0.014650895296838955,0.03942440767581226,0.011475274682139179,0.0106922704622227,-0.005614992266998506,0.01665937318227542
1.6,9,16,0.022252879362580733,0.02906934216991456,0.014632474389793036,0.03942494896490157,0.006785689157814084,0.014867755381000537,-0.005798155100732063,0.017341116745696952
1.7,9,17,0.022260495881092447,0.02908835048090019,0.014612253558603717,0.039435767580113704,0.0061250812679990874,0.016807784708451335,-0.005623371014523386,0.01875208118882343
1.8,9,18,0.022267005152050857,0.02909284012908082,0.014599731525006002,0.03943811640811423,0.007749444426576495,0.015311219730862396,-0.00550213367150035,0.01802112131656644
1.9,9,19,0.022280416251573374,0.02909226434759754,0.01458343355132553,0.03943923588711877,0.011263441261602319,0.013267328040747109,-0.006157057703032016,0.018460673388390414
2.0,10,20,0.022289253235335947,0.0290834592319244,0.014574059654651125,0.03943426968388374,0.008625322729985797,0.01208487569537476,-0.008264094375794489,0.016992223769157093
2.1,10,21,0.02231609366229236,0.029067690218394556,0.014562254087856072,0.0394334616169572,0.013609975990237238,0.010822112981244407,-0.008198807051991459,0.019224203830313435
2.2,10,22,0.022340069348244777,0.02904628591033699,0.014548739001057152,0.03942627588538269,0.021408466420077047,0.008061421890158101,-0.011647049641806973,0.025670269237181808
2.3,11,23,0.02235050651496163,0.029035646457873786,0.014537388445649816,0.039420167040763454,0.01745069683346468,0.003037581915429259,-0.009320812442301048,0.020015775489622956
2.4,11,24,0.022357669134352214,0.029031292899728684,0.014531421314562292,0.03941882217890735,0.015236068619424118,0.0061998558729830545,-0.010927419708191072,0.019748025250655457
2.5,12,25,0.022325785369781182,0.029025927949402976,0.014509571620310961,0.039388740196995405,0.016956126187506068,-0.003182592558300574,-0.008416125604488794,0.019195579722147263
2.6,12,26,0.022306623042334158,0.029042565093502164,0.014512361269960443,0.0393911747526391,0.016679589778105273,-0.0015233627654822177,-0.00843538275480674,0.018753267222039537
2.7,13,27,0.022270538084249458,0.02907093944940121,0.014502734221974246,0.03938814145077145,0.014540878180928293,-0.005018869248605101,-0.006499963918811254,0.01669957238234077
2.8,13,28,0.022266021315612228,0.029080797063211487,0.014496648365196646,0.039390624225609155,0.01278115911366892,-0.0040918459081002384,-0.004000209630433593,0.014003674814561084
2.9,14,29,0.022279275553710207,0.029096355411614178,0.014487109907990505,0.03940609560617894,0.007630432233283707,-0.00579455208413634,-0.0012858199413186284,0.009667143468677622
3.0,14,30,0.02227848440836698,0.02911247003191036,0.014467567859780978,0.039410370445735435,0.0045015113046643785,-0.004068994501849106,-0.0007858190588474124,0.006118646245318263
3.1,15,31,0.0222854175762197,0.029142062825137916,0.01445184448775433,0.03943038766419882,0.004241801134559718,-0.009518792059536573,0.00012060814625661285,0.01042184366908236
3.2,15,32,0.022286705474302584,0.029166477678058602,0.014422610601801469,0.039438462921546465,0.005637828997771863,-0.007665387444110203,0.0004314541656422581,0.009525199902022514
3.3,16,33,0.022301966191295056,0.029170798598894484,0.01439660386527105,0.03944078333081722,0.010661427063210247,-0.010949848111232133,0.0003672440138762561,0.015287251840959961
3.4,17,34,0.022346371060175205,0.029167952181010162,0.014356692503395684,0.03944926303024924,0.014652937545126801,-0.004086163144767261,-0.001340550043619389,0.015270965338395896
3.5,18,35,0.02238812963721997,0.029157540722017743,0.01431643121174783,0.03945061130387966,0.010783443121547234,0.0006317417708001348,-0.0001918984742465495,0.010803636806420151
3.6,19,36,0.022413161458242487,0.02915484720923906,0.014295253401671237,0.03945515419010948,0.009543428129880918,4.846985741192547e-06,-0.0013153814801687886,0.009633653118202056
3.7,20,37,0.02241636418377003,0.029162630394552115,0.014283644768197042,0.03945852129277915,0.003936616845728827,0.0035719109414683414,0.0013926117797718293,0.005494985671775359
3.8,20,38,0.02239890842540015,0.0291788221798546,0.0142894828601678,0.03946269229112563,0.01123213791965468,-0.0025742055689912387,0.001954309312873005,0.011687890376280582
3.9,21,39,0.022385512706117022,0.029193572705515588,0.01429386751330808,0.0394675881568149,0.008737604909116464,-0.0017791861119391026,0.0022757847689830876,0.009202740846262516
4.0,21,40,0.022385324229306693,0.029197068398915314,0.014284189798505015,0.03946656334344098,0.013227995925402693,-0.00554470177792863,0.0014941113141983503,0.014420678299852982
4.1,21,41,0.022393803482271216,0.02919705624233737,0.014289477705330584,0.03947327831219411,0.01844689976305487,-0.00732885979084944,2.597484339284146e-05,0.019849457710340922
4.2,22,42,0.02237948575156793,0.029208413736980406,0.014304066250780087,0.039478844041359214,0.020885032662129686,-0.007683967209966369,-0.0019547058047115883,0.022339400532803814
4.3,23,43,0.022331668395006915,0.029238612396700177,0.01433731332049802,0.039486180132283624,0.01405145867564236,-0.007771880056984058,-0.002775791774710866,0.016295724301484238
4.4,24,44,0.022288679543903928,0.02922033802966997,0.0143659366579576,0.039458757284530244,0.02698212751939412,0.0034575060823907634,-0.0002674294783409012,0.027204063525666535
4.5,24,45,0.022239756904069288,0.029256704910363366,0.014379230791231039,0.03946294271226696,0.016015541844011535,0.001300975134448714,-0.0019188394043610805,0.01618246154073808
4.6,25,46,0.022254363322156048,0.02926175721270813,0.014361196427074573,0.039468355487238385,0.007925769171767438,0.009982192056618794,-0.00017463854222787048,0.012747253580273435
4.7,25,47,0.0222936067542544,0.029267423219603794,0.01432281274161874,0.03948075390440533,0.01795527400843818,0.005394834518924834,0.0008887300237700637,0.018769281959090202
4.8,25,48,0.022295414657069756,0.029262775194420183,0.01431412241748262,0.039475177357328396,0.013829300868786932,0.006839358286950436,0.0016054909282521282,0.015511414681369603
4.9,26,49,0.02230315647092205,0.029272020507211234,0.014306012398510093,0.039483464436233955,0.013871286507155058,0.005084964974185436,0.001566888165778845,0.014856803043600344
5.0,26,50,0.022298849897295563,0.0292748915761808,0.01430136023410628,0.03948147525213484,0.014559289921768073,0.0065848431049987215,0.0011525520463367828,0.01602065722631446
5.1,27,51,0.02231058719180404,0.029271842211692392,0.014300345337545527,0.03948547738197383,0.010927041554817498,0.008337536017145706,0.003639782057504183,0.01421839503615087
5.2,27,52,0.02233518413714217,0.02926252471544427,0.014278537127869553,0.03948458465874984,0.013373931264014113,0.010394621833087474,0.0031077923184137045,0.017221166441384397
5.3,27,53,0.02236807929796213,0.029258958008365067,0.014249359346357144,0.039490021992863056,0.013727907075884572,0.01197495600502122,0.00014663644184453032,0.018217478043142863
5.4,28,54,0.022401996570412416,0.029249459375717653,0.014234279766499143,0.039496772584395975,0.010828334572362664,0.014412917674705088,0.0016879254538465496,0.018106190042264384
5.5,28,55,0.022397660598465985,0.029258748415411266,0.01422709540871291,0.03949860507523053,0.013173603107770037,0.014282609041261505,0.0017680955137064618,0.01951058434830085
5.6,28,56,0.022380554697574703,0.02926934518820153,0.014225808318420288,0.039496296264708984,0.01712229476371736,0.013837949729711696,-0.0008244330957719131,0.022030468007444938
5.7,28,57,0.022361503421836054,0.029266543998138324,0.014237760641071052,0.0394877355764063,0.02034412422721664,0.013943689476491682,-0.0013149974096966833,0.024698969310008805
5.8,28,58,0.022353276211064615,0.029252853718871215,0.014253105434089119,0.03947846783477147,0.022389339130021016,0.014009018575367627,-0.0020713515500579713,0.02649199134395172
5.9,28,59,0.022349973100623557,0.029233845770141736,0.014257047042104311,0.03946393830412527,0.02394225824149133,0.01411912438163581,-0.0016493785660702072,0.02784424272018498
6.0,28,60,0.022348562409775424,0.029226563524568684,0.014245880303849608,0.0394537116488536,0.025766568007340625,0.013999343169551762,-0.002389631392906333,0.029421216396501155
6.1,28,61,0.022347052832778404,0.029215459388004832,0.014235916319678524,0.03944103384831638,0.025890496591512702,0.013215074708038801,-0.0017373498772065349,0.02911999996377073
6.2,28,62,0.022349639026794432,0.029227401643941664,0.01422880229560807,0.03944877927454534,0.026243887085385456,0.01281246343605721,-0.002063397080728869,0.029277268249676656
6.3,28,63,0.022349173709218916,0.02924198128620156,0.014235939617549933,0.0394618931606421,0.027239821423151206,0.011909288589824017,-0.003687847809329941,0.029957290387243964
6.4,29,64,0.022306921923486375,0.029249872334970138,0.0141721541374392,0.03942085425517696,0.058712741635593195,0.012588187231503865,-0.010490339417559802,0.060956506701409036
6.5,29,65,0.022219606351059715,0.029282942793889013,0.014225989989160675,0.03941548472666459,0.059723970838718776,0.008557928268293016,-0.009764832324950665,0.061119086865919235
6.6,29,66,0.022159332103095876,0.029282783724354493,0.014250965584831602,0.039390448613879366,0.06921385633404868,0.010081370489231835,-0.011832313255628734,0.07093796992126863
6.7,29,67,0.02214969177483528,0.029307997686806093,0.014232667584720459,0.03939716234333621,0.07519968667393456,0.011426786949594772,-0.01281616978614843,0.07713506688813296
6.8,29,68,0.022160313005657475,0.02929686138830123,0.014170830797363834,0.03937255395832943,0.08054894752708387,0.01136658211285137,-0.014442972125749921,0.08261919619842772
6.9,29,69,0.02220431772935414,0.02928781161885017,0.014177832040580284,0.03939312829185149,0.08525419321895723,0.012994356010630525,-0.01745911431567689,0.08798835958372093
7.0,29,70,0.022273644926619575,0.029286717973427866,0.014170522360648209,0.03942880687956281,0.08171380965301282,0.01356532470443461,-0.01828267246478179,0.08482582646104926
7.1,30,71,0.022269419710753427,0.02935592563450974,0.014112085965112315,0.03945691820706832,0.08899623464994554,0.0024338991522462597,-0.011935390649471961,0.08982598286079019
7.2,30,72,0.022293778765269785,0.029344352791666382,0.01409501286468816,0.03945596279464356,0.09836815677452529,0.0008082393479939984,-0.013903374516288659,0.09934913860221142
7.3,30,73,0.022294592928245757,0.02932746688802322,0.014093487953878256,0.039443321242136745,0.104671345718616,-0.0003617223370537592,-0.014806322689558065,0.10571399457584826
7.4,30,74,0.02228113637873283,0.029324708336497175,0.01410731443906353,0.03943860897687606,0.10985200853859597,-0.0018936355479273795,-0.015271341408116375,0.11092458475899465
7.5,30,75,0.022251310127818242,0.029318295794415358,0.014125875142087017,0.039423642896401795,0.11235748270041403,-0.0022015732967950725,-0.014908659433250013,0.11336365806488265
7.6,30,76,0.022206982798578617,0.02931626191842368,0.014152692962939107,0.03940675089358689,0.11851120296415131,-0.006537902467047514,-0.015765030334195827,0.1197338113404773
7.7,30,77,0.0221565343366816,0.02931086150560577,0.014214464904669936,0.03939656874068408,0.11339258181945593,-0.0016515137727253898,-0.014759980030698885,0.11436110405172792
7.8,30,78,0.022095571100701338,0.02931863299193441,0.014242665942685332,0.039378293969353495,0.12017400379410353,-0.003220759050020472,-0.015063368164674117,0.12115721000926036
7.9,30,79,0.022057531647033404,0.029335293912782782,0.014239493104928414,0.03936822748352451,0.1223522740165339,0.005029793296188676,-0.02209820959256976,0.12443355112194028
8.0,30,80,0.021993336600167106,0.029360687332093117,0.01421097716275671,0.039340928907965256,0.11820261857042137,0.00015077071423471168,-0.02029688643655975,0.11993267014342422
8.1,30,81,0.021971171248503205,0.02937995099116371,0.01421237008886194,0.03934342829262611,0.12079532972480632,0.0027515902839539592,-0.025896828709192007,0.12357074358281032
8.2,30,82,0.021908454424906746,0.02939827098099216,0.01423016992650447,0.03932857037952504,0.11769874660996613,-0.0007887272571994794,-0.025315939360755563,0.1203931635515934
8.3,31,83,0.021828650717669002,0.029630669674995055,0.014120748314497032,0.039419057706952275,0.08561625023148087,-0.0012471487069353217,-0.011550250097405557,0.08640084467705958
8.4,31,84,0.021813192812506117,0.029619564679598302,0.01414764348139377,0.039411797834672545,0.0919810576551139,0.001287587829227203,-0.007987026471349672,0.09233615457460528
8.5,31,85,0.021816986802052,0.029600524358273636,0.014161926242748795,0.039404721929113005,0.09606079397470882,0.0017460815086396666,-0.006702998229526179,0.09631020260051008
8.6,31,86,0.021818494949553645,0.02957492775142237,0.014171078752662785,0.03938962485705749,0.10127967719002934,0.00411613820952214,-0.01132463715200154,0.10199393615358185
8.7,31,87,0.02184413411582632,0.029550605958632983,0.01417851701314688,0.03938825779956125,0.11019695113974186,0.007643922949683788,-0.013832544252344774,0.11132446666860091
8.8,32,88,0.02185024704260495,0.029585538860333344,0.01413572363037624,0.039402488348244426,0.08659965783030014,0.01464472960662639,0.00217638385736059,0.08785616363278587
8.9,32,89,0.021824795167362226,0.029591702560261918,0.014151388017651994,0.039398633571971424,0.08968907564082669,0.009318349842155535,0.009484668789332771,0.09066929400370378
9.0,32,90,0.02181782609783949,0.02959078461776766,0.014158993873010893,0.03939681684383449,0.09889790342251217,0.015877620988373354,0.003589156048074044,0.10022861961913078
9.1,33,91,0.0218642819159415,0.02951420041464341,0.014083764558614703,0.03933811477381695,0.06933808636445757,0.02178999672990087,0.010547945038325481,0.073442721373228
9.2,33,92,0.02188827422275989,0.02949908266121054,0.014069012184694264,0.03933483863138049,0.07596545597591152,0.030205517031780395,0.0027156599026841467,0.08179546790313247
9.3,33,93,0.02189909826063341,0.029478986655001614,0.014069294660803668,0.039325897460670355,0.08131110509318584,0.02622469582840769,0.005481917527924248,0.08561122533027185
9.4,33,94,0.021882332978696527,0.0294737595654748,0.014102712923242298,0.039324617115864616,0.08617816433888446,0.03688880336468294,-0.007048963572934559,0.09400610464193578
9.5,33,95,0.02185301263796311,0.02948972136331196,0.014149700596264634,0.03933715615553169,0.08900930284480978,0.029801887042029445,-0.002506235753510128,0.09389935932602052
9.6,33,96,0.0218140978049899,0.029519497136745766,0.014171500364547087,0.039345736704684595,0.09129846614292708,0.025695083081519358,0.0013470507063684965,0.09485495116346279
9.7,33,97,0.021798917572537872,0.029529826972485983,0.014154304582312534,0.03933888440929832,0.09123207023614885,0.03495008891345894,-0.00828686193351138,0.09804831174139289
9.8,34,98,0.021783652943124975,0.029554987834195193,0.014101313396849066,0.03933029215429372,0.07523171920076065,0.037104561445106106,0.0001403278409001205,0.08388432360005464
9.9,34,99,0.02177029519302814,0.029582875052044516,0.01409266698317705,0.03934076145469468,0.07999465879346918,0.03741553149789531,0.0026832877543768252,0.08835308407705042
10.0,34,100,0.021740582113970904,0.029592684454534623,0.014112756470523546,0.039338909225806844,0.08571814046106471,0.043676325150518135,-0.0043819255256334734,0.09630380186715788
10.1,34,101,0.021721791153657896,0.029559464859079017,0.014135715138906966,0.039311787242080225,0.09020956592395188,0.0411771529368005,0.0022228556705007297,0.0991880274806408
10.2,34,102,0.021664955847383354,0.02959030877571855,0.014149126899742319,0.03930845300105879,0.09642499034604834,0.045245926456476085,-0.006427124231962558,0.10670651596802062
10.3,34,103,0.021642133193649434,0.029598596959256866,0.014138789144014783,0.039298399834943695,0.09650183423888815,0.05104481848813112,-0.007728392016376591,0.10944361812876478
10.4,34,104,0.02164025386921229,0.029559009710322017,0.014080373781806885,0.03924656123043474,0.10375476771453149,0.046465973987711004,-0.0013244778471395568,0.1136920964873574
10.5,34,105,0.021575998555833607,0.02962645094051694,0.014075759399790767,0.039260378394674056,0.10471005306187506,0.04902731761996238,-0.0054038384533157905,0.11574573234145136
10.6,35,106,0.021564432421070385,0.02961037421898239,0.014049950109637575,0.039232640812394894,0.08485298756780402,0.054013368075973574,0.003424477416218726,0.10064392915455307
10.7,35,107,0.02156083382005271,0.029598973116403693,0.014040102360491313,0.03921853182941186,0.09148021928663286,0.06628444458331006,-0.005179432746409058,0.11308883516078372
10.8,35,108,0.021595878353145536,0.029546162344534443,0.013991899262612394,0.03918074675281902,0.0981088601600628,0.06855354631329366,-0.005033401671342649,0.11979262200328003
10.9,35,109,0.021664553431398968,0.02947155706895481,0.013917397917206574,0.03913591082671345,0.10446385758690759,0.06357403649172792,0.0035165078144434687,0.12233855273378995
11.0,35,110,0.02169533381864245,0.029488775518338634,0.013920446099799573,0.039167004106654926,0.10621900817073579,0.07623646042685388,-0.011261081767236942,0.13122990344337868
11.1,35,111,0.02171926802858649,0.029454518658629688,0.013924406306427427,0.039155898203152226,0.11137752265753995,0.07281982620612737,-0.008510573331061753,0.13334207700664033
11.2,35,112,0.0216630147817401,0.029442286521359693,0.01403564385084932,0.03915525179778075,0.11815532949082988,0.05733622926388936,-0.010237666739828155,0.13173053895571685
11.3,35,113,0.02151600601964889,0.029505638668935685,0.014096522336497693,0.03914375007945379,0.12407476851519901,0.05355282991077796,-0.05052891487739261,0.14427621083269315
11.4,35,114,0.021376958621342753,0.029338590411486704,0.014074532411735032,0.038933529378166576,0.13279748412196377,0.07459333796914402,-0.025004497747110024,0.15435207405826262
11.5,36,115,0.021386549264946934,0.02935552840486779,0.013954678538542983,0.03890841284998752,0.09578053230033402,0.07372582249133869,0.0018068951488915221,0.12088288605025443
11.6,36,116,0.021491747004850344,0.029410194720373734,0.013805793115015955,0.03895452048665745,0.10229358463648805,0.07841692847214879,0.0044218316378178395,0.12896799883622934
11.7,36,117,0.02152315850769184,0.029442286679551025,0.013689000268066725,0.03895488833775841,0.11336587188054902,0.07703885839008712,-0.009711664576568125,0.13740859885077322
11.8,36,118,0.021537135558576323,0.029425152384390738,0.013672773737501991,0.03894396670332945,0.11941415606832283,0.08695777592571177,-0.007144014062927991,0.14789331425181929
11.9,37,119,0.021466739424837282,0.02954743057631533,0.013688350547477307,0.039003108797974806,0.09218917562415538,0.0682769512098713,0.010760967045617053,0.11522319462909093
12.0,37,120,0.021423538333150135,0.029516668961909312,0.013777037959313555,0.0389872865977008,0.10489946033983599,0.07981425976414007,0.005660043342090777,0.1319327439717707
12.1,37,121,0.02137973742731371,0.029502770391432807,0.013805006244013651,0.03896260810864359,0.11136544913097703,0.08249991625989164,0.006525431741231393,0.1387482637817239
12.2,37,122,0.021334370154351242,0.029505375680810887,0.013791456282437236,0.03893490478143021,0.10992403839866152,0.09312290066448886,0.005853294344613606,0.14418540113591027
12.3,37,123,0.02130814600444871,0.029496067949352344,0.01374877649628977,0.03889837998894869,0.12130862975939678,0.09490175228538986,0.0034708790326478858,0.15405899273394974
12.4,38,124,0.02125928563022355,0.029637340974031832,0.013786285579243978,0.038992189930689015,0.08369298977221476,0.08824109739224632,0.02401020285200605,0.12396571157781665
12.5,38,125,0.021237264586701644,0.029667040473498614,0.013762686408977204,0.0389944385108136,0.09024006779197126,0.09299103279534618,0.022475174814223432,0.1315132521777734
12.6,38,126,0.021254137502686964,0.02965363527081267,0.01374726834510856,0.03898799600787316,0.0970200766901016,0.10102061201634287,0.020028545059661947,0.14148922909648134
12.7,38,127,0.021290471880580898,0.029612865664556322,0.013752036384584257,0.03897851344635649,0.10199265893178268,0.11240878742377812,0.012821628624004008,0.15232410225118995
12.8,38,128,0.021390977290120343,0.029542169356671557,0.01377523951283034,0.03898808668504458,0.09876474759331047,0.12730792567465665,0.009309701935757825,0.16139533406169734
12.9,38,129,0.021492755434797506,0.02955242731285836,0.013802842196616694,0.03906152773467132,0.1034446731854302,0.13226342678324166,0.0011614979844863705,0.1679159419246855
13.0,38,130,0.021588619575866986,0.02965242405939133,0.013896130507702782,0.039222916654381844,0.10542010048561616,0.1378402706405283,-0.007638932505978493,0.173700003127468
13.1,38,131,0.021655505451368403,0.029811721184637867,0.014018686967684641,0.03942363784130993,0.10908911814880279,0.13973141019659135,-0.014399452767355075,0.17785569131745776
13.2,38,132,0.02171047918097019,0.029943021492069084,0.01411620555207598,0.03958783527209225,0.11380185184408692,0.13835885741694773,-0.02081711179298262,0.18035350579422713
13.3,38,133,0.021741320379322637,0.029915413572654266,0.014092649498477825,0.03957549432346037,0.10938610120895242,0.15425109890982927,-0.03302598331304645,0.1919620697595719
13.4,38,134,0.02179698848291317,0.03000892438161573,0.014234126739378301,0.03972725278066009,0.11773099355995639,0.14665935462712326,-0.038984965955247974,0.19206608423870844
13.5,38,135,0.02172152402415726,0.029987074289265673,0.014231196768454687,0.03966832731316578,0.11761545523110206,0.15282444321457905,-0.04791005929649385,0.1987060128301583
13.6,39,136,0.0217659512321887,0.030065475924067595,0.014215904625230869,0.03974646424395968,0.08754799531710562,0.15509344767889935,-0.039757902674932524,0.18248101222341145
13.7,39,137,0.021761741060845226,0.030045006956609978,0.014220051247598117,0.03973016076617783,0.0905586584992791,0.163085274086701,-0.041199524993090965,0.1910368501435777
13.8,40,138,0.02167098667983328,0.030060112246285856,0.01428917726699844,0.03971677981539442,0.06275761910926274,0.14480306593445502,-0.0028889838420361885,0.15784420447999026
13.9,40,139,0.0216164970125487,0.030057557855972254,0.014328345657696404,0.039699259648576235,0.07552208125242704,0.13721778077805236,-0.0007067119330205664,0.15662951050203822
14.0,41,140,0.021089517600474693,0.02931513936443876,0.014099070426945352,0.03876762741619822,0.041835934671277386,0.07615362566894059,0.039299756340103346,0.09536294343578122
14.1,41,141,0.021066823615045138,0.029293770142853674,0.014135899355443097,0.03875254413579817,0.05152262930018319,0.0783404630650437,0.039125828465765476,0.10160039338694549
14.2,42,142,0.021070313193837405,0.029221878962945362,0.014180485842309907,0.03871643690908784,0.04414328330703058,0.07370238815187592,0.04991026376072364,0.09935645881914043
14.3,42,143,0.021121484751733657,0.02918013897837868,0.014154149652915948,0.038703198592782394,0.0487408787361419,0.06922007939515118,0.05173672851134611,0.09921583406139897
14.4,43,144,0.021167457583405783,0.029101655335561746,0.014179463829583468,0.03867847978281435,0.04686636824484012,0.06350347984966043,0.05848320436241861,0.09823153067103049
14.5,43,145,0.02120832207990871,0.02906366100014424,0.014167743085196504,0.038668000469439606,0.05617705135069195,0.06483027800269248,0.05947017689395944,0.10438164582034286
14.6,44,146,0.02121433565672367,0.029033150188522216,0.014169697172566805,0.03864909009521016,0.049218010698044656,0.06318068169578415,0.06127985996605704,0.10084360343659084
14.7,44,147,0.0212503028584362,0.029036292281375428,0.01412935832177634,0.03865644070022322,0.04391629016745836,0.07533661856798317,0.062122608562426004,0.10706757274698345
14.8,45,148,0.02124997764563253,0.029049914403739576,0.01409238620549019,0.038653000216919364,0.045320009803089395,0.05598735445762642,0.06799160840535012,0.09905223854745786
14.9,45,149,0.021282262409962505,0.029086713637928606,0.014020819021466036,0.03867240578984024,0.049846030291011194,0.05895913608718392,0.06928075207368965,0.10373345203846024
15.0,45,150,0.021289886287297385,0.029095473325550535,0.014000500997050871,0.03867583036383703,0.06319035114995632,0.05911178229444245,0.06705745187470444,0.10947111553468636
15.1,46,151,0.02123982218014258,0.02902679844402967,0.014096077336936434,0.03863139229232222,0.050940019218084234,0.054002006257308104,0.07150699400798766,0.10307449941576974
15.2,46,152,0.021186511861716793,0.028960503152945773,0.014197423531707332,0.038589452738761736,0.06099180623003729,0.05752543896705345,0.0765460897260097,0.1135274434130221
15.3,46,153,0.021164759252117457,0.028937808584115456,0.014266626306936987,0.03858601334723224,0.06414295740780683,0.06196490256195917,0.06741391909718891,0.11179715838327531
15.4,47,154,0.021197275874390336,0.02891323590195265,0.014265709905390226,0.038585103264365164,0.07082473187418539,0.05578109765973391,0.06614790532308408,0.11181779321649447
15.5,47,155,0.0212530414426928,0.028950978354867214,0.014170961607523866,0.03860915786637573,0.07174137259596264,0.061359449681077774,0.06074071521260033,0.11225524972871279
15.6,47,156,0.021305662639494075,0.028976466127666096,0.014071260414042391,0.03862081329277661,0.0651588228938083,0.06379767635387067,0.06138242180693712,0.10992550848617738
15.7,47,157,0.021389349457823892,0.028941103508975462,0.014028007811570056,0.03862482033236677,0.07508845443600695,0.06670809247519983,0.06257960558579177,0.11834040994749581
15.8,48,158,0.02147145968645051,0.02893226868184087,0.01395877068942351,0.038638672742538765,0.06415807870142695,0.06403314729547745,0.06694070011508266,0.11268345196664963
15.9,48,159,0.021534542146905266,0.02890850298071792,0.013925303126681545,0.03864391436219917,0.06902834905578983,0.0655362672793497,0.06693663360455164,0.11636334569179556
16.0,48,160,0.02158446272499607,0.02889810507057044,0.013906269851795123,0.038657131929146264,0.07937992377706128,0.061854853294803176,0.06579655385656727,0.12023469413764831
16.1,49,161,0.021585121201312136,0.02889599209670973,0.013889735728617163,0.03864997509881824,0.06471238141363866,0.059082393707917576,0.07030012228607105,0.11234112669863236
16.2,49,162,0.021561745107231203,0.028903220132134127,0.013913861496844114,0.03865100940246158,0.06792219152471303,0.06548756459841046,0.0692346408954406,0.11702769210093565
16.3,49,163,0.021495951060408712,0.02892978678374647,0.013953756924283758,0.038648619737922274,0.08379393667936523,0.054642326007582884,0.06926087854180699,0.12167282733678617
16.4,49,164,0.021418710583416465,0.028958537791817836,0.014006925996182225,0.03864650113475764,0.08330180055372616,0.05254795446307001,0.06618208790071958,0.11866147754281599
16.5,50,165,0.021440674814178422,0.028960521369990427,0.014071236129081798,0.038683510966681836,0.06487833960564807,0.049383595537608835,0.0723711935913038,0.1090207692141177
16.6,50,166,0.021477006373590266,0.028942531212168894,0.014046901069325407,0.03868135656088115,0.07886027500338841,0.051973247678245106,0.07291137285430364,0.11931567264753422
16.7,50,167,0.021508868870737753,0.028928711800070357,0.01402446824492016,0.038680583191866375,0.07416657041832733,0.059806196094622024,0.07143386192205323,0.1190808880048518
16.8,50,168,0.021541191469459885,0.028915220545199214,0.013996005733490285,0.03867817324529863,0.0910805229732862,0.047573268719159276,0.07304694406430937,0.12607431776078343
16.9,51,169,0.021492713511931934,0.029018833634275397,0.01394940796973808,0.03871195451415398,0.07860492628555656,0.04404574874305711,0.08021390383231147,0.12063595146851377
17.0,51,170,0.021393352408734904,0.029087472261355933,0.013990679843099468,0.03872332233049721,0.09151001460920216,0.0448065612404925,0.07770413125452719,0.12813915372748172
17.1,51,171,0.02133005823302383,0.02912773572900891,0.014049464837237602,0.038739951408538774,0.09298397946449292,0.04627895045957677,0.07452388963301221,0.12783415748041127
17.2,51,172,0.021305178210016346,0.029146541769080592,0.014074171279017113,0.038749371773596865,0.10163540487820528,0.05109941099227355,0.07423252388784228,0.13583583080790237
17.3,52,173,0.021375615692507694,0.029159842948851846,0.014028961714311934,0.03878176316024216,0.08146994775095756,0.05846651009168588,0.07893899795670009,0.12762072945745476
17.4,52,174,0.021417464039110393,0.029121512155035566,0.013994072072765037,0.03876344011101457,0.09349094173627436,0.05798347090607402,0.07748833686001184,0.13456255584070054
17.5,52,175,0.021444531813764475,0.029093268457808994,0.013932480569799071,0.038735000052891815,0.10213428183638446,0.05316847000554395,0.07215188335351518,0.13588300850519797
17.6,52,176,0.021451226012123802,0.029047429094103704,0.013832193065489301,0.03866830484261199,0.10580787832448872,0.05126261240500037,0.0722400342700481,0.13799197475742142
17.7,52,177,0.021490673057050342,0.02899343440371267,0.01375391617130146,0.03862173581048121,0.11252722913448007,0.056205091899846314,0.06787366898355707,0.14292734025876025
17.8,52,178,0.021489611265125063,0.028886818243216397,0.013670325645413197,0.038511419914026165,0.10759255134646734,0.05956715813096105,0.06229220331806595,0.1378576150499507
17.9,52,179,0.021591394599002157,0.02884319334422714,0.013622762128118403,0.038518797632085884,0.10440109379353697,0.054412034722070464,0.06487674411140279,0.13442190980037125
18.0,53,180,0.0216166484083816,0.02878914625649829,0.013626531448542522,0.038493853923811716,0.09905074797771712,0.053168518261200136,0.07151737967178277,0.133239174435129
18.1,53,181,0.021643814296625558,0.02882595636072722,0.013592545060338147,0.038524638072728025,0.11002503540054273,0.050626332877339524,0.068695081179259,0.13923917614566259
18.2,53,182,0.021657222800784113,0.028852396736700262,0.01358337418230678,0.03854872437670686,0.10657148126795443,0.057441923918335414,0.06798188366372888,0.13884736853665813
18.3,53,183,0.02162673431431226,0.02884643632957697,0.013550934720916352,0.03851571572525592,0.10377884380194072,0.06354889288889007,0.0648093726595666,0.13787227782552158
18.4,53,184,0.02159939312520202,0.028837134342915318,0.013556463194806675,0.03849534770385271,0.10880586521278378,0.06486687446339982,0.06016406480801747,0.14023602390818227
18.5,53,185,0.021586931079390862,0.028815816919647876,0.013562144821773418,0.038474389798147435,0.1247397972254909,0.056618751693725725,0.05647190312579727,0.1481714408982439
18.6,53,186,0.021618333518889928,0.028770679937198028,0.013594208463804266,0.03846955772997678,0.1247577780920437,0.060718815568991606,0.05507457192177014,0.14927989225254376
18.7,54,187,0.02163188621069417,0.02883742166176547,0.013549636069670246,0.03851140125665892,0.10312376151498753,0.0603364230015387,0.06058549272623256,0.1339611736978331
18.8,54,188,0.021595196784638462,0.02887481692009421,0.013512026008941984,0.03850561547622039,0.10565484916981137,0.06454657915056508,0.05404924557527119,0.13509451869114353
18.9,54,189,0.02154738906371278,0.028894404783888876,0.013575450251226154,0.0385158337934121,0.11126340142737401,0.06857404646809227,0.05573584417674701,0.14208599041528225
19.0,54,190,0.02145601283340417,0.028872650207774915,0.013696093935525648,0.03849121205961786,0.12475328177328504,0.06940426241181054,0.05977419479267535,0.15476849588092795
19.1,55,191,0.021500389509119287,0.02910078732176492,0.01385527578853129,0.03874391873528931,0.0953613652719711,0.059722344815651286,0.06772683137024668,0.1313296316307469
19.2,55,192,0.0213913730554208,0.029080162500844775,0.013968798111144076,0.03870883636770323,0.10090878583295262,0.0753848448272695,0.06158069509708157,0.14020570564906382
19.3,55,193,0.021308889236595862,0.02906636026480149,0.014040517681142995,0.03867891151900776,0.12287409532149626,0.07080478382177594,0.06377559297157166,0.15549497410527505
19.4,56,194,0.02126554829520557,0.029247870634532196,0.014028883455845591,0.038787511546472656,0.0784873458258321,0.07229582617367537,0.08589478808403465,0.13698490631058324
19.5,56,195,0.02123921283441247,0.029278758407554333,0.014046064437416456,0.03880260019500575,0.08858627673391285,0.07422488968103107,0.08786590279872565,0.14518016237893427
19.6,56,196,0.02124273077480957,0.029251116582585328,0.014020976428788941,0.038774594931677814,0.10711222222372332,0.07070812428813744,0.08110839066776,0.15182634167615633
19.7,57,197,0.021248285401193587,0.02921517235098124,0.013987342904665577,0.0387383748951968,0.07710793831260061,0.08208671920928083,0.09700001177445902,0.14863669098041818
19.8,57,198,0.021251152557844908,0.02921648983313721,0.013985385450855146,0.0387402345038798,0.0745601006534031,0.0910024016633211,0.09924709655591428,0.15391761397811818
19.9,57,199,0.021234989566452752,0.029226053135207212,0.013991441722110143,0.038740771871666635,0.08823875547250651,0.09015432714763318,0.09345239893021426,0.15699436784990464
20.0,57,200,0.021238729147018933,0.02923323046475401,0.013976998699109688,0.038743023524510416,0.10288520106695913,0.09179062199165032,0.08483338695535889,0.1618875734159985
20.1,57,201,0.021279466258223807,0.029192710078260724,0.013974491830875976,0.038733918313017215,0.11030681616880815,0.095927297139347,0.08004211748531673,0.1666624750845044
20.2,58,202,0.02130863235904764,0.02907411033560835,0.013987068542216367,0.03866522715858319,0.10547634018792316,0.08907671468596695,0.07955658209700227,0.1593397916204258
20.3,58,203,0.021359946536264447,0.02902997576888349,0.01397935599118426,0.0386575892044796,0.11070601241478245,0.08687234892738906,0.07745969510630753,0.16063197240557722
20.4,58,204,0.021387712863400993,0.029010816761715876,0.014029583558616885,0.038676749676483366,0.11213385527579713,0.09737744403146194,0.07574639559769224,0.16671497998427137
20.5,58,205,0.02132592975747428,0.029031216889603847,0.014121435792065585,0.03869136574148524,0.10953572198452446,0.10543642735446107,0.07028492733069912,0.16749592715593187
20.6,58,206,0.02121141607552723,0.02906728074378067,0.014199374196341385,0.0386840174921714,0.10663242803166172,0.11388179692272458,0.0646555129606378,0.1688782808252127
20.7,58,207,0.021068006483932217,0.029062182474573667,0.014268976705144366,0.03862738722207832,0.10485772498250918,0.11285370031318102,0.07489562573960132,0.17129055700128726
20.8,58,208,0.021033284759504185,0.028966977607200257,0.01416571284557149,0.03849873088679186,0.1262841140316274,0.1150003897048678,0.06636749452716938,0.18324140203250575
20.9,58,209,0.020934833175952294,0.028985554081290384,0.014113139148873155,0.03843969669677193,0.12028357512091913,0.12031768996799411,0.06334718856087355,0.18154159650523902
21.0,58,210,0.020972625843734466,0.02895678621894292,0.014129579390662539,0.03844465524189126,0.13256380179884897,0.1118172870649018,0.05620986473253221,0.1823069283575606
21.1,58,211,0.020929413094216726,0.029119513343739276,0.014184846456142555,0.03856418362715488,0.12255911570643827,0.11927195314060537,0.050907823758533345,0.1784324582819751
21.2,58,212,0.02095169669797439,0.029188666040925324,0.014336562654602519,0.03868447813428432,0.12725403656466192,0.11924131362587963,0.050982572393180284,0.1816901301255838
21.3,58,213,0.02081386993770191,0.029273275859930174,0.014407178075119943,0.038700240844772,0.11829858663503547,0.1211106193279459,0.0491933971157363,0.17630180950186572
21.4,59,214,0.02074135501651546,0.029257755193552698,0.01450883688249032,0.038687548314279396,0.09937980093710547,0.12642244441897976,0.057616934399005684,0.1708177110744318
21.5,59,215,0.020703546103382924,0.029255940021421165,0.014518379503230119,0.03866949949497288,0.11687239839559249,0.12632977653637914,0.048526850467626025,0.17881058459380114
21.6,59,216,0.0206732309008129,0.02918228666379361,0.014586516772958025,0.03862324173828418,0.11237119635460183,0.13276472001727604,0.04959826673733826,0.1808694134307355
21.7,59,217,0.020635538814928602,0.029217627583883694,0.014559678644167752,0.038619677187081466,0.1272614705985258,0.135460499367513,0.048206916049867043,0.1920128525459542
21.8,59,218,0.020585424614565202,0.02923940724553993,0.014545707977804355,0.03860414826424799,0.11896991260442065,0.14558769943379624,0.04597433308796538,0.1935542756810401
21.9,59,219,0.020579446686455213,0.029224779548971343,0.01448164785212818,0.03856578133682339,0.12405594873775111,0.1533246212379924,0.04567043672340952,0.20244531776631514
22.0,59,220,0.0205762908217923,0.029157209008866036,0.014329503416824914,0.038455965068406095,0.13695625933775193,0.14875860179006253,0.04293539723276205,0.20671136135650364
22.1,59,221,0.020532484559783716,0.029163328350466325,0.014361772212263793,0.038449228129467335,0.13924976065067846,0.1484085005507164,0.039102320264408665,0.2072307176242065
22.2,59,222,0.020515800761407067,0.02916941742769977,0.014379815980540658,0.038451685289299854,0.14560826488892276,0.1463067098474614,0.03627779129074529,0.2095793365083658
22.3,59,223,0.020474223624476828,0.02921998281137598,0.014414815055275065,0.03848100988279774,0.13816215941081633,0.15487882073889284,0.03198547403419273,0.20999833798323725
22.4,59,224,0.02043392506644492,0.02919557742474386,0.014449897722717464,0.038454214060129936,0.14602466001390718,0.14957691823496194,0.03200707029963011,0.2114731858889234
22.5,59,225,0.02032794593083901,0.029261975013929905,0.014452370068478037,0.03844944171349192,0.1346958482019332,0.16051399224090934,0.027398766807390774,0.2113253549636643
22.6,59,226,0.020263520332412247,0.029205625255619688,0.014441870704448781,0.038368560466582415,0.13712517169591584,0.16114343483905982,0.027331106389394504,0.213348327110463
22.7,60,227,0.0203017737536153,0.02910487378289078,0.014398442089817332,0.038295833064118205,0.10561677579343572,0.15090899464410296,0.05960333767774799,0.19360006677638936
22.8,60,228,0.020304501591596268,0.02905489880711448,0.014410683666110341,0.03826392208464126,0.10469491250261925,0.16110282368995965,0.057930297851520894,0.20067651560154032
22.9,60,229,0.020282643216419614,0.029040376025345677,0.014440574333989348,0.038252571712677264,0.1039945552391149,0.17067114805661932,0.054274262226634326,0.20709708795294843
23.0,60,230,0.020256661538831214,0.028988205611197703,0.01448194427336291,0.03821485458813924,0.10073453815530381,0.1831193506559559,0.0500469855484405,0.2149065948837008
23.1,60,231,0.020154767716916586,0.028981385318060313,0.014512968666063894,0.03816754663557637,0.1120052716502468,0.17824440603228175,0.04889858598089138,0.21611876565947977
23.2,61,232,0.020304907335963768,0.02852576296799642,0.01457576709803888,0.037927053686315576,0.07548630601477248,0.13941989672890653,0.0677056803514588,0.17239532810232636
23.3,61,233,0.02031909256009336,0.028516106806297962,0.014577921041642367,0.037928217091635005,0.08100366924131416,0.14502556838914896,0.06865080699226224,0.179741323066903
23.4,61,234,0.02033891022973957,0.02849894780389425,0.014571390842332714,0.037923432417734965,0.07564620212248746,0.16016926573032644,0.06262244226498302,0.18787791742346754
23.5,61,235,0.020384619145449777,0.028454658328280202,0.014573815367176992,0.03791564812370702,0.08531978716820116,0.15690407450342775,0.06765929755398079,0.1909872645589293
23.6,62,236,0.020829089721988762,0.028284934159768627,0.014778653274836424,0.03810901562211936,0.049938406374046056,0.12267474185104288,0.0895857164067205,0.15990164884548477
23.7,62,237,0.0208955207425923,0.02822337646117492,0.014771158147415768,0.03809683555086006,0.05330259537276018,0.13132466014494468,0.08753740317305543,0.16658370265406958
23.8,62,238,0.020921739074317772,0.028179309959818873,0.01478465884469194,0.03808383926102133,0.05525110910178839,0.12842313066554326,0.08522575866329003,0.16373336705342095
23.9,62,239,0.020943265866062256,0.028155959087516884,0.014795338208154913,0.03808254783976752,0.05665589137733857,0.12482115194261713,0.0914079883885366,0.16475931033262292
24.0,63,240,0.021007881426041843,0.028091402287999733,0.014828789984741226,0.03808347380332356,0.04391184611096877,0.10436930803755988,0.09848341588482466,0.1500672712267928
24.1,63,241,0.02104290380335746,0.028072781016332947,0.014826915229324117,0.03808834795164924,0.04628441844984814,0.11039715281221979,0.09974521689896816,0.15581683809687402
24.2,63,242,0.021008158837376292,0.028090951945377862,0.014845454308577574,0.038089786459916314,0.046416616506227026,0.10844755021327389,0.10279921564658052,0.15647061121085606
24.3,63,243,0.020978672420194626,0.028086011725975826,0.014868534100992,0.038078892545580265,0.049634636412795655,0.11054658930101852,0.10262752322111676,0.15879721049319268
24.4,63,244,0.020940090303300518,0.028088682428660507,0.014915064190110459,0.03807782297195623,0.0472086878490669,0.12393861783571768,0.09648930607131762,0.16401105872953545
24.5,63,245,0.020849803459692402,0.02812687330483424,0.015017528052271896,0.03809673811515589,0.0483545330205337,0.11897321154212803,0.1009845859629335,0.1633728022970376
24.6,63,246,0.0208158496706912,0.028098367707638534,0.015065995561257314,0.03807626672348937,0.05014330883873957,0.12364157285803153,0.09711541769319464,0.16502422341531803
24.7,64,247,0.020814060603217457,0.02808676548518614,0.015087849503879336,0.0380753820317796,0.036381918173091665,0.10954896653132326,0.10218996795664699,0.15416682389222092
24.8,64,248,0.020821456129892835,0.0280895544524067,0.015081682643926978,0.038079039589725756,0.03920363325918287,0.12058556870132285,0.09477645311589267,0.15830470714723224
24.9,64,249,0.020870938302715514,0.028069991363898185,0.015070095706426326,0.03808711416484485,0.044598897542311305,0.13116839308064326,0.08641494241329008,0.163284265248186
25.0,64,250,0.020970218028751184,0.028039022278802218,0.015062151088098356,0.038115681942282376,0.051536424430409525,0.13794473051189043,0.07900421930999764,0.16711199354879228
25.1,64,251,0.02104572888989482,0.028033851507317766,0.015063905367864599,0.038154171197567324,0.053402620628916146,0.13318296519495515,0.08773657563865148,0.16818813517294667
25.2,64,252,0.020994578904174038,0.028071240683127767,0.01499017559135457,0.0381244312890477,0.04965587400786902,0.12447539596869257,0.09259537780630694,0.1628917862144709
25.3,65,253,0.020952488668152355,0.028002623052156346,0.01493540528070204,0.03802919944054875,0.03591058906098329,0.11450057286581866,0.10218567175751497,0.15761301693020807
25.4,65,254,0.020925722651914145,0.028051991410622684,0.014913995273939032,0.03804244137325518,0.032027050468352386,0.11868726642014832,0.10212282388093191,0.15981699011496087
25.5,65,255,0.020898014366008574,0.028092620653448457,0.014886447513272637,0.038046401396004334,0.033534467244059264,0.12289068478631808,0.10396048284163058,0.1644216010542959
25.6,65,256,0.020902931046212814,0.028118836706190274,0.014846293791355129,0.03805277839227184,0.03526362059958946,0.13149218780313318,0.09648893756180586,0.16686471605121408
25.7,65,257,0.020949801998598097,0.028120582047587342,0.014785102811750956,0.03805601928249462,0.031635950988001545,0.13391060315800477,0.09971888666689264,0.1699315726730629
25.8,66,258,0.02104358789623782,0.028001168789899566,0.014568951040481117,0.03793616189820826,0.02051404221164853,0.1030927133304353,0.11276480941165744,0.15415847596334117
25.9,66,259,0.02111291619666313,0.02800718926101822,0.014494931687710592,0.037950769758480676,0.02394657943403338,0.10395290973786481,0.11670296013831241,0.15811143859507343
26.0,66,260,0.02118508460222187,0.028030931472764954,0.014405408474967999,0.037974421946421026,0.02066304886338954,0.11492913142128715,0.10857913812445906,0.15945248845167853
26.1,66,261,0.021241948624998907,0.028025358847799768,0.01432716762934923,0.03797247492874956,0.018890875165065067,0.12522171808227195,0.10503612888986709,0.16452942659642025
26.2,67,262,0.021330696166791802,0.028037149055092067,0.014171142272194901,0.03797237942763432,0.007806623916034925,0.09802768050521658,0.11102120999210295,0.14831075008343073
26.3,67,263,0.021343669373914527,0.028030416105086914,0.014134651477721303,0.03796109616125359,0.01190629447136976,0.09777622050814272,0.11075676146328815,0.14821946348145926
26.4,67,264,0.021310647069453546,0.028047817848949594,0.014139624523533404,0.037957248929198904,0.014351355027006404,0.09591345912127348,0.11180101918109203,0.14800277335796883
26.5,68,265,0.021182327356386674,0.02808567058538241,0.01414472105319638,0.03791528739356302,0.013604195878044727,0.06760510503849076,0.11614311402659445,0.13507311837870667
26.6,68,266,0.02104635348699808,0.02811230388208928,0.014230457731574638,0.037891378332131714,0.020456238406163917,0.061610678268414404,0.11899972671829472,0.135555406846989
26.7,68,267,0.020945961672268868,0.028151084982611416,0.014324061641872719,0.03789981052715878,0.010145548923964525,0.0668975867833279,0.12114752839360278,0.13876218114558533
26.8,68,268,0.02088293499704444,0.028108792279947992,0.014414571222473022,0.037867942128610506,0.027851612232585806,0.08158797297734652,0.11324357617282721,0.1423250406039551
26.9,69,269,0.020769066776348006,0.028117244077644193,0.014402825610520732,0.0378070751956468,0.03199179542697445,0.060594465222697964,0.114616364126235,0.1335367931162937
27.0,69,270,0.02071273985922473,0.028102682838438538,0.014467228000220387,0.03778993333156524,0.03389737382302471,0.06876886383914783,0.11324400548391898,0.13675669403677104
27.1,69,271,0.020628790865750233,0.028087774542865988,0.01453712295131805,0.037759740929400834,0.03437982623550675,0.06838241408001548,0.12105315975343679,0.14322009109648487
27.2,69,272,0.020533420634650974,0.02808189277792465,0.014621701479903637,0.037736033431162094,0.03738904645490674,0.0696712269889145,0.12116040791870047,0.14467848876724526
27.3,69,273,0.020482516798976013,0.028036744700568453,0.014673772212601847,0.03769498824475893,0.04167926086306675,0.07540626959684173,0.12237058993823059,0.14965903769045732
27.4,70,274,0.020488052499222087,0.028017704371264135,0.01459108117071815,0.03765171580654618,0.03800743485124295,0.08535244492202465,0.11297672328354949,0.14660608773862852
27.5,70,275,0.02058186239309709,0.027984644539309433,0.01448367718072487,0.037636820990026985,0.04198811720720189,0.08684229525324151,0.11150875373002012,0.1474407962196324
27.6,70,276,0.020688197535288843,0.027990567655343787,0.014404980344729104,0.037669309174174416,0.04264777728808698,0.09358538535326184,0.11360543537620357,0.15324246215181206
27.7,70,277,0.020708961898162938,0.02803873641897727,0.014389845798276854,0.03771073461191962,0.03963774708232474,0.10211118102237898,0.10603498400140376,0.15245085147589482
27.8,70,278,0.020654468567473234,0.02810764963593397,0.01441855932137906,0.03774310391005602,0.04114810116709226,0.10174614947039232,0.10453153992522927,0.15156611758849164
27.9,70,279,0.020610264182945443,0.028158084010052202,0.014504378868778239,0.03778938595924816,0.046350071728238226,0.09825718136082313,0.10713119506441289,0.15257750749738902
28.0,70,280,0.02059846473358064,0.02814757109723879,0.014552086643262092,0.037793461520846235,0.051807154102199694,0.10012632942918794,0.10699521498564353,0.15542599232739487
28.1,71,281,0.02051684924330435,0.02813357876923065,0.014497972050270303,0.037717774998101396,0.03992581710583892,0.09938132349974681,0.09488909648864813,0.14308968853331885
28.2,71,282,0.020505890844862384,0.028113629041053422,0.01454595231589568,0.037715413639196435,0.04266478605269658,0.11052353824199154,0.09534233644504095,0.15207201449724642
28.3,72,283,0.020546763824232303,0.02815477140553314,0.014400923226173059,0.037712693437524966,0.030627619205499813,0.08963753809686684,0.09347645508693808,0.13308188062198664
28.4,72,284,0.02054433587560433,0.02812997033416474,0.01441706805798875,0.03769902941667479,0.03098561369150044,0.10030807232078032,0.09148558130926471,0.1392531120515584
28.5,73,285,0.020476133783471247,0.028089140222915827,0.014345336482244377,0.037603996223407585,0.02023254156555672,0.08240908093174158,0.0899641003400011,0.12366952619057818
28.6,73,286,0.020484868060417133,0.028087922660153107,0.014334175998150945,0.037603587865540265,0.02249399222368867,0.08780537951766595,0.08970274478348308,0.1275239067002396
28.7,73,287,0.020500646158396228,0.02809601348806157,0.014325469209545333,0.037614911071365505,0.026119009694940947,0.09005780841255395,0.09018686580068215,0.13010104644647155
28.8,74,288,0.02054754249176451,0.028090671904455695,0.014300306794099766,0.03762693350380842,0.020157414027434,0.08719350499531366,0.08666121525157439,0.12457606063173168
28.9,74,289,0.020578844652974174,0.028062683502937658,0.01428224999387691,0.037616295903835216,0.021659124767914973,0.09578158915072994,0.08449085909011804,0.12954511096810067
29.0,74,290,0.02060798732825387,0.02803202599579642,0.014285180662583982,0.03761050398111067,0.0191485726879318,0.10420609983378566,0.08191051714023946,0.13392128993082233
29.1,75,291,0.020635178353385228,0.028006346711975324,0.014298033092936617,0.03761116579094698,0.013013075762703403,0.09446010139042196,0.08135441511067816,0.1253418994330914
29.2,75,292,0.020586086767041305,0.027993589496038265,0.014350004107004032,0.03759455597721417,0.014587808547532527,0.10196211698003176,0.07791964178607091,0.12915319598577013
29.3,75,293,0.020503644519857422,0.027996332789932583,0.014401755566638514,0.03757132752089733,0.01860164661218001,0.10514303632258191,0.07875078316795885,0.13267541291958762
29.4,75,294,0.020464669291543912,0.028009191199015848,0.014425849458662623,0.03756890487410145,0.020065872139975346,0.11069528091177612,0.0774888739583266,0.13660384338738163
29.5,75,295,0.020459955158524692,0.02803238256475922,0.014395037014437524,0.03757181560682001,0.021490089846742954,0.11547253029786937,0.0746565155201165,0.13917372066815933
29.6,75,296,0.020483124476385586,0.028062105693948153,0.014316201731872714,0.03757650590889338,0.025281384132572943,0.11798743820627021,0.07579646217703653,0.1424966232466302
29.7,75,297,0.020548421513857763,0.028088522343432034,0.014246584957618985,0.03760542377242023,0.026515551826344373,0.11975957977748693,0.07654228694661122,0.14458268612857206
29.8,75,298,0.02061716874764295,0.028093076688526935,0.014206188550014157,0.037631162593185906,0.02767252725193909,0.12399589755789221,0.07132138767548368,0.14569657413835524
29.9,76,299,0.020648526212710405,0.028095333641788404,0.014148073604400166,0.03762814629922554,0.02479070269290107,0.10599814460168766,0.07438850772673597,0.13184777465250885
30.0,76,300,0.020657311899461114,0.028093669286196506,0.014143961678074185,0.037630179920173513,0.02856324286908306,0.10919729271923627,0.07690255912898795,0.13657932193782588
30.1,76,301,0.020636875672612274,0.028096241037104928,0.014156513770970082,0.037625606707262824,0.029052681239757717,0.11303335880195797,0.07687291553067745,0.13974993249178266
30.2,76,302,0.0206071198450558,0.028089962676534547,0.014182955080868786,0.0376145664112128,0.026516193692148107,0.11682626416401619,0.07912504510001445,0.14356969488203047
30.3,77,303,0.020570121827107962,0.02806714753865376,0.014207239382460438,0.037586438163374244,0.020579571809002394,0.09779053806581696,0.08672089139321809,0.13231410021263118
30.4,77,304,0.0205784585207251,0.02806167965108021,0.014214827466586678,0.037589787706688096,0.015579050561540644,0.10949298380996496,0.08796689496864545,0.14131381719574695
30.5,77,305,0.020582208309738247,0.02804392464473547,0.014202821208911432,0.03757404873948726,0.011996868501418822,0.11698153498453434,0.08973551194635264,0.1479225016197744
30.6,77,306,0.020577562180656043,0.028016480586304016,0.014206811817726903,0.037552533227011735,0.007060364366706552,0.12869025913594642,0.08941168830444972,0.15686134497357776
30.7,78,307,0.020580536268909003,0.02798832661187856,0.014186695330583499,0.037525554280408276,-0.0029420290782402963,0.10411518008419608,0.09239136358109672,0.13922927250918246
30.8,78,308,0.020544619479181826,0.02796241223912776,0.014230209282647996,0.03750302313151915,-0.004524218795650448,0.11466642493402465,0.09462986399989637,0.14874027270211693
30.9,78,309,0.020521899326463273,0.027951050009282084,0.014243433499626505,0.037487130410917884,-0.007887168245560757,0.12210637106800484,0.09374503283559764,0.15414377853056008
31.0,78,310,0.020559019633508133,0.02795090845387754,0.014172291792963938,0.03748040056286657,0.0044968206629753555,0.12366605783694942,0.08621379751029891,0.15081887858671242
31.1,78,311,0.020561277613078684,0.027972850130478736,0.014102880067461352,0.0374718255186682,0.00143065696803592,0.12966536648968988,0.08875933780823647,0.1571412552273349
31.2,78,312,0.020589178270619075,0.02798364055587241,0.014074996537214925,0.03748471592719107,0.00859874671486683,0.13131698996704597,0.08379447541209425,0.15601155216412582
31.3,78,313,0.02056236940339861,0.028023231791562454,0.014123888735539157,0.03751795288311117,0.0016197688131975002,0.14282938544528426,0.08250054040302729,0.16495210263733326
31.4,79,314,0.020474223722210475,0.028047101508261542,0.014159874278328839,0.03750114371082476,0.0058877129986574794,0.12759412262043707,0.07176137248683573,0.14650808807990115
31.5,79,315,0.020464191161338276,0.02804001653713102,0.014174668144266628,0.03749595797269972,0.0025791252454736946,0.13814834169366197,0.07220353351954985,0.15590050177099937
31.6,79,316,0.020472380856372246,0.02807145329269003,0.014142222712692198,0.03751169592470356,0.007906898835133994,0.13919204852451156,0.06708556377162693,0.15471722039965702
31.7,80,317,0.020525896777920067,0.028091124983416597,0.014079425103458503,0.03753203901489578,0.018592520852746423,0.10594890760927764,0.0724420174871539,0.1296869259134018
31.8,80,318,0.02055322313899865,0.02810590495363536,0.014033111513632637,0.0375407124788316,0.010791237092065838,0.1175922411428596,0.07480318194285782,0.13978519951609295
31.9,80,319,0.02058279618001332,0.028101570431929603,0.014006074633953284,0.037543573164798,0.00934972131550505,0.1236080797482852,0.07333317512386214,0.144028223767021
32.0,80,320,0.020596165451654713,0.02808146978924502,0.014002237202675596,0.03753443250558357,0.018044987976450797,0.1240125326539771,0.06959926410552889,0.1433484824138545
32.1,80,321,0.020624103702245815,0.028037938841847267,0.013979750572245176,0.03750884021243987,0.023228803243952264,0.12360694875149224,0.06812797452403703,0.1430373237744195
32.2,81,322,0.02074551050062262,0.027978573263836893,0.013883908754936548,0.03749586230674974,0.025619190814406802,0.08286742293048775,0.07818426774639164,0.11677385171417773
32.3,81,323,0.020769952826186544,0.027965700773148278,0.013863972394726594,0.03749241377528288,0.02580737202167356,0.08738871567941328,0.07782660235514251,0.11983233333665778
32.4,81,324,0.020777417700153403,0.02795843831151651,0.013865261975555156,0.037491610378273935,0.017199557245315213,0.1015539584654669,0.07717711102376955,0.12870640122160165
32.5,81,325,0.020732153191099726,0.027953904724146474,0.013926490655503006,0.037485865432769425,0.029506598600258695,0.09465346918241303,0.07493766349664542,0.12428021564013826
32.6,81,326,0.020700471598155166,0.027976623042420014,0.013963053128324947,0.037498904169430344,0.026891105085196532,0.10583355918984373,0.07378699421170398,0.1317892040278386
32.7,82,327,0.020633186841506942,0.027974437259605477,0.013985096748404657,0.037468392950463954,0.02154962696624477,0.08325858671041989,0.08044031458903943,0.11775832409891217
32.8,82,328,0.02059998135422116,0.027974584164594054,0.014028755312998303,0.03746655263842931,0.02864286134745225,0.09127288972339077,0.07658214932058349,0.12253970580668037
32.9,82,329,0.020592702431593918,0.027972707411753794,0.01404031163205851,0.03746547883192042,0.028425637329681747,0.09826183994729494,0.07579534449291266,0.12731198016771914
33.0,83,330,0.02056140955153665,0.028029875843709078,0.013982519456358413,0.03746940555849812,0.008622420010761089,0.08747991478881825,0.07816112045938614,0.11762755786705573
33.1,83,331,0.02057600326267615,0.02801402150848206,0.013856705851605068,0.037418786837646954,0.020493096335138968,0.02848293799693295,0.1021945649570013,0.10805079296834971
33.2,83,332,0.020710192318229976,0.027959147580534062,0.01380005496725447,0.03743083643718639,0.11705870508334772,0.07606531618366799,0.09677582731452468,0.16986533935539133
33.3,83,333,0.02078455901653943,0.02804485951393884,0.0137076546563158,0.037502157735860915,0.03194452609117171,0.07726161481605634,0.08446083197291838,0.11884208854076807
33.4,83,334,0.020831976876115255,0.028095643441052115,0.013666654553735669,0.03755148316145288,0.020988809200872698,0.09669129804973356,0.0748291991193141,0.12405299783177755
33.5,84,335,0.02081357577041434,0.028083637929766304,0.013649999010351641,0.037526232540765245,0.015828919571864174,0.08063493132799114,0.07735280303418264,0.11285390105055051
33.6,84,336,0.020800776906538098,0.028074560636470784,0.013668027183739164,0.0375189051271739,0.022410541525526004,0.07892784715177455,0.07809585910013526,0.11327312406775665
33.7,84,337,0.020788762204724275,0.028073241890735044,0.01367769882871513,0.03751478361272165,0.022962252673809445,0.08575036907550516,0.0764257862327702,0.1171379171990791
33.8,84,338,0.020790680692691813,0.028073474162686327,0.013677576718482081,0.03751597606511722,0.01779903438830155,0.09710056846508865,0.07446215508204533,0.12365249112275044
33.9,84,339,0.020804529880089098,0.028077364157747475,0.013665650414612101,0.037522217989248326,0.026004558542362773,0.09471757480608362,0.0742561362505202,0.12313257007382344
34.0,85,340,0.020884204828991577,0.0280330485682755,0.013623856000108701,0.03751814595208919,0.03173423701963043,0.06948921027649413,0.08170956090916413,0.11185823388574175
34.1,85,341,0.020912222094940845,0.028006938627021298,0.013624364045901522,0.037514436419345605,0.040153636723749185,0.06597034372500477,0.0824899536251079,0.11299997009915776
34.2,85,342,0.02092616481409393,0.027990209755345975,0.013628118326136768,0.03751108936149512,0.048191079393159496,0.06374194394779102,0.0819552082789073,0.1144642813953777
34.3,85,343,0.02092133501648963,0.027993066285361013,0.013643660502498003,0.03751617638880906,0.03915556476825494,0.07542808753867691,0.07791387239887178,0.11529582019418999
34.4,85,344,0.020905379404554558,0.02801441595029607,0.013635857396507928,0.03752038107512338,0.04264810748628364,0.07608475208958418,0.07853395271079672,0.11736836158469939
34.5,85,345,0.02095223145334178,0.028015619943302775,0.013637273343905559,0.037547918556670834,0.03623012312308709,0.08848550278374637,0.07340682285889912,0.12054404865709559
34.6,86,346,0.02090547419150189,0.0280177963456876,0.013572528068031104,0.037499990418631696,0.023157384553097213,0.06704478535164433,0.07485644697519866,0.10312495021060043
34.7,86,347,0.021022644556583595,0.02791557380658576,0.013533285237890377,0.037475067103789055,0.04301100193342575,0.06289014412644628,0.09387491464994173,0.12090333376750281
34.8,86,348,0.021103118519544512,0.02789164946776856,0.013509566633195063,0.03749392099927072,0.02176995676258328,0.043869664950503234,0.09006291193085027,0.10251734792598884
34.9,86,349,0.02117718912245368,0.027834086241739952,0.013477561024962635,0.03748138667688777,0.0369761324455508,0.06060357874891621,0.08206090555239128,0.10850815797849249
35.0,87,350,0.02110860835611292,0.027904350577761285,0.013447943099156399,0.037484307403185604,0.011432607511475523,0.06427367635577243,0.07660018329792061,0.10064491079072534
35.1,87,351,0.021053258057589497,0.027948075819768457,0.013458920049779622,0.03748969386075783,0.013067281844139644,0.06546132794742014,0.07482709207986388,0.10027478756179091
35.2,87,352,0.02098241647763016,0.027981365490177,0.013482161263298644,0.03748316006242249,0.018331426227088533,0.09081402135703856,0.07173983306975823,0.11717436285908545
35.3,87,353,0.020850223505124818,0.028056300264203467,0.013547069899497527,0.037488810431789844,0.011294557996333155,0.07979765379427914,0.05444339398635451,0.09725901367049528
35.4,87,354,0.020776789716453498,0.028085050760466662,0.013595605561240216,0.03748713856400009,0.017532573577725658,0.08477167871880534,0.059978076318525794,0.10531380862894298
35.5,87,355,0.020749407049281725,0.02805197889634165,0.01360651184551973,0.037451149214674954,0.02221983312047357,0.0853272275484458,0.06857631690035902,0.11170124432889907
35.6,88,356,0.020716298825112268,0.028052576373620904,0.013579051384850507,0.03742329107282779,0.007700645357053537,0.07428666471219297,0.07055581110552925,0.10274206039269414
35.7,88,357,0.020738435386036834,0.028025458462553082,0.013576042729591908,0.03741414118341912,0.011525251181125896,0.07386780344920778,0.07156306787004309,0.10349181844074067
35.8,88,358,0.020770244248563028,0.027987243210545173,0.013565188577647047,0.037399240230495304,0.0073256488481674075,0.07811988089598705,0.06922780985872945,0.10463685096602562
35.9,89,359,0.02078663555869143,0.0280980565030582,0.013547909695727327,0.03748507508625918,0.009625649159952456,0.07559718678452489,0.06977688951053454,0.10332667652281372
36.0,89,360,0.020814770213881742,0.028071700569708466,0.013538571419266352,0.0374775659295884,0.015582302475174503,0.0673374001985549,0.07519034291307627,0.10213090268529977
36.1,90,361,0.020775699430556356,0.028091087871664866,0.013524520574955063,0.037465338133063734,0.013140091856940626,0.049155756451143985,0.08224015996978577,0.09670777796097363
36.2,90,362,0.020755239257833357,0.028105439781972236,0.013521175363771998,0.03746355409202188,0.01390181412463927,0.047803096090255764,0.08288076094424365,0.09668307487077099
36.3,90,363,0.02071800526255726,0.028132548403020093,0.01352570418660859,0.03746492620373434,0.02645218322762066,0.06029220823742633,0.08230575399255832,0.10539974151740755
36.4,90,364,0.020646090184038055,0.028189817268445282,0.013544067405156868,0.037474906262607265,0.022658527491971545,0.0530813241465712,0.08005679719237152,0.09869207981372313
36.5,91,365,0.02059978362960792,0.028210699738086983,0.013533754213129115,0.03746140905519377,0.017514871561361577,0.041741125914593655,0.08451753035738653,0.09587651045037418
36.6,91,366,0.020583315246589472,0.028239037384535856,0.013523569177542504,0.037470028319251024,0.026970886437740683,0.044147534670492795,0.08599324168509773,0.10035572304672762
36.7,91,367,0.020626698584332845,0.02824335764703075,0.01347184482770036,0.037478507824200334,0.03320265240634897,0.04803908818940225,0.08232398034088904,0.10093268974942203
36.8,92,368,0.020701702984961216,0.028273473064895166,0.013393528168557,0.03751448230258329,0.02041160844352972,0.03826724608507139,0.07960411611010097,0.0906522541576205
36.9,92,369,0.02079427566040904,0.028268963217137018,0.013318853903165602,0.037535690361398644,0.025101750265341213,0.04140574478623299,0.07391152437084193,0.08835975895455905
37.0,92,370,0.02089335947783221,0.028257965646017458,0.013227226202632803,0.03755002803909792,0.035597924156037755,0.04701237302397423,0.08030810018761145,0.09963315902503421
37.1,92,371,0.02095140999470615,0.02825799278098234,0.013181548013076779,0.03756632727320268,0.03550600203014534,0.043264958286882975,0.08948591934977955,0.10554744221252195
37.2,92,372,0.02093272228860628,0.028256649384759136,0.013186782543725493,0.03755673482507001,0.047606022331118505,0.044837624931166165,0.08859828616924874,0.11011994498630563
37.3,92,373,0.020879315551482668,0.02824657186824369,0.013225973539839108,0.037533198854917314,0.052564598641068355,0.03480663315247059,0.09232017615915757,0.11179245800931813
37.4,93,374,0.02077075247421954,0.028294431238473576,0.013284778101226634,0.037529779198029356,0.051471535679950754,0.027290505846904508,0.0967679420309291,0.11295187160704168
37.5,93,375,0.020738550667988402,0.028290197985675173,0.01332698444631253,0.03752374315429736,0.053482228800350466,0.03260232448353093,0.09038976891731917,0.10997077195377342
37.6,93,376,0.020790613317993888,0.028269917807211043,0.013339015382458986,0.03754153947746802,0.05493108440706766,0.039935645202294506,0.08623304874877726,0.10976528817603921
37.7,93,377,0.020854464965431013,0.02825107130961734,0.013315818802118944,0.03755453061224888,0.03805899429990719,0.02683801967022332,0.09179980663225025,0.10293673224198541
37.8,93,378,0.020985975801629704,0.028194405272012914,0.013224131418327819,0.0375528070955861,0.06259687368839119,0.04018653477168176,0.08893562354776177,0.11594339700192152
37.9,93,379,0.0210194282016283,0.028157580606867058,0.013232517772149278,0.03754684053480225,0.06656570331655018,0.027471434386937242,0.09731593823579504,0.12106223358263242
38.0,93,380,0.02102187640003875,0.028107495707473094,0.013204973056432456,0.037500958864344146,0.06975858824042942,0.023137334282547654,0.09381807556274259,0.11917813630568574
38.1,93,381,0.020965590426833564,0.028085478684576247,0.013220210215101166,0.037458297518960834,0.07097339356911107,0.034169950056817285,0.0849889007190826,0.11587890803351318
38.2,93,382,0.020905433874202465,0.028149287370881584,0.013244715312571672,0.03748122234757287,0.06791840895267204,0.03742511825865812,0.0818973446603019,0.11278619070500265
38.3,93,383,0.020820799075724115,0.02825722030198146,0.013315312457042046,0.03754029460692932,0.07316593867015839,0.026074759052573886,0.08999824014354973,0.11888158339318672
38.4,93,384,0.020804076070132023,0.028305718124192213,0.013311018011007042,0.037566028005997884,0.06855828874170944,0.038535568447237795,0.0811431903109648,0.11300197487028624
38.5,93,385,0.02078507523532307,0.028371297659991135,0.01339751284219059,0.03763566438641041,0.06141975214160691,0.04804045216101111,0.0756811920097621,0.10866422512027268
38.6,93,386,0.020824436294651964,0.0283801664578277,0.013549195687263116,0.03771832046811968,0.07048822154600458,0.03379500435583494,0.08690588118671078,0.11689022149422174
38.7,93,387,0.02084968313968132,0.028387066005855673,0.013499388167957253,0.03771960079792869,0.06946058337440175,0.029928246953540936,0.08670390376235103,0.1150566796672639
38.8,93,388,0.02090311588615773,0.02836270469669485,0.013396898229462528,0.03769429868869604,0.06565409035682387,0.029360605345609483,0.08690276949609085,0.11280335133733095
38.9,93,389,0.02100788937446078,0.028340366504504347,0.013303406507634383,0.037702631397378394,0.060784238314012,0.03201944336651104,0.08106092154711092,0.10625837088428697
39.0,93,390,0.02102849510769084,0.028342316093841684,0.013283860119227473,0.037708691673467236,0.06365381109788956,0.023335105502605008,0.08548020733106136,0.10910179036782464
39.1,94,391,0.020929471331697824,0.028284227704201623,0.01330750719389102,0.03761821440157612,0.05626349137114745,0.013654689586481777,0.0834481291731691,0.10156584697365681
39.2,94,392,0.020842730494719963,0.028392348531154223,0.013361161582862399,0.03767048590652134,0.05720574613352705,0.013404963325923646,0.05682943737530711,0.08174212735705412
39.3,94,393,0.020676692651057666,0.02833145418264642,0.013443766779653407,0.037562371867540634,0.04940865054450279,0.0056483102933668206,0.05599682490401864,0.07489167214804508
39.4,94,394,0.020697369647520517,0.028358336070455077,0.013443052974325631,0.0375937761907673,0.04052433682763026,0.04647941074249341,0.06023011679866121,0.0861987498045593
39.5,94,395,0.020810082059287298,0.02828969119769796,0.013337395257382116,0.03756663753421405,0.05273767817525018,0.05933950743953791,0.056399242536777125,0.0973823105148232
39.6,94,396,0.020857012193150885,0.02821934705778037,0.01329050351255012,0.037523112738814854,0.05193178986484317,0.06229829631310461,0.053782714992522185,0.09731684825377608
39.7,94,397,0.02084553097356326,0.028220547848519836,0.013279008625674838,0.03751356491352334,0.0572172163837052,0.062229515847139164,0.05361070436356866,0.10010209845765995
39.8,94,398,0.02081226849536408,0.028297109824859595,0.01335983696983135,0.037581407480611506,0.057427879639223946,0.060199432196636656,0.05087955150773992,0.09752262177712107
39.9,95,399,0.020608199368223556,0.028533351789891918,0.013358785970838154,0.037647140770327304,0.045254810479209644,0.05958616676807746,0.04549504275575982,0.08756887607461189
40.0,95,400,0.020592917083313275,0.028535593453149512,0.013357787979481653,0.03764012257456702,0.04786008031757272,0.06366432722142477,0.04400254705486104,0.0909942745225018
40.1,95,401,0.02058508925385973,0.02854058552763314,0.01335789589828942,0.03763966398201571,0.04870486078875693,0.06488650045127804,0.04359060817945627,0.09210082804579327
40.2,95,402,0.02056262829722995,0.028549364246339408,0.013369657148351902,0.03763822011765011,0.05113110117287867,0.06551950486232028,0.042981254425053135,0.09356592999861603
40.3,95,403,0.020526825426337728,0.02856274917586159,0.01339278110278182,0.03763705339467421,0.054724089781909235,0.0651256618981147,0.044070717799066586,0.09580347596747717
40.4,95,404,0.02050662214708836,0.02857359131669466,0.013417131671528993,0.03764294216593716,0.0532468748198062,0.06854543218170996,0.04081412766089412,0.09591401861966412
40.5,95,405,0.020532791235081633,0.028560642480760273,0.013416188476071313,0.037647044081079224,0.04985459619367011,0.06816571324973744,0.03933642294927973,0.09316329424684358
40.6,95,406,0.020565947934437796,0.02848541194123261,0.013378115276311917,0.03759455913094359,0.063500424397491,0.0391728743868204,0.04614119243294921,0.08772586634238233
40.7,95,407,0.02071715680381973,0.02846164355579894,0.013314272572158723,0.03763689139736628,0.05506242228799794,0.06312652184009894,0.04036963860592083,0.09298675082517377
40.8,96,408,0.020708640019738725,0.027952106851380654,0.013375653208510953,0.037270311880268386,0.023968806379618884,0.08112124236421883,0.0425523630799713,0.09468824238345379
40.9,96,409,0.02066923282700875,0.02798571818957214,0.013381168071080547,0.0372756390581,0.02389776268949167,0.0838167583758536,0.04313282369586808,0.09724604118512138
41.0,96,410,0.020581399343809505,0.028040722509308964,0.013399829352661227,0.0372750794026501,0.025518703900414656,0.0834106837637861,0.04041833461433578,0.09613630005203956
41.1,96,411,0.02052208878767094,0.028065869070933953,0.013413272765222986,0.03726613772837385,0.027503971745201018,0.08953575533963326,0.038767505642832316,0.10137080171216226
41.2,96,412,0.020531298275817393,0.028037683490061232,0.013414248066114918,0.037250341683784625,0.031380747355013186,0.09258036440667315,0.03533369396975321,0.10394395176141676
41.3,96,413,0.020597594332914578,0.027963152453799954,0.013394157511717835,0.037223678524649875,0.03541559462104238,0.09936040772774868,0.027667455503549584,0.10905156147542025
41.4,97,414,0.020719260544112418,0.027830969973793022,0.013348375572901921,0.03717566109179805,0.02550047520121802,0.06881732819641222,0.053438518939786094,0.09078421780275756
41.5,97,415,0.020806235342543337,0.02777933716373225,0.013322990812410137,0.03717651256604336,0.021079913245836277,0.07344884917596123,0.053927887871200654,0.09352707243346108
41.6,98,416,0.020884722156367906,0.027707690712979526,0.013273272956668735,0.0371492600084719,0.0053198451164462035,0.05585999536898274,0.057298487298004463,0.08019823240773657
41.7,98,417,0.020966651711714836,0.02766696195511259,0.01322335718118637,0.03714725350503366,0.005729819029429654,0.05595559146061761,0.05791376990491771,0.08073328796981645
41.8,99,418,0.02105797534825439,0.027692119706693944,0.013180436707816417,0.03720236190655522,0.0011801812386421037,0.03252445923321448,0.06477253856078612,0.07248941321170697
41.9,99,419,0.021152359583564914,0.027676141101597298,0.01310299106433202,0.037216655909147967,-0.0030292271467108243,0.036083696184398134,0.06510826927071332,0.0745003092266202
42.0,100,420,0.021152992976711086,0.027712615382479162,0.01306639634009267,0.03723128894527285,-0.0014814691721204778,0.03298966852174311,0.06786731755029153,0.0754750672179531
42.1,100,421,0.021096211639680507,0.027756290042981482,0.013059888585541834,0.03722932274918616,-0.0019663253951418256,0.03485573753216877,0.06011739145050675,0.06951898754501881
42.2,100,422,0.02099278118057676,0.02783628485665252,0.01308203556259646,0.037238357519865435,-0.014901705229586126,0.044592915644885475,0.05885033470171332,0.07532563201835767
42.3,101,423,0.02083473131558717,0.027900612143926536,0.013140444853320738,0.037218294935981326,0.017416135009373293,0.04090797710289028,0.06774773769230559,0.08103419223846657
42.4,102,424,0.020690908390258892,0.028022327311486864,0.013261944248788791,0.037272559386553675,0.010679439603952944,0.06164907868889074,0.07717585312408592,0.09935175710008357
42.5,103,425,0.020532638524930875,0.028183200128981095,0.013334552427703629,0.03733218856098384,-0.006051908856609343,0.028702200999447598,0.06894680837501442,0.07492732697836188
42.6,104,426,0.020425155164309428,0.028170629715950808,0.013339219881491607,0.03726534756481023,0.003470100710682514,0.02748843619164163,0.06596264002299151,0.07154526959909366
42.7,105,427,0.02040502217619842,0.02810435691996191,0.013305218866911163,0.03719205099200861,0.012329964758429797,0.0191831729818196,0.07410049813596291,0.07753003276532505
42.8,106,428,0.020423404684732496,0.028036731479168832,0.013246511859174099,0.03713009355477858,0.011742682946590153,0.022439432033358124,0.06779181871330331,0.07236815181570702
42.9,106,429,0.020464766099515808,0.028026612485352168,0.013213169637003018,0.03713334769137046,0.016620411782901984,0.025437473436161834,0.07041844955882215,0.07669459681696648
43.0,107,430,0.020516089133864376,0.027992220448092107,0.013126062586860932,0.037104822301116655,0.011947146863196905,0.03052709113720242,0.0648264592879316,0.07264370196568806
43.1,107,431,0.020547605398170462,0.02800519575469837,0.01306644022148265,0.037111008298340256,0.01634898897619345,0.0310577437039972,0.06300143418841796,0.07211833050150587
43.2,107,432,0.020599979924215507,0.028001756971567895,0.013015988525085035,0.03711971879820722,0.018603580661370394,0.034864893685874615,0.061298503107072674,0.07293257508356092
43.3,107,433,0.020652828544242056,0.027953349119672694,0.012978678431659346,0.037099530289702934,0.020641997173021256,0.03394301138379173,0.06030201368605968,0.0722118613780656
43.4,107,434,0.020740467182316986,0.02789332198896118,0.012996920963469672,0.03710962604300009,0.02541278358774458,0.038996556141118015,0.06053097904316149,0.07635797525123728
43.5,107,435,0.02073108772365469,0.02786331468483934,0.013019536675684057,0.037089764608065824,0.025410222203849774,0.0410643729535882,0.05637732119598104,0.07423182918233404
43.6,108,436,0.020682396311257054,0.027854066510437113,0.013043970360786503,0.03706421051522385,0.021169389054437875,0.03567754223399997,0.05530833727034429,0.06913784943435225
43.7,108,437,0.020595890351334276,0.02789971520308156,0.013072718258598797,0.03706050148670343,0.026341267634398105,0.03614196077304099,0.05637827824219877,0.07196258727048248
43.8,108,438,0.020527647432184076,0.027947490220025465,0.013089816263266323,0.03706467062452524,0.032596728226842946,0.0395430640812947,0.05751928243349305,0.07703679938637106
43.9,108,439,0.020510731208395236,0.02797307847921971,0.013054468272878131,0.03706214181877789,0.040634647754006215,0.028817014964378895,0.05620661907984218,0.07510511951881761
44.0,108,440,0.02058421282146708,0.02801345071403861,0.012965516081337345,0.03710212723878157,0.04177870906736162,0.038007201376349525,0.0552944343056427,0.0790410169024834
44.1,108,441,0.020620042496102255,0.028013183037559248,0.012915591698528807,0.0371044078966363,0.0503932326730919,0.03650557324726945,0.057955715667736614,0.08503528535799515
44.2,108,442,0.02059912975194492,0.028047619124639683,0.012899552321544699,0.03711322587965893,0.04577204375941937,0.042569360647877315,0.05343566830318951,0.08223503573837454
44.3,108,443,0.02058557945289189,0.027996103840185874,0.012917894244989443,0.03707316958888903,0.045919407457466886,0.04277506665454775,0.05595664871903035,0.08407999074935028
44.4,108,444,0.020604375177071074,0.027950086606599485,0.012906340769109926,0.037044854565813905,0.05168483239253598,0.03862486409890856,0.05952232759030779,0.0877844491232451
44.5,108,445,0.020623948080527633,0.027919937363869884,0.012883367335832575,0.037025008990420445,0.05235933401300901,0.04025637536899409,0.056970143212992444,0.08722197448948324
44.6,108,446,0.02067042114212684,0.027886807734520017,0.01284199898677021,0.03701158323810502,0.04584258309323972,0.04229011900611499,0.05448045256282029,0.0828137446421889
44.7,108,447,0.020778558367035772,0.02780944483661326,0.012785324995011062,0.03699430017125615,0.053625296235656095,0.033907620522572096,0.0609214761413915,0.08795922567366517
44.8,108,448,0.02076484453818037,0.02778699023989784,0.012791454034102217,0.03697183916974549,0.04570801965185792,0.03974043429673218,0.0529993865502217,0.08048266989412899
44.9,108,449,0.020741737761702597,0.027752660233533465,0.0128034989809493,0.03693723624702258,0.050044170200972085,0.03558156741114326,0.05539339193321355,0.08269761048787445
45.0,108,450,0.020653197944518885,0.02775558150003647,0.012837662088438503,0.03690165928027596,0.04258230522711971,0.03609778373153899,0.050952128967017694,0.07558056731102349
45.1,108,451,0.020535200013264858,0.027770249218232377,0.012878823606378468,0.03686116219968844,0.042333058375237397,0.030206986210824627,0.05435508127087651,0.07522648939905276
45.2,108,452,0.020384505393273567,0.027800219256094147,0.012942327868293284,0.03682233155933649,0.03669807116887705,0.04537954928686286,0.04643282577124618,0.07457921446420365
45.3,108,453,0.020267715674957047,0.02779125669072533,0.013026187501311941,0.03678064447437022,0.04325177356985264,0.037098361182384375,0.05092783510660944,0.07642413694640227
45.4,108,454,0.0202190144541943,0.027765422129784167,0.013071489856928426,0.03675038855065085,0.04317794884897035,0.046878094767821184,0.04993795116679424,0.08096721560361483
45.5,108,455,0.020264987847985444,0.02769698861502477,0.013114701045826122,0.03673946507968239,0.03978123391239403,0.041395939898176234,0.052510157935383446,0.07780415861665069
45.6,108,456,0.020385063569487147,0.027731851489417564,0.013055920512111437,0.03681118667174036,0.04239239134234631,0.04018173267291425,0.05302568455442596,0.07888859047280329
45.7,108,457,0.020515286654076936,0.02774909708927912,0.012976296265399272,0.036868328420700085,0.0424000095136395,0.030818688780971798,0.05695857907466444,0.07740692549856194
45.8,108,458,0.020675853384167945,0.02780756945373866,0.012741277568915264,0.036920075652363604,0.03883614859723017,0.0454405045778215,0.0535966428012992,0.08028502982326916
45.9,109,459,0.02073240343290365,0.027782620165515456,0.012733295855222225,0.03693024991389309,0.03037368147072671,0.030558182060109275,0.0597103679514908,0.07363213332374917
46.0,109,460,0.020634815627753454,0.027850954512084757,0.012753869231479243,0.03693416390822006,0.026005402251684417,0.03546478401010929,0.05510832292432352,0.07050502894607687
46.1,110,461,0.020510201530859414,0.027960860772520895,0.01282494774076653,0.036972386811378,0.03867810544647774,0.03927065548297152,0.06044386569681515,0.08180245181756912
46.2,110,462,0.02037916796686935,0.028021228844170444,0.012884251942113218,0.03696625083866487,0.012555454771480956,0.02675411890950581,0.05997107787098238,0.06685770340170319
46.3,111,463,0.020601899356357492,0.027904155696370097,0.013009867342697504,0.037045064590189795,0.018856976918541185,0.014756652265409866,0.06546791051753179,0.06970933705121697
46.4,111,464,0.020614240770424223,0.02788000684748756,0.013006964608647153,0.03703272650896195,0.021441763249934853,0.02415322968934011,0.06231530066670919,0.0701877796548277
46.5,112,465,0.02058555992527604,0.027930443540766244,0.013044668334243928,0.03706802295471783,0.015501727149893446,0.034055536407965784,0.05187172178505653,0.06395903865451961
46.6,112,466,0.020547020454842652,0.02794134325574734,0.013058575732368398,0.037059750574784237,0.02247985891618478,0.042217671691223695,0.047341710085556,0.06729720182700286
46.7,112,467,0.020491541905644735,0.027965351531336953,0.013079038418671134,0.03705435766410099,0.022034012923192813,0.0444526561504207,0.04557319632749166,0.0673680383255373
46.8,113,468,0.020496097724539544,0.02792766786318253,0.01305351083369848,0.037019438127767375,0.01984779009703756,0.04283255805234738,0.04023507111866299,0.06202760473343816
46.9,113,469,0.020547520903094106,0.027886060439400468,0.013036246617923393,0.03701049456541083,0.021225577060770114,0.043900974721410024,0.038149525727972415,0.061912898626391266
47.0,113,470,0.02063101234092217,0.027819098582174566,0.013005883460675133,0.0369958635624132,0.03103064741431618,0.0413547343196154,0.04277364357556619,0.0671021587903635
47.1,113,471,0.020668573556348505,0.027802261518296945,0.012980796962794637,0.036995361441338324,0.030669109829526794,0.044831829907296485,0.03875886964138859,0.06672883369616536
47.2,113,472,0.02064412222334428,0.027834676044694223,0.01297546622639468,0.037004211877538495,0.028485574226377177,0.04422851125768135,0.03895315766832383,0.06545943506791504
47.3,113,473,0.020592616103657146,0.027886513481234686,0.01296759201368158,0.037011780756469714,0.035533459315693385,0.0411375165220948,0.040918970810107154,0.06803884308763679
47.4,113,474,0.02056498736131552,0.02792088566744214,0.012920660161094735,0.03700591872422496,0.042084044455565156,0.03519664386318678,0.0427692545765948,0.06956349383122992
47.5,113,475,0.02060296548212535,0.02792472403592099,0.012817251626992569,0.03699397705586189,0.04889929711130405,0.03348718696382889,0.04144850715155404,0.07232227660840362
47.6,114,476,0.0207447237178264,0.02785129205006593,0.01265873392778121,0.03696324628115574,0.04024329794321825,0.03815053615393921,0.032436387683975366,0.06424255353085527
47.7,114,477,0.020858498339290793,0.0278329170811551,0.012575842848658977,0.03698513281807731,0.053425500075258314,0.041289013831887184,0.055264518099636624,0.08725384623205021
47.8,115,478,0.020917980037771088,0.027808648243216313,0.012522084229364601,0.036982230860547465,0.04666105315875153,0.018789990545750885,0.059242955199643614,0.07771772878423702
47.9,116,479,0.020946043090165418,0.027826284910779663,0.012557302910967823,0.037023299548645736,0.03131336801398935,0.009008497971669721,0.05047067573109138,0.06007469651057828
48.0,117,480,0.020906810772641605,0.027863229547766214,0.012595811066936085,0.037041986366129244,0.01796524366048202,0.020135896758129216,0.036485556807496704,0.04538061451311118
48.1,117,481,0.020824584683507733,0.02788754951921887,0.012659642029839204,0.03703572979908916,0.034708581699128514,0.02935069011271461,0.04045885039225288,0.0608528325447582
48.2,118,482,0.020747295793604202,0.02797895814540951,0.012716885695598009,0.03708087867681656,0.02936900864493673,0.022150828939108528,0.03695876456839777,0.05214545205382988
48.3,118,483,0.02073459817225112,0.027988291890449345,0.012712162006515152,0.03707920046588922,0.029437336083613402,0.01942758458120514,0.036556210501066,0.050797089725275954
48.4,119,484,0.020844727001040536,0.027964240154947327,0.012675988501540243,0.03711040360441607,0.035267246599465514,0.020908272274900476,0.029991509702699013,0.05079788564966039
48.5,119,485,0.020955841779643894,0.027877901833851016,0.012602346116681979,0.037082931963316385,0.0389418879068589,-0.002191772566881337,0.030165934353013842,0.04930778940619461
48.6,120,486,0.021108252730678612,0.027812462773676938,0.012571941218698396,0.03710990602097739,0.042728873972687646,0.016443850289703833,0.038320046661191876,0.05970412765831136
48.7,120,487,0.021109585704402443,0.02780310266273141,0.01261072627318803,0.03711680944562947,0.03472395852663417,0.02344528867109586,0.03616730164614893,0.055348970767250524
48.8,121,488,0.021009847563942818,0.027747953714016012,0.012617123724676903,0.03702100000079811,0.027481817515415088,0.006414158133645639,0.036958538245443436,0.04650080932364396
48.9,121,489,0.020902827234331255,0.027752535280015568,0.012706525189669743,0.036994420974689156,0.030416376974927082,0.004439322842805362,0.03419863851532974,0.04598271905711669
49.0,121,490,0.020841825557302684,0.02774879693331238,0.012764866360267435,0.03697728001087599,0.03493878596388395,0.010124938883437191,0.03334754575750674,0.04934867738929219
49.1,122,491,0.02079836779218654,0.027723122109389153,0.012771516547738497,0.036935825931476374,0.026481271108476957,0.007764199156421071,0.02544930225982252,0.037539412536333513
49.2,122,492,0.020761652444843907,0.027716734201308744,0.012810385212144624,0.0369238342579698,0.035608134029094254,0.026359582557895812,0.02388807679970759,0.05033296151478863
49.3,122,493,0.020686332397050308,0.027735910459186552,0.012845987023267618,0.03690832507230892,0.042907017149463864,0.021449044746191814,0.027991474895501963,0.05553914212529792
49.4,122,494,0.020587041529902463,0.027783649682912772,0.012900286333803473,0.03690765308375574,0.04731219099451091,0.02098497373681353,0.027526852744638224,0.05862201089574486
49.5,123,495,0.020533361608911428,0.027898612423659888,0.013020851829249341,0.037006676377204874,0.0344024360455134,0.029342846454547968,0.026108614257519674,0.052212929264395594
49.6,123,496,0.020520032923965037,0.027899882812260978,0.01301775033030273,0.03699914912265688,0.03735294413144793,0.03167351460010433,0.02482770474402062,0.05490782171299783
49.7,123,497,0.020531310372748593,0.02789506638737063,0.013000558234143901,0.03699572879100121,0.04079712679052584,0.03618747959012511,0.02311977375072106,0.05923228150031445
49.8,124,498,0.020554555630966243,0.027889356677012818,0.0129803622363955,0.03699724012453048,0.031306711968357534,0.042968000282432424,0.026592095837041956,0.05944324035201343
49.9,124,499,0.02055396587301658,0.027908477109788728,0.01295260060376375,0.03700160091262745,0.029074087966764247,0.05069476035380538,0.025724540429894815,0.06385149409965436
50.0,124,500,0.02053257420959211,0.02794172209888945,0.012929822567402667,0.03700684732787284,0.030504274045222563,0.05722341943449843,0.023955533344826856,0.06912957431257394
50.1,124,501,0.02049750568758012,0.027974927461029482,0.01293889979111717,0.037015664706537596,0.03943946339966139,0.06148973933080035,0.025534725719972458,0.07738527982644522
50.2,125,502,0.020453454211811,0.027966421894897897,0.012880669070245794,0.03696452594711936,0.02358548345841292,0.046114232634994014,0.0309981475081677,0.06036292430308144
50.3,125,503,0.02042285813744593,0.02795618588065555,0.012913358557898382,0.036951269162788625,0.02534727619785297,0.05457987861715098,0.028049248896654895,0.06639433653693419
50.4,125,504,0.020438648766936268,0.027924699358491876,0.012905828636206158,0.036933556699395485,0.030763578687588947,0.05732538719167685,0.029751324003039762,0.0715383748087486
50.5,125,505,0.02049362442105845,0.027872579394763914,0.012863544265884583,0.03690989156187259,0.03365416072187829,0.05748400082739908,0.028108877105326984,0.07229883717696163
50.6,125,506,0.02057653608318833,0.027819229462688617,0.012806859881494654,0.0368960570400783,0.03482496030817181,0.05331163695732112,0.03162583872005883,0.07109924169976865
50.7,126,507,0.020685248046467614,0.0278141029880819,0.012740477652160376,0.03692998216328728,0.024110912348614157,0.04816801526373625,0.035099897916661335,0.06429227498300344
50.8,126,508,0.02063785961477926,0.027812698844666733,0.012781961011242973,0.03691674408444491,0.03611489080994154,0.05606090829504542,0.03922648957895098,0.0773681346664571
50.9,126,509,0.020513156094970182,0.027840413299282635,0.012877214613579093,0.03690123089892342,0.03332405598190881,0.05815738022202503,0.04254632821515265,0.07939120622566503
51.0,126,510,0.02037523318306414,0.027857608426383615,0.012945661914478945,0.03686172319501556,0.04651347184905716,0.045317834713840335,0.047824739300748,0.0806499528567035
51.1,126,511,0.020336676553373862,0.02786390756646776,0.013025492267426652,0.03687331293656697,0.029025583830388828,0.07370359430166609,0.030652798412312342,0.08493702596739171
51.2,127,512,0.020320293342502276,0.02784547106333182,0.013064776480618623,0.03686425049763954,0.02348759960972874,0.061424932977140724,0.03888801959737493,0.07640005101358883
51.3,127,513,0.020312310212721087,0.027822713449303604,0.013073527132959674,0.036845765585153824,0.023981880916800116,0.06251842638530626,0.03786048347226289,0.0769226914424868
51.4,127,514,0.02032220655257972,0.027796470939855367,0.013051999454346961,0.036823777177690656,0.036824370435144055,0.06260681705598135,0.037562975245053636,0.08177178553196904
51.5,127,515,0.02029637379887604,0.0278217606623408,0.013045165036162654,0.036826206518687156,0.04784236164286853,0.06034195252098337,0.03104767907923399,0.0830301221113081
51.6,127,516,0.0202847377980095,0.027907036172341297,0.0130000262289206,0.03686833244684365,0.05003507753950312,0.06386076528640496,0.025677003984918675,0.08509415291893399
51.7,128,517,0.02032318684905231,0.027918266701991087,0.012981438138139028,0.03689145260733613,0.040332972502920506,0.05451702913278731,0.01965951530800353,0.07060702286976946
51.8,128,518,0.02030656855898009,0.0278786890699755,0.013019299567382863,0.03686570482340173,0.04985557582016656,0.05510691989759946,0.01871977482353655,0.07663407225513161
51.9,128,519,0.020300966759909576,0.027855201396138857,0.013035061675814558,0.0368504318712644,0.04935270265380076,0.06154531380503053,0.016287712780332822,0.08055311600558213
52.0,128,520,0.020311394749962533,0.02787882833766992,0.012996931452922997,0.0368605758685625,0.05361706533193583,0.06213536562451167,0.014090513310696535,0.0832714592249934
52.1,128,521,0.02032250625909498,0.02791144784891596,0.01295075264448571,0.03687512950122838,0.049018586162428754,0.07076853919889974,0.01105329938099716,0.0867939131328667
52.2,129,522,0.02028115581317649,0.027919941581425717,0.012906386154841786,0.03684322492136728,0.04793730807172148,0.057281038580972096,0.011297832476784422,0.07554299375025743
52.3,129,523,0.020269635700882607,0.02792266773267057,0.012910614779917982,0.036840432662375903,0.04240818892389914,0.06588711202215701,0.012319548440168202,0.0793179506303273
52.4,129,524,0.020259828809532924,0.027909774971327305,0.012913200861042952,0.03682617219884995,0.04355669445331087,0.07105697113308806,0.009196147909910734,0.08385015154839344
52.5,130,525,0.02037854854848131,0.02780828242082559,0.012911479065523682,0.036814292113235905,0.02188912867126154,0.06211342066484158,0.019140594504585197,0.06858260230308828
52.6,130,526,0.020464651487890614,0.02776335064464505,0.01284516272264357,0.03680494266955905,0.03283279418352436,0.07108001248537012,0.02185327707292421,0.08128915221383501
52.7,130,527,0.020576930413590617,0.027722604240074826,0.012730933984946206,0.036797140258811194,0.04909433024376363,0.05944111718402704,0.026685183060877755,0.0815818525725024
52.8,130,528,0.02066390958039557,0.02774193127904317,0.012629673153290485,0.036825542143963934,0.037012363440976526,0.05904840717053409,0.0163748070191236,0.0715874551983632
52.9,131,529,0.02071328368868776,0.027755535716987925,0.01256969959831403,0.03684300791326499,0.004822256158319596,0.06281135130281319,0.02575108035639877,0.06805613966765652
53.0,132,530,0.020709066360381223,0.027786936000444625,0.012542608993718781,0.03685507132242175,0.00856678065082806,0.04598085204569481,0.0291424620159151,0.05510818068051724
53.1,132,531,0.020690700208768703,0.027810674928379478,0.012531914728113486,0.03685902334373286,0.006077348593098767,0.05048032814026002,0.030584840923253104,0.059334898578922886
53.2,133,532,0.020666595797995825,0.02775459613452481,0.012571742639072521,0.03681676929676737,-0.0024587745526592764,0.043045686589592826,0.035578635270745576,0.055900053613561033
53.3,133,533,0.02067897598338716,0.027708027239098952,0.012599312828632291,0.03679806387512651,-0.0020644084474986633,0.04924081332074094,0.035574758465765924,0.0607822582553803
53.4,133,534,0.020657632206894084,0.0276599534722193,0.012651579905937328,0.03676782926142039,-0.003313378298910838,0.04742590898004425,0.031909665684079415,0.05725750677775667
53.5,133,535,0.020607636659580396,0.027633879088424067,0.012741073014814008,0.03675106670201213,-0.008569333646460826,0.0561875770545699,0.03516022240566569,0.06683351355437982
53.6,134,536,0.020502162461942513,0.027576813700274008,0.01284982137460496,0.03668701717003931,-0.0029167377940202827,0.050228548127405924,0.037483355639563135,0.06274086671658409
53.7,134,537,0.020448617170591404,0.027574226417242054,0.012904124851267938,0.03667424634366528,-0.004459042051655763,0.05348599523894805,0.035665634315083246,0.06444123069756234
53.8,134,538,0.020448090268133344,0.027577902646660234,0.012906402368554221,0.036677518074447475,-0.0033816388293937873,0.061320923518273604,0.03678284259757749,0.07158679104321261
53.9,134,539,0.020466383334202184,0.027585279813573473,0.012883561680814837,0.036685237777054326,-0.0025735498379084397,0.06293642574004324,0.037115652581994125,0.07311079612675178
54.0,134,540,0.020480213713175967,0.027575923173804306,0.012856276611018565,0.03667634852222807,-0.0009925193505763883,0.06818446178190425,0.03692635667311176,0.07754780293663449
54.1,134,541,0.020480368903105946,0.027552671813374917,0.012854045609187107,0.03665817402689223,-0.0004951752172939849,0.06904479437188683,0.03726564267274819,0.07846118118002628
54.2,135,542,0.02051297776584855,0.02747125451668249,0.012900809946363102,0.03663172093711577,-0.0015531498291671306,0.06515955643703582,0.03842542691584341,0.07566170433665845
54.3,135,543,0.020565163965681792,0.027438987971264327,0.012874396631052418,0.036627504944183945,0.000509313553801181,0.06965022440549602,0.03729950189721365,0.07901054361167428
54.4,135,544,0.02065410619857909,0.027406876954499657,0.012787800370378433,0.03662317361417383,0.008319621867592414,0.061286901653263455,0.03196751205321997,0.06962199544073175
54.5,135,545,0.020763125597317963,0.027364853544380622,0.012681738350683364,0.036616513783682275,0.0239388897562135,0.052207809769478336,0.037295914804942654,0.06848146541089582
54.6,136,546,0.02093993692764253,0.027339044856574977,0.012551430147179056,0.03665300439176823,0.010668480150299062,0.06613258565165156,0.0502468479529503,0.0837381698086199
54.7,136,547,0.021001670201842793,0.02734330206453634,0.0124866650002704,0.03666937580445605,-0.0005131200902978527,0.06488001877496895,0.043066952368390254,0.07787453059099994
54.8,137,548,0.02103654923047659,0.027456975333289797,0.012331683469121958,0.036721823418258595,-0.01395808079159257,0.04275500551855436,0.039300330236105664,0.059727166958957634
54.9,137,549,0.02104844029739285,0.027449798173381425,0.01231441594491437,0.036717476748500115,-0.018366452775279152,0.04256930293834441,0.042555680132681746,0.06293217024509977
55.0,138,550,0.0210379211626967,0.02739929794232734,0.01231734402451977,0.03667468634356179,-0.015264364333874788,0.027061968740036812,0.04691676033943365,0.05627195901469801
55.1,138,551,0.021038021461383245,0.027388230087841366,0.012322387567618909,0.03666817052595848,-0.018330782908512262,0.026504448164769687,0.04618548593569731,0.05631698221384436
55.2,138,552,0.021031045640294548,0.02736909577443339,0.012338159598010066,0.036655183351065476,-0.02658503954958389,0.03342914856689421,0.045339137564400944,0.06228892114047327
55.3,138,553,0.021012532269936376,0.02734895561565056,0.012373120911568147,0.03664131557073554,-0.03353211363895196,0.03639859097375271,0.04479990718775224,0.06675546235328877
55.4,138,554,0.020963468088110497,0.027314172582103637,0.01244096064711979,0.0366102242542893,-0.03235466143617426,0.03471600533036307,0.04567531600675992,0.06586546617966534
55.5,138,555,0.02091831078578816,0.027306996808130833,0.012508519543665216,0.03660206089804703,-0.029688659526988338,0.03186826173772471,0.04469397215247553,0.06240635991194986
55.6,138,556,0.020829785891023526,0.02730206643913188,0.012614733294394413,0.03658434512467535,-0.02567894088958566,0.032976231988080286,0.05007742086425967,0.06522720262098256
55.7,138,557,0.020741268906782833,0.027311096692273832,0.012707212336674014,0.036572797045994816,-0.021151027584367006,0.03423058238958907,0.048420269002287554,0.06295729654979626
55.8,138,558,0.02072389808554232,0.02736807365651762,0.012761849497353497,0.03662453016929528,-0.037982180366905455,0.0552193189651616,0.05123358606507096,0.08436053315080119
55.9,139,559,0.02061250301577622,0.027222959757332455,0.012922625605858403,0.036509712010284516,-0.03854822671829647,0.05441439769900726,0.04321137337851354,0.07946140729516575
56.0,139,560,0.02060930590174359,0.027217578282984822,0.012937013790887178,0.03650899044300808,-0.03860054494680041,0.057034177799868316,0.04061480770398345,0.07995287432186853
56.1,140,561,0.020580733231724983,0.027102858611061695,0.013029458965486707,0.03644033927092244,-0.026925148490002944,0.050303987541768326,0.04581229943982658,0.07317254651695146
56.2,140,562,0.020591689544586185,0.027112108428406962,0.012997248239460878,0.03644190669452525,-0.0251938676486929,0.045477901139063935,0.0456684797314934,0.06919957008609338
56.3,140,563,0.0206097332720286,0.027124172378466836,0.01296039406514563,0.03644795806468187,-0.02521185549355031,0.04654997283551598,0.04666864110511158,0.07057265540570688
56.4,140,564,0.020628421186280773,0.02713880730238948,0.012912440336538203,0.03645240373253161,-0.033890832435874464,0.05553355359304045,0.040985131321933085,0.07689177516057044
56.5,140,565,0.020659602138900262,0.027165231440977693,0.01284936226903709,0.03646745220742038,-0.028016039644777353,0.05413326073772103,0.04396762797429164,0.07515624195741522
56.6,140,566,0.02069541496688746,0.02718937432665235,0.012770495377167956,0.03647804585096027,-0.02958046783444418,0.047544741147027635,0.04143766170858807,0.06966050743368035
56.7,140,567,0.020743833696772154,0.027210229227570153,0.012697578736835191,0.0364956396961936,-0.027258992141655492,0.046564128517482546,0.043730440070124596,0.06945230094027285
56.8,140,568,0.02078833128524045,0.027221113331896037,0.012648618549694615,0.03651207033117287,-0.022010457642514195,0.04449788536547479,0.0465424016674254,0.06804937325650993
56.9,140,569,0.020829266158991232,0.02728773190633052,0.012636359630818756,0.03658081773324992,-0.03088515907596869,0.05200349732157202,0.04310235641036257,0.07427024917790813
57.0,140,570,0.020859811055336772,0.027231783394696337,0.012563619337232924,0.036531442278821984,-0.02307460213529804,0.04107460611630428,0.04863417507373377,0.0677114725612612
57.1,140,571,0.02093657080375617,0.027303908058387116,0.01257016132179266,0.036631302842479466,-0.025518691875313467,0.04971491447675377,0.048001538239224886,0.07366765932069445
57.2,141,572,0.020925574308326027,0.02737127367193526,0.012452497109450218,0.03663510566134778,-0.015739799254974953,0.04140850317809011,0.04895739352990399,0.06602447877324512
57.3,141,573,0.020904695958909682,0.027380588363374148,0.012434524884735818,0.036624040483924064,-0.011317342854677784,0.03602057580225299,0.05120225087863482,0.06361787976233442
57.4,141,574,0.020836794334498473,0.027350025694436935,0.012452293339616366,0.036568504386157254,-0.020437006459981814,0.04327007811559801,0.04707378309938716,0.0671260899238399
57.5,141,575,0.02079133024136619,0.027405279360928517,0.012500366103499982,0.03660038118350155,-0.015864952381096618,0.035043375756919806,0.04914984364874258,0.06241347634278177
57.6,141,576,0.020751035073485795,0.02735375637416965,0.012503631186988221,0.036540036087265824,-0.021027423426603836,0.051041747877053685,0.04664525758377821,0.07227165846556602
57.7,141,577,0.02077823690079757,0.027372141803160336,0.012492748319091484,0.03656553071079574,-0.022795632083057977,0.053145549378086354,0.04124648475192359,0.07103071705364815
57.8,141,578,0.02092921743847147,0.027428351832484606,0.012468512236775099,0.03668528893483041,-0.020722717056835982,0.05006754811396808,0.0454668888420712,0.07073491611177218
57.9,141,579,0.02092724757409248,0.02733322985671341,0.012385700616458033,0.036584979502356126,-0.010137081632296813,0.0422020541484591,0.047797945349159314,0.06456328196405868
58.0,142,580,0.021051847789936518,0.02742372631533555,0.012305815547505532,0.036697059237469035,-0.009930036174244074,0.03095728987933443,0.05687695236024304,0.06551295387085132
58.1,142,581,0.02107217489628017,0.027363260330332827,0.012270372883679936,0.036651693296074796,-0.009487337498327253,0.029224106075371716,0.045612236650267736,0.05499576420918044
58.2,142,582,0.021122537062999287,0.02729084977133303,0.01221775212536509,0.03660909067726362,-0.01783344251803679,0.029603856073293758,0.05028308827818918,0.061014825520069954
58.3,142,583,0.021171813988503794,0.027321582465653037,0.012157292803314951,0.03664033766624999,-0.011270942748153863,0.017779953135309386,0.052733866046132935,0.05678046769882626
58.4,142,584,0.021208055412966654,0.027374033418953895,0.012102413199603881,0.036682253546850355,-0.005209853744377911,0.017271592241806716,0.05260669553099005,0.05561398105958011
58.5,143,585,0.02114934880889593,0.027222305670430175,0.012147354392058746,0.036550062924445854,-0.007017825479041357,0.011877776069181133,0.048796063431329355,0.05070884779994722
58.6,143,586,0.021068249121213505,0.027169272401555096,0.012269657140297313,0.036504588344533705,-0.013456731011366537,0.014286527001987886,0.04614401794319012,0.05014438009620075
58.7,143,587,0.020948765609511755,0.027144419968086454,0.012447203196619207,0.036477433892531975,-0.05556832637137474,0.006309633128938053,0.040338514155362507,0.06895539203136906
58.8,143,588,0.02088377830805309,0.02705705208910756,0.012576479822596904,0.03641955668182653,-0.014264577992385456,0.018600461313138472,0.05408197466594688,0.05894332303264321
58.9,143,589,0.020793216421180215,0.02705508237890065,0.012614052528181813,0.03637924755751373,-0.015779732976547736,0.0058977477155000586,0.048079705384122075,0.050945475468885476
59.0,144,590,0.02078914709395206,0.02708053830215921,0.012541513692505344,0.03637078164307149,-0.01685712404793508,0.012404242315815129,0.042547019834985544,0.047415996830559026
59.1,144,591,0.020825719338589514,0.027091703728381964,0.012480539554334119,0.03637904430360183,-0.015999259998821208,0.008634397856746539,0.048311970647072947,0.051619527842301186
59.2,144,592,0.020911834395269852,0.027073388877119135,0.012438147289583746,0.03640028449152958,-0.01675343789038911,0.014066531256334214,0.054863923745731485,0.05906433028072012
59.3,144,593,0.020978667999801415,0.027004383637435854,0.012409009409570064,0.0363775309938773,-0.020223427513289448,0.009172672155372742,0.0518142919713192,0.05637238497122803
59.4,144,594,0.02101459478364561,0.026954970395749133,0.0124014399233793,0.03635903374857098,-0.017519139909788876,0.0017865031690894046,0.054891592910046555,0.057647192723967025
59.5,144,595,0.020981647711668747,0.026941625815788888,0.012435763149973775,0.036341834673235776,-0.025431908390060487,0.002319511070333545,0.04981358428032147,0.05597816784085131
59.6,144,596,0.02090963671480275,0.02696261342434512,0.012489670481363655,0.03633438177468759,-0.03086555424061751,0.00236628945560122,0.04868875141990579,0.05769641478634153
59.7,145,597,0.02083784189351315,0.02694478590231764,0.012646915681844288,0.036334303603681,-0.0325800403163548,0.0110930634412426,0.05121589785801182,0.061705617871706274
59.8,145,598,0.020789520648946288,0.02694076245803824,0.012691360048416818,0.036319133669623194,-0.03856365661064955,0.016639957116628065,0.04531187703230791,0.0617835737410706
59.9,145,599,0.02077859683533123,0.026934470459317808,0.012705615040452162,0.036313199238366,-0.042051710192663266,0.021049530281444385,0.04490960579259976,0.06502539309872639
60.0,145,600,0.020798557495539292,0.026946890233137205,0.012697379404552251,0.0363309555458585,-0.04108543515249917,0.019857025094274415,0.04704604768659501,0.06554117049759052
60.1,145,601,0.02074864179597185,0.02696656091194718,0.012672703838279852,0.036308386997607876,-0.04755837995870602,0.024394585259122272,0.040641439824215024,0.06714627260873478
60.2,145,602,0.020770264019202914,0.02698466813462448,0.012646650853879482,0.03632511472222963,-0.05039733714303156,0.0346945533952103,0.040352140770352755,0.07329323905485316
60.3,146,603,0.0207742518625474,0.027058312147519713,0.012599785915002524,0.036365868638395846,-0.047992960758811244,0.04209693631236056,0.03652307769008374,0.07354870177807103
60.4,146,604,0.02077562581268523,0.026981529699134216,0.012652817240484676,0.03632799687479452,-0.055577447965429655,0.05110572231747509,0.035884159849461944,0.08359617517591728
60.5,146,605,0.020789127425428853,0.02688074415919679,0.01268705315951265,0.03627290370972815,-0.053814945591497805,0.046170779390532386,0.034854319484925754,0.07901020709568071
60.6,146,606,0.020805144643065782,0.026809233009122586,0.012755400596252898,0.03625312762407135,-0.052792011572737926,0.04785771633737897,0.04166619206182787,0.08254349798656617
60.7,147,607,0.020819072126941496,0.026804010806499898,0.012697227491643245,0.03623683685859317,-0.045394949830979955,0.05775468381529404,0.03702264731799405,0.08226166414068188
60.8,147,608,0.02084480598609411,0.026855006915948287,0.012665587509240711,0.03627829158061015,-0.04758338084495298,0.05939586088228144,0.03383030013533003,0.08328586692728653
60.9,148,609,0.020864377269815586,0.026984896512372444,0.012617644289891537,0.03636910537897352,-0.0384735401822895,0.03471109240443427,0.03586517868518036,0.06301891995414817
61.0,148,610,0.020893235790552415,0.02699659223049527,0.01257032555995315,0.03637796556354505,-0.041841153648425375,0.03464827292503976,0.03772680424196477,0.06613997817984758
61.1,148,611,0.020935752453547438,0.02698951845372963,0.01253051071260147,0.03638342391638052,-0.046082492537963066,0.03680020432689866,0.039777153444253754,0.07113419074636768
61.2,149,612,0.021011506951826495,0.027052632834519377,0.012479861314868118,0.036456485103535566,-0.028927057597676917,0.017087880351641903,0.04644831907842911,0.05732553236894455
61.3,149,613,0.021037808995191067,0.027061236985016033,0.012424548681552941,0.036459146512468184,-0.03382748755890652,0.019584548790626752,0.04356012406948669,0.05852638614188893
61.4,149,614,0.021065873194046854,0.0270922652454495,0.01238149860583615,0.03648374099902277,-0.039552953665568616,0.02178863438421211,0.038476547156830083,0.05932643098241506
61.5,150,615,0.02109919512144105,0.027173982792661398,0.012325855478616738,0.036544877737765734,-0.02351032417020917,0.0006952771554627772,0.048691609212573136,0.0540748699547319
61.6,150,616,0.02110922007753274,0.027181914685105744,0.012302823598603902,0.036548804723662905,-0.02315136482543483,-0.00853833214717848,0.052200097116790904,0.05773853953936075
61.7,150,617,0.021107549651485046,0.02722364388771675,0.01227577053925895,0.03656979602277899,-0.03098736798616226,-0.005553259016779298,0.054474248117942325,0.06291660645991977
61.8,151,618,0.021089978592801987,0.027167384644946082,0.012222980129050338,0.036500071626319554,-0.022006892481443985,-0.010290038450316315,0.05530405459643815,0.06040469073511291
61.9,151,619,0.02112614192184276,0.027168808173419406,0.012185167816746612,0.036509400498887686,-0.0285382847311287,-0.012639875007118436,0.05771613710028719,0.0656151858746868
62.0,151,620,0.021160300473946837,0.027184787878643566,0.012128424920401424,0.03652218092070044,-0.02554310711525295,-0.02215464687753042,0.06257826732302271,0.07112888471304078
62.1,152,621,0.021156789559076662,0.027118720578840527,0.012059308730224665,0.036448068224957504,-0.027283893953890283,-0.026312429006565167,0.06590743037998395,0.07602988996970267
62.2,152,622,0.021214398257308188,0.027157656711863053,0.01198230234708194,0.03648512821734311,-0.04177589280156204,-0.02259274801685556,0.07235308979987831,0.08654840891610885
62.3,152,623,0.021259285004740176,0.0271607695335099,0.011933894019432394,0.036497704407705625,-0.0389029658797605,-0.03155431402152445,0.07393664034069454,0.08930701132878652
62.4,153,624,0.021273578753739086,0.02702536428680819,0.011864452524691751,0.03638269783203125,-0.026372869470427746,-0.027396136514928143,0.06563054603651554,0.07585146744196834
62.5,153,625,0.021279382665188824,0.02701178016914858,0.011875069158719465,0.036379467588769324,-0.024628650088026467,-0.0355486534401386,0.06588406825156432,0.07880981928631932
62.6,154,626,0.02128460798245275,0.026917954259276785,0.011845029026905483,0.03630310608087746,-0.030315594526494852,-0.020465762291829732,0.06813365207389599,0.07733095914707921
62.7,154,627,0.021276676792464554,0.02688844453924116,0.011867845619515566,0.03628403484618962,-0.03284594553094702,-0.02934245213435558,0.06853147260718048,0.08146409253645201
62.8,155,628,0.021311845705163927,0.026778168192087174,0.011808438729028934,0.03620365015163048,-7.660197285543286e-05,-0.035676372207080115,0.05866150435794973,0.06865844081581024
62.9,156,629,0.021372842763118197,0.026661824453153734,0.011757640327564321,0.036137147051477754,-0.011725226484610284,-0.02432605840224807,0.06410423882252345,0.06955998482259836
63.0,157,630,0.02138156101005698,0.026668030764206544,0.011699736656286864,0.036128089541157836,0.005166607393024898,-0.02785797395454419,0.05935185483199703,0.0657677977189762
63.1,157,631,0.021389661345168173,0.02666008094659874,0.011688371636610455,0.03612333816323871,0.004168124068350077,-0.038232012660507575,0.05950268265865111,0.07084934222629388
63.2,157,632,0.02138441209910364,0.0266457657445322,0.011717286423608975,0.036119035342457126,-0.0064278550241124435,-0.03885395506812718,0.061938942287849796,0.07339877189970308
63.3,157,633,0.02133340566904343,0.026646164315855335,0.011759474082913968,0.03610287385921323,-0.01156106187624932,-0.044907973227270324,0.061107241189585146,0.07671035873263679
63.4,158,634,0.021243139241895886,0.02670548059730688,0.01178221417803438,0.03610088959736014,0.002374446079765878,-0.05180007460371393,0.056228429415765016,0.07648870503348656
63.5,158,635,0.021151393879174075,0.026733784801617286,0.011833969543633584,0.03608489362615322,0.0007529166883803913,-0.05845761665213357,0.05751408065689858,0.0820105438464816
63.6,158,636,0.021117093987078533,0.02677082888863413,0.011828732058253227,0.036090550563126406,-9.850170031469602e-05,-0.06257232163751988,0.05622713826352397,0.0841236959185677
63.7,159,637,0.021080731205909014,0.02686082306402846,0.01173003253341181,0.03610394309611803,-0.013966042581195473,-0.0432769702354515,0.0617286892132646,0.0766705782561194
63.8,159,638,0.021099363178979143,0.026904702569900917,0.011658746636143622,0.03612440338689463,-0.008565677076668,-0.05026224180874771,0.06101940934160922,0.07951749550772866
63.9,159,639,0.021128698735215775,0.026926000225917398,0.01163429148392582,0.036149524709774006,-0.017270458277198662,-0.05177940122412153,0.061358443608770324,0.08212328367962199
64.0,159,640,0.02114893838749992,0.0269074128935554,0.011673211620432562,0.03616006544626186,-0.025488048741029737,-0.0512885823577926,0.06496810849453026,0.08660839699621646
64.1,159,641,0.021134086900418056,0.026840993258958487,0.011721466483636237,0.03611760408400431,-0.024242108822567214,-0.05993352718885419,0.060233993696608104,0.08836199136566208
64.2,159,642,0.021113577504684275,0.026786913879883325,0.011774296187620556,0.036082626857927236,-0.021028398174851304,-0.06548182133577272,0.05942786642242846,0.09089407991047684
64.3,159,643,0.021088075220407083,0.02676281070789117,0.01179297311052415,0.03605591724354696,-0.021750183578162052,-0.0648744087694355,0.058193566847196156,0.08982344137955663
64.4,159,644,0.021093580026618118,0.026748898157607365,0.011734007832834589,0.03602956578709237,-0.024928100845299537,-0.06351386107320516,0.059961422856683384,0.09083387579079635
64.5,159,645,0.02107286354303833,0.0267620336246087,0.011646621758888908,0.03599883081466431,-0.027280104691144245,-0.06824221248827528,0.058675987815257485,0.09404294350641598
64.6,159,646,0.021070542909454027,0.026826740679466027,0.011534245228517225,0.03600945163389791,-0.02706727348889162,-0.06991807071523587,0.0579098388925463,0.09473501647872262
64.7,159,647,0.021104991752274316,0.02685880217682773,0.011428587066439769,0.036019835279644564,-0.040707827288351615,-0.062492705460158504,0.05310114033434742,0.09155433656073561
64.8,159,648,0.021153038301764897,0.026933369016488722,0.01140448088398155,0.036095977341074836,-0.029735826755695197,-0.07063888493115285,0.05166007846585149,0.09242745893001333
64.9,159,649,0.021243586663721663,0.02689267721789862,0.011437418867163693,0.03612922103544565,-0.046197196005091375,-0.05931814145465882,0.04846086224139159,0.08944986301580835
65.0,159,650,0.021328745316085137,0.026821691378412494,0.011432265251569734,0.03612499403376393,-0.03475490335947228,-0.07128785009949101,0.04459570503692407,0.09098701988236614
65.1,159,651,0.021296362970837066,0.026845073429265707,0.011468077142955318,0.03613460718708704,-0.05052991638538869,-0.05895883548318923,0.043906189208746955,0.0892029718242752
65.2,159,652,0.021273408704582317,0.026903176922469577,0.011397100835100009,0.03614184214839271,-0.048711167596310896,-0.06761764443789013,0.041903240417059645,0.09327810699931
65.3,159,653,0.021213954249627274,0.02702871910858571,0.011367128775816623,0.036191091834346524,-0.05176249442422528,-0.06637348115106569,0.04023191749435343,0.09329202545984992
65.4,159,654,0.021238176259278856,0.027117516331648196,0.01128347630978926,0.03624550538275026,-0.04438503641327574,-0.06879551560377702,0.03947935664418819,0.09089265110907672
65.5,159,655,0.02125304180795597,0.02712691974762115,0.011246393830888508,0.0362497301408445,-0.042514467574773764,-0.06591184578664122,0.03928823379215196,0.08772352411226567
65.6,159,656,0.02129233892692227,0.02715072188314714,0.011192437714848269,0.03627390326054934,-0.047296873440098,-0.05609631298228793,0.04112354780266168,0.08411264323092725
65.7,159,657,0.02139260483252341,0.027185893169520133,0.011078711096223912,0.03632429171365438,-0.04137278253656879,-0.058653253793542436,0.04103340831354579,0.08267800138618543
65.8,159,658,0.021452680908019984,0.027262369992172724,0.010973781107798834,0.036385137178981855,-0.04855208927182141,-0.05037352194350133,0.04140157159262544,0.08129506267904968
65.9,159,659,0.02154368756254239,0.02735980652500039,0.010829206881317537,0.03646863321480903,-0.04813801827413917,-0.05356987650692834,0.040938741354946594,0.08284311085453107
66.0,159,660,0.021572672194617597,0.02737417813892535,0.010795525024396603,0.036486561566560625,-0.04836914399203468,-0.05860831599174925,0.03621183425923858,0.08417722812215594
66.1,159,661,0.02150754952997412,0.02728757278077824,0.010876154220961708,0.03640710158318982,-0.06114842936379254,-0.05239480383608796,0.029303011611097052,0.08569137863379811
66.2,160,662,0.02147443056403388,0.027307509199010517,0.010763311340204857,0.036368944137955654,-0.06361990302614069,-0.014323271910426823,0.02908302030279986,0.07140357308432567
66.3,160,663,0.02144286885750044,0.02730510501489113,0.010772492228427431,0.03635123070166572,-0.070395503822533,-0.013923620411054292,0.02878850794682916,0.07731864169515675
66.4,160,664,0.02142002821602397,0.027293687076773005,0.010780019338167027,0.03633141588145614,-0.06735298477985932,-0.02215800500317327,0.028385896931909026,0.07637513266178708
66.5,160,665,0.02141606748742067,0.027297056640171534,0.010776356927612555,0.036330525959223224,-0.05918346553282003,-0.03384922000529316,0.029245108211915474,0.07418711910950498
66.6,160,666,0.02138379927465367,0.0273088037751318,0.010798736202848663,0.03632699187417045,-0.06468585484494355,-0.03165800575304371,0.029938362923407045,0.0779922734622763
66.7,161,667,0.0212869990732894,0.027363673127374397,0.010704702294709694,0.03628357187194197,-0.06175317631473348,-0.018232174083340415,0.03996664122054674,0.0757838991291402
66.8,161,668,0.021245050911741645,0.02740385595235499,0.010700287127742238,0.03628800978169019,-0.06089433931427015,-0.024507694186345484,0.03899052428000096,0.0763479444286632
66.9,161,669,0.0212399517943044,0.027437727669209176,0.010654839884831978,0.03629724596777926,-0.05631244834509182,-0.031165078658435534,0.038300359223069645,0.07489506981785439
67.0,161,670,0.021287833593894738,0.027457488098594166,0.010584000516001377,0.036319506862408125,-0.06328365323272366,-0.028192855594080798,0.03858018838232661,0.07929747037985586
67.1,161,671,0.021357816119529336,0.027462238605091196,0.010492903235170449,0.03633774727334152,-0.061223746875054205,-0.0310870166966105,0.03955087816129674,0.07924027859520555
67.2,161,672,0.02137975896776755,0.02744802401294091,0.01049741841442999,0.03634121501962244,-0.059734175267548616,-0.038046990939791844,0.035896057012474905,0.07939944661966901
67.3,161,673,0.021341834702530055,0.02743109959923298,0.010607221456683745,0.03633802802470557,-0.07247141855763754,-0.03714073713641191,0.032292008244702824,0.08760316580619842
67.4,162,674,0.02075668328895228,0.026997678218282247,0.011471446188030865,0.03593478270395788,-0.03440006474305576,-0.01974665302001674,0.03582722716230994,0.05344983597691506
67.5,162,675,0.02071717006042387,0.026955882263861926,0.011517030839514131,0.03589516295121153,-0.03623201826776272,-0.02598124506839382,0.035657081693655564,0.05708950619831508
67.6,162,676,0.020759697012497632,0.026912325609380627,0.011483168364620627,0.035876196083841606,-0.035300827012807685,-0.02733330875104985,0.03563962444594641,0.057126534865301365
67.7,162,677,0.02084105920632568,0.026878835070100547,0.011397071562822091,0.03587080656711426,-0.03532649399845499,-0.029428143198110567,0.03580934004564448,0.058277659740384014
67.8,162,678,0.020906986876250495,0.026856560394041454,0.01132784950551796,0.03587056050387518,-0.03373020623166708,-0.042539296747461,0.0401316281136704,0.06751197045897327
67.9,162,679,0.02092284963103049,0.02676859067084884,0.011307735163601933,0.03580765222290241,-0.03587355262262406,-0.0534196905742419,0.04136456444003355,0.07649576661573904
68.0,162,680,0.020865386382462568,0.02667485084691191,0.011353296333708287,0.03571847357090509,-0.04923504805393404,-0.04792121085922383,0.03821240739061838,0.07861755838026244
68.1,162,681,0.020813984198296175,0.02673667929038608,0.011398496417935966,0.03574909339093205,-0.0447739672240719,-0.05975897230730722,0.040515607075772106,0.0849550312160859
68.2,162,682,0.020762695382691328,0.026704776069633625,0.011323117200638987,0.0356713830349079,-0.04872028215186978,-0.05825387134293941,0.03951513847396479,0.0856073921341735
68.3,163,683,0.02077382372361221,0.026701844055593366,0.01128276298138215,0.03566287942052615,-0.040282137097205455,-0.04667419301082968,0.03540743951023187,0.07109724069892563
68.4,163,684,0.02079078618418296,0.026713890920842778,0.011238083595443633,0.03566767838232927,-0.04490892740992761,-0.05017480127941981,0.03661946856114011,0.07665055722067352
68.5,163,685,0.02079905157133259,0.026734223168910883,0.011221013412639145,0.03568235385619497,-0.05428814498988543,-0.04544289042792899,0.03237526831908369,0.07784867998637002
68.6,163,686,0.020794769292306347,0.026735438376153803,0.011201209669495553,0.03567454545113876,-0.05734610346160221,-0.05344625195352645,0.03480941571098567,0.08577163197846262
68.7,163,687,0.020757157335073537,0.02673568942095272,0.011264543333816284,0.035672771212313534,-0.05959204557898539,-0.05955708417926904,0.035740833803897275,0.09151866133867026
68.8,163,688,0.02069308703522613,0.026715907337652636,0.011373874131790545,0.035655414296952154,-0.06061634468547403,-0.06468090719267697,0.037740157611246654,0.0963445924523926
68.9,163,689,0.020617540046602725,0.026692488820028958,0.011484700368881958,0.035629626149366704,-0.05998768606197133,-0.0660618610692793,0.04146868714474645,0.0983989023338942
69.0,164,690,0.020598664415348557,0.02660457438652787,0.011548069334470331,0.03557339257560594,-0.0591332230734142,-0.047054875948974555,0.037442423403790094,0.08433762204361846
69.1,164,691,0.020618195331006776,0.02658554155133212,0.011548814547706855,0.03557071992162208,-0.05799093665929684,-0.055605373644650305,0.04431426988220485,0.09175326058498759
69.2,164,692,0.020609219817323193,0.026570746587098425,0.011483437808339029,0.03553327819907052,-0.0678306868140837,-0.047665339955690125,0.03307874688735783,0.08925911831515984
69.3,164,693,0.020693403056076157,0.02662938231958597,0.011428829804210198,0.03560841309939974,-0.0670263554214215,-0.05157705761207053,0.042252425653107925,0.09454095761398323
69.4,164,694,0.020685991177062987,0.026618216058872025,0.011369477307267334,0.03557674340597783,-0.07316293960217551,-0.06674519452640784,0.044542179279189104,0.10858978984480551
69.5,164,695,0.02063948730941293,0.026530082732146174,0.011385487652814108,0.03548891454049166,-0.08296265657071944,-0.06005366526200612,0.03363194031504175,0.10779773887251415
69.6,164,696,0.020627125720528557,0.026605166964243185,0.011393430382960047,0.03554044851401154,-0.08810235945000139,-0.06227680795767892,0.03360908186204395,0.11300441112480716
69.7,164,697,0.020604511637907358,0.026699584293008043,0.011419301281964608,0.03560637784195944,-0.08701033029653349,-0.07329569633424937,0.040115942852204024,0.12063310304537328
69.8,164,698,0.020469810445086466,0.026668195626367106,0.011422301629828158,0.03550598220225335,-0.0935203278022821,-0.06410707286607566,0.03317266709275819,0.11813633795640355
69.9,164,699,0.020472488438440996,0.02685892988141655,0.01136933732688242,0.035634066965326776,-0.09253864664831857,-0.07285831662199792,0.03887290837092976,0.12402757124812352
70.0,165,700,0.020624116220737065,0.027039077208932276,0.011210356200968694,0.03580695396636899,-0.07931686239833793,-0.04353371683170691,0.030652016338466245,0.0955295518021189
70.1,165,701,0.020603368375612937,0.027012677787405893,0.01113996653632247,0.03575307544950229,-0.08477771611236117,-0.04361750149145878,0.03255562740491903,0.10074530490952631
70.2,165,702,0.020630116704700382,0.027017980160582062,0.011086021522981276,0.03575573856621015,-0.09132084487379369,-0.04166038996730507,0.025945307716476743,0.10367373723944792
70.3,165,703,0.020657892648204477,0.026960619604886157,0.011047502018924417,0.03571653453237382,-0.09691059109375104,-0.04161892783221871,0.02447467231602763,0.1082719142022555
70.4,166,704,0.020728087683342476,0.026861400543708634,0.010993418718129819,0.03566572182488407,-0.06745735885908748,-0.031170544059519363,0.03437131802738889,0.08187481654422228
70.5,166,705,0.020710123752599546,0.026816401071388104,0.011015076432576291,0.03562808584649238,-0.07966990868882473,-0.02334870686352036,0.028312510601721345,0.08771576095125012
70.6,166,706,0.020664844131758817,0.026832375059569945,0.011082242310395425,0.03563464927501934,-0.08743251533869306,-0.030208029500161344,0.028127661024308064,0.09668575437690805
70.7,166,707,0.020590293181668454,0.02683217942353028,0.011143520190520392,0.035610448862098326,-0.09009188994728931,-0.032873866386864896,0.03373718977744375,0.10166335475270914
70.8,166,708,0.020522340658476145,0.0268573517936036,0.011159781211138343,0.03559528800485258,-0.0900119695804465,-0.03610815601431671,0.03339467606948229,0.10257269611495602
70.9,166,709,0.020461813126300302,0.02690398785336416,0.011145397749311399,0.03559115409508319,-0.09225636859278086,-0.035553134361981736,0.03475201260353465,0.10479964355323161
71.0,166,710,0.020405118048836938,0.026891532911337074,0.011099974876374971,0.03553495219026827,-0.09747515323481702,-0.027316982701778094,0.026377597470946514,0.10461071020894365
71.1,166,711,0.020424277686972376,0.027022332875540296,0.011010297725825017,0.0356171903591843,-0.09702275657304875,-0.03086694506956614,0.02838468520174673,0.1056970857921965
71.2,166,712,0.02048706288453867,0.027020988342900273,0.01090452801848093,0.035619689610776085,-0.0976830873990544,-0.027241691537338464,0.029889673431840253,0.10572363926525068
71.3,166,713,0.0205620741933066,0.027011818336433385,0.010834465094530609,0.03563457392555896,-0.0959497628268175,-0.03479066471704585,0.038967355766717664,0.10924835080414887
71.4,166,714,0.020516229837088416,0.026861203601207254,0.010883843502093352,0.035509125517418846,-0.09575795795714927,-0.04323866264063113,0.028344731586138608,0.10882367512523973
71.5,166,715,0.020534828371148787,0.026851323518096385,0.010962657541900896,0.035536637591182,-0.10611868610709152,-0.030713838647815333,0.021014770184731437,0.11245503986703544
71.6,167,716,0.020632595066979564,0.026782904580378554,0.011131036955356173,0.03559393123358414,-0.0668121230751534,-0.012799705208160908,0.02080437013176458,0.07113729021972039
71.7,167,717,0.020592303352655612,0.026789478824591755,0.01115778356780141,0.035583918660076506,-0.06555786093015385,-0.024419775711932663,0.02899916508306724,0.07573051004102294
71.8,167,718,0.02061030046512684,0.026760165404760748,0.011145556118772286,0.03556844611379114,-0.06932058290707944,-0.01804826869233922,0.01628977426433148,0.07346046530584341
71.9,167,719,0.020662299057431544,0.026712941370038747,0.011109695203514423,0.035551893993047055,-0.07344502699817074,-0.009363283397627264,0.01424710130856274,0.07539776496981035
72.0,167,720,0.02075051652527995,0.026709862186000077,0.011073991352352153,0.03558980132752926,-0.0777498835416459,-0.011832253608620454,0.011265611900212887,0.0794478484773781
72.1,167,721,0.020740651776466775,0.026709961042735847,0.011052994949449033,0.035577596214045534,-0.08301177406427852,-0.010591692036756828,0.005825259821024344,0.08388725901758122
72.2,167,722,0.020698710234524208,0.026744533966568954,0.011087927590435188,0.035590010406186895,-0.08634761545413376,-0.01207667203355396,0.005534046036584903,0.08736350706992037
72.3,168,723,0.02063275134460339,0.026706691569656545,0.01129456784742351,0.035588271459921314,-0.0744030950745379,-0.014119790398607845,0.010573037136765728,0.07646553571293915
72.4,168,724,0.020582126171253132,0.026715951506216667,0.011324506306074981,0.03557541884065788,-0.07806938801829853,-0.026818584107286263,0.019924510944450267,0.08491791292446348
72.5,168,725,0.0205308986953671,0.026741812200084335,0.011374235228633307,0.035581112236976076,-0.08150931634049727,-0.031425107766488714,0.023135778911967747,0.09036907830831371
72.6,168,726,0.02052366847556269,0.02671142580741051,0.01137493902242987,0.03555433129906397,-0.08633916318406298,-0.021891740210764548,0.014021207814979456,0.09016814103313156
72.7,168,727,0.02055260269938122,0.026659788593229854,0.011328321449571977,0.03551738549526349,-0.09348784908596705,-0.028527828505014566,0.01426905123787696,0.09877965756754388
72.8,168,728,0.020592620135034514,0.026631323089291736,0.011304697830805685,0.03551168211388887,-0.0970802067363708,-0.03154578679907384,0.021189686349588545,0.10425308634444859
72.9,168,729,0.020575461929125946,0.026634668758324227,0.011300803060923294,0.035503004989498245,-0.10120150456809447,-0.024004777314420682,0.015372546354089103,0.10513937912204728
73.0,168,730,0.020481361292967605,0.026667634157641472,0.011362037400908787,0.03549288331311684,-0.10373301668890417,-0.024458991279577673,0.010628273845267166,0.1071062146223314
73.1,168,731,0.02040209783284216,0.02671803671078053,0.011445518139614806,0.0355119552706371,-0.10365652543969493,-0.024586595383130065,0.017450750950804252,0.10795232580871461
73.2,168,732,0.0203507548103031,0.02682631077197589,0.011324911636218677,0.035525452770539964,-0.10669638673072461,-0.01033159414544608,0.008241628720622835,0.10751179108798792
73.3,168,733,0.020554393724507316,0.02693015698973454,0.01119548453478416,0.035679900936555375,-0.1096118839444958,-0.014019744737635535,0.008487307291576512,0.11083028796060995
73.4,169,734,0.020616115397693306,0.026923214870908464,0.011364394715258406,0.03576357337180259,-0.08146337649969325,0.0038456329779945142,0.004160601032355774,0.08166015677601074
73.5,169,735,0.020635842123820466,0.026893079185181804,0.01130543592498059,0.03573357762208458,-0.08528625587793076,0.005181265590914446,0.009686917553783859,0.0859908560632657
73.6,169,736,0.020664662122004653,0.02690413394981404,0.011274741698912797,0.035748852912832786,-0.09112839494093176,0.0050946194169637846,0.0036582972223519177,0.09134397982396655
73.7,169,737,0.020614100671811013,0.026902143658754908,0.01126881604541773,0.03571628053156306,-0.0982672501611268,0.0011099280457769383,0.008599697539510277,0.09864907091436462
73.8,169,738,0.020592026588814222,0.026910206823935533,0.011302545791241092,0.03572027899813383,-0.10356633665813839,-0.0004925659722040222,0.010945585349419203,0.10414429676494653
73.9,169,739,0.02054895349359517,0.02691497386049199,0.011343122842520054,0.035711927187053405,-0.10817833535618412,-0.0014739756915428197,0.00785756485883407,0.10847334313224184
74.0,169,740,0.020489660842870946,0.026911767890964687,0.011372726968963957,0.03568484792154279,-0.10624383267839617,0.0004168004772457103,0.003707606171594387,0.10630932249034662
74.1,169,741,0.020454569798312734,0.02693412739645855,0.011362173249104044,0.03567822340287367,-0.10457719438824777,0.01036373228089719,0.000442926713467531,0.10509040259215384
74.2,169,742,0.020484021336985538,0.02700176645029821,0.011303299451527792,0.035727511808988845,-0.10811129238771679,0.012960988553335303,-0.010218387878211109,0.10936386156702611
74.3,169,743,0.020558213273231193,0.02709138308296363,0.01127047860417131,0.035827459556918496,-0.10470886944862522,0.019268737891428935,-0.019679483072888432,0.1082705576560587
74.4,170,744,0.02052973514785003,0.026992665573772317,0.01138343142558601,0.035772287193292535,-0.07984762725662978,0.01951596502206768,-0.003556050625222982,0.08227491698753275
74.5,170,745,0.02054489697588601,0.027015675996502588,0.011431725269491834,0.03581373875951678,-0.08933572861892518,0.018167755399536172,0.004189556363341753,0.09126057268422788
74.6,170,746,0.020538171018335636,0.027042337122891957,0.011469049879590599,0.03584192476677389,-0.08813783927526597,0.02464348093396582,-0.008612173823990736,0.09192251847414748
74.7,170,747,0.020527544244572517,0.027043827209515335,0.011434687226182341,0.03582597849063751,-0.09536537754634371,0.026824464588439248,-0.0072345363480162276,0.09932998364634858
74.8,170,748,0.020541880596779666,0.027101180944189937,0.01135335083057949,0.03585165884731551,-0.09401848660091984,0.027459701615339352,-0.00996992727741077,0.09845257988213246
74.9,170,749,0.020565412022860927,0.027225238065712632,0.011261073580000572,0.035929953208694104,-0.10344847613332099,0.036314187777684255,-0.016135154694718674,0.11081809719211794
75.0,170,750,0.020635072421916284,0.027279455300186353,0.011210494938040157,0.03599513983982309,-0.09971089433075368,0.03218877452908751,-0.013977917668038232,0.10570601608355891
75.1,170,751,0.020560996345491703,0.027248142247331957,0.011143909871751076,0.03590825189117218,-0.09079066293480506,0.0317907737131972,-0.016796070501911748,0.09765093831464337
75.2,170,752,0.020605326625862595,0.02719338656625673,0.01114897915755948,0.03589372500251332,-0.09881620609080381,0.034003093051651154,-0.010233133257064974,0.10500271396262245
75.3,170,753,0.020605190815576657,0.027200638602994383,0.011101179267198521,0.03588432540928575,-0.09679936169979134,0.02971207193922663,-0.006859149949573137,0.10148877564755394
75.4,171,754,0.02065044969808691,0.027075632608999343,0.011571024613490884,0.03596414276076573,-0.06021301501259019,0.03283933857816908,-0.010749009160150126,0.06942312678843432
75.5,171,755,0.02066402848151511,0.02703323361733147,0.01150816975299552,0.035919851947883205,-0.05568408867625335,0.028489716780580987,-0.020280725951175405,0.06575476818489473
75.6,171,756,0.020705364536501,0.027011767847780782,0.011469083917678334,0.035915005342649534,-0.0593940465021234,0.031162477945525704,-0.026029493049609095,0.07194641964699439
75.7,171,757,0.020672197125559386,0.027025031254276802,0.011489603978665724,0.0359124358388455,-0.06973941567533307,0.03393402680964497,-0.0157891973718957,0.0791479818308924
75.8,171,758,0.020745091916859644,0.02693649957186524,0.011566831396167454,0.035912747546956315,-0.06384101644912299,0.0424018682693818,-0.022948707265767768,0.08000148110604641
75.9,172,759,0.0206470956694972,0.026802395642220016,0.011798851537821523,0.03583132525261964,-0.04037221116100914,0.02922971530828263,-0.010229047384202728,0.05088148092794301
76.0,172,760,0.020640256188395392,0.026801197223021007,0.011794313924471254,0.03582499391568462,-0.0486507254334829,0.02769154589713176,-0.008908358880170518,0.056683980605767334
76.1,172,761,0.020626123734182853,0.02679461156822618,0.011749031501263132,0.03579703801444492,-0.05240947371736649,0.024711388122820463,-0.006675089740631283,0.05832634448800544
76.2,172,762,0.02066975328469032,0.02679297583113998,0.011698823288229158,0.03580453492320813,-0.05924218702820303,0.023351074616424723,0.004755590353444983,0.0638555013231922
76.3,172,763,0.020683224685294658,0.0268075946935386,0.011633242142153949,0.0358018887682397,-0.06445036490769171,0.022718927376270605,0.0011132527594685262,0.0683464595247577
76.4,172,764,0.020756347102221507,0.02678886727135317,0.011625608638027585,0.03582770060881186,-0.06699564262566506,0.015072328844499671,0.004087074448048141,0.06879168122067125
76.5,172,765,0.020808959263087148,0.02681856907894009,0.011640214734228589,0.0358851366461611,-0.07087230244934926,0.0198163684742746,-0.0005851578106505294,0.07359289451872121
76.6,173,766,0.020783043570493907,0.026848435097003125,0.012207567115071797,0.0360804387733855,-0.04781124969473295,0.0016727682682437415,0.011878426719374514,0.04929311080038361
76.7,173,767,0.020697135691671236,0.026801842364622203,0.01227783886095441,0.03602020970334669,-0.0559699413622054,-0.0014632780297024386,0.022870710037142174,0.060480119843498624
76.8,173,768,0.020658189223071985,0.026781541889893023,0.012325831914623922,0.03599913749472206,-0.060857584346342565,-0.005073582122904067,0.020323254174517726,0.06436164594129103
76.9,173,769,0.02061993990685123,0.026767567028278906,0.012346048779697383,0.03597373329036378,-0.07691190894812938,-0.002336341363267562,0.019589911963288784,0.0794019198743989
77.0,174,770,0.02058341941736829,0.026730112968836955,0.012230738084090123,0.035885471270692436,-0.07481885182698214,-0.010994806680316082,0.040008357474935065,0.08555357988119272
77.1,174,771,0.020594774818271783,0.026725495675818892,0.012204526025608366,0.03587962269092706,-0.07422567916400699,-0.005627925743429354,0.029427247430157503,0.08004428703441219
77.2,174,772,0.020602999611049753,0.026728411452462075,0.012178760029582063,0.0358777614631009,-0.08195519871648897,-0.007132739702524151,0.029618924931969534,0.08743461149023771
77.3,175,773,0.02051955342833243,0.026708024515311277,0.012088456864687602,0.03578409473185078,-0.06125819177870942,-0.004655843463055914,0.030905102616533724,0.06877040283499947
77.4,175,774,0.02057099477771105,0.026686691226987063,0.012046472695718588,0.03578355515034605,-0.06406923544594326,-0.006478156899670702,0.042902849245826935,0.07737885965077682
77.5,176,775,0.020687529153781466,0.0266695895431999,0.012010202400033379,0.03582577048133205,-0.04346348762238297,0.0092207540930082,0.01721279670767691,0.04764847775999332
77.6,176,776,0.02074020484681252,0.026644277244743664,0.011990347490318905,0.03583074154857959,-0.05277509544728392,0.00019161533389371477,0.01522940327153071,0.054928882565668684
77.7,177,777,0.020805646035191576,0.026629920901397715,0.011958478903095612,0.03584735432123499,-0.04032254040433659,0.003333160501531236,0.009207851070100389,0.041494598984897706
77.8,178,778,0.020739635400079948,0.026622610019234248,0.011968040258322167,0.035806840525091026,-0.028339384493892568,0.004364861871723592,0.004590856779871011,0.029038744783912277
77.9,179,779,0.02065852303597185,0.026621011359149477,0.011982386666091476,0.03576353464113232,-0.02206354127167627,0.012280901548917174,-0.0021768690724186237,0.0253448052914125
78.0,180,780,0.020619998638870873,0.026611489348183824,0.011974985250929627,0.03573172233402023,-0.019926228366123948,0.011108845275756498,-0.005952918544602869,0.023577494766371953
78.1,181,781,0.020643728891642416,0.026590686893109027,0.011925514485146007,0.03571338779413708,-0.019111311537738394,0.010170751952936031,-0.005633322904259412,0.022370086073242954
78.2,181,782,0.020702461767564143,0.026559089255526577,0.011861514784132105,0.03570255842785873,-0.018518534328849198,0.016914105396442992,-0.02223125317852611,0.033514947306216604
78.3,182,783,0.020750725634422432,0.026549589416701883,0.011806913439257535,0.035705413000169106,-0.022058631472414908,0.013634910335315916,-0.02103177414936419,0.03338906297214377
78.4,182,784,0.02074822890986443,0.026537223208269026,0.011800879730230595,0.035692772110176504,-0.027921019889384887,0.010275702006461848,-0.0144055847600832,0.03305592648329452
78.5,183,785,0.020736068063938774,0.026540557404931733,0.011817717751093089,0.035693755181561926,-0.029373578687911094,0.002183029248639206,-0.0037985831597025905,0.02969851807172363
78.6,183,786,0.020725360336446997,0.0265297023665792,0.01183429690250322,0.03568495834257686,-0.03871270142663347,-0.0012319728711009214,-0.0002281714831851662,0.03873297136973274
78.7,183,787,0.020744222477156692,0.026497996579286417,0.011841019295226575,0.03567458937181444,-0.040996215282998676,-0.011090445319981854,0.003666404821375628,0.042627809810494466
78.8,183,788,0.02077986930961749,0.026461837888341642,0.01183679393820669,0.03566709300867149,-0.04715519679877837,-0.012699157939565687,0.006275023205420647,0.04923674556400047
78.9,183,789,0.02081830181123335,0.026446038454915805,0.011835789998208298,0.03567745177481395,-0.04856669055458247,-0.018575361809113733,0.013670788430915806,0.05376483938492621
79.0,183,790,0.02084401235226736,0.026446025781509664,0.011830033222982057,0.035690542397596135,-0.04978665279297892,-0.03399144379429314,0.012042353763586209,0.061474769879330045
79.1,183,791,0.020791966743807327,0.026507626360476884,0.0118661209815226,0.03571785216793375,-0.05824331738162547,-0.02598648811671659,0.007766516916725763,0.0642487382699053
79.2,184,792,0.020765169069896672,0.026550136220264853,0.011907888315814208,0.035747724178721046,-0.05610349762751857,-0.051446934573409896,0.030996915512426455,0.08219001334910589
79.3,184,793,0.02065381216532533,0.026573939143482515,0.012002893512508637,0.035732669243070475,-0.059822314906495686,-0.06601801780169975,0.029466000177059703,0.09383673695132394
79.4,184,794,0.02054632002495322,0.026591138331830383,0.012103252716223784,0.03571734355552091,-0.05304355362286372,-0.06239687157812006,0.022403402672560507,0.08490524492036353
79.5,184,795,0.020409258976054428,0.026622386005701586,0.012156459096027788,0.0356800894945855,-0.08164403909513542,-0.07225774293062563,0.016670669499828816,0.11029434144492138
79.6,185,796,0.020359613299305936,0.02658192645050506,0.012145636993974897,0.035617820897785805,-0.056138604568093185,-0.08139743519950536,0.03334294847565777,0.10434959316145308
79.7,185,797,0.020380077502854657,0.026579541219264927,0.012110513588787042,0.035615784560123924,-0.06793854029019573,-0.06638758799891029,0.03537059911509564,0.10136092135944903
79.8,186,798,0.0204068641344217,0.02648372638331586,0.012019099347186495,0.035528673153730726,-0.041779525269491906,-0.03471371550448143,0.025129390659070137,0.05985028864396853
79.9,187,799,0.02036107068352434,0.026530259592311017,0.012040458563094054,0.03554434576447385,-0.03299446991332254,-0.015593637920269058,0.019838184778433188,0.041537334576894284
80.0,187,800,0.020308935496466986,0.026544921719116703,0.01207103674357997,0.035535836252134946,-0.046368727537699495,-0.010051597146286624,0.016187021435375974,0.05013096011055414
80.1,188,801,0.020344534059624667,0.026667425003867897,0.012089518400266888,0.035654005070826736,-0.035583348491093944,-0.002626614877024605,0.017714573909354957,0.03983566146483379
80.2,188,802,0.020353324395658977,0.0266779446009275,0.012063685071652135,0.03565814128068212,-0.04922388170285301,0.0061106926028938425,0.017742669131808192,0.0526795349438883
80.3,189,803,0.020397991043730586,0.02670401866111237,0.012022422974652579,0.03568923234610973,-0.04276645198828173,0.0031858402718262153,0.018124019712704095,0.04655748150888407
80.4,189,804,0.020409918822014185,0.02671806419770794,0.011987555297216918,0.035694834679514696,-0.050270289851196526,0.009093170612607313,0.01637970926367941,0.0536477648096914
80.5,190,805,0.020401399471130458,0.026743488073806554,0.01198775372695362,0.035709067394046654,-0.046726591222083856,0.016815682528940584,0.009293786734711389,0.0505224304445079
80.6,191,806,0.020414609126579747,0.02681672268732244,0.012005575028268002,0.03577746096691546,-0.039856368134373835,0.017883720598493545,0.00882812344544701,0.044567850597440346
80.7,191,807,0.02037649306804236,0.026823699010666776,0.012025532185735849,0.03576766308716566,-0.042068544300271064,0.012815743520643998,0.009781460681246083,0.04505199967359452
80.8,192,808,0.020370686624971386,0.02682068830000196,0.012062266807475167,0.03577446680236293,-0.02867831105639433,0.003586388591842508,0.012110108672030889,0.03133627993600078
80.9,192,809,0.02036345898275824,0.02680483198590689,0.012075752148097635,0.03576301538569503,-0.031869496204178255,0.0037124567470435705,0.011421117715573243,0.0340571439389709
81.0,193,810,0.020337583576213736,0.02677981864873422,0.012088740685920668,0.03573392847071261,-0.022309405459886834,-0.007823356377648761,0.014327740625599014,0.027644142750676254
81.1,193,811,0.020321100144292455,0.026795810560489842,0.012082923012447991,0.035734571540635085,-0.030926086543691507,-0.000443785334790873,0.010540067694631125,0.03267587491313246
81.2,193,812,0.020299672669510323,0.02682169399679158,0.012069826978728875,0.035737385223925396,-0.034088954734967335,-0.0007815738144461416,0.010607979440132862,0.035709899472728304
81.3,193,813,0.02028634711582246,0.02684420626581567,0.01206263836415088,0.035744293721510015,-0.03892358511432136,0.005723223182006807,0.01153199541620768,0.040997410650214415
81.4,194,814,0.0202712986130098,0.026835820046930962,0.01209778453090811,0.0357413370707554,-0.03539932316964492,0.009796691485352534,0.007958037710546269,0.037582144818126266
81.5,194,815,0.020274860125137028,0.026829177806411274,0.012108000210165688,0.03574182989091738,-0.037204447480554785,0.005373888604813783,0.0116172090891199,0.039344747274453765
81.6,194,816,0.020274040870016073,0.02682761760944231,0.012104927910103971,0.03573915331266754,-0.04444360481358092,0.013050790345347401,0.008704826750382318,0.04713099984318323
81.7,195,817,0.020312216876278072,0.02686367116996486,0.012106229088390699,0.03578831884704218,-0.04921894544312155,0.02188951886398549,0.011965852037462981,0.05518004387106094
81.8,195,818,0.020332148936348757,0.026878505384570036,0.012072829625177632,0.0357994908795753,-0.057496187011555684,0.021020307059970364,0.018159345468492582,0.06385473089448648
81.9,195,819,0.020369323033369614,0.026871008453151875,0.012029316622424019,0.03580034740794631,-0.05326536138188059,0.029150571088190972,0.003488003255914111,0.06082039694562408
82.0,195,820,0.020424377548790264,0.026842249903388852,0.01197849905889257,0.03579310014284033,-0.05526376045917277,0.03678917344188471,-0.001352964098105128,0.06640298949954486
82.1,196,821,0.02052657382327082,0.026805812240918814,0.011923288347588436,0.035805818072449036,-0.043788275205338255,0.028399615947192817,-0.0038911556341713416,0.05233633846168294
82.2,196,822,0.020586109906957327,0.02678380941648819,0.011862557255383939,0.035803360632730416,-0.048777224021678195,0.027948289259647586,-0.00041942979177403937,0.056218327769083816
82.3,196,823,0.020600713323093756,0.026788770839360126,0.01181192650925313,0.03579873238487699,-0.051814017986157146,0.012197847716927371,0.009866255336881399,0.05413707549515126
82.4,197,824,0.020651607665421335,0.026810231612189584,0.011814884299524719,0.03584506813045408,-0.031984287043032286,0.005916273211198092,0.00799747110444395,0.03349561837654351
82.5,197,825,0.020684065720515725,0.026834904343626786,0.011779886010260664,0.03587071758798461,-0.036987242908875284,0.006384201049454523,0.0033493188050767713,0.037683313250005526
82.6,198,826,0.020703780942234656,0.026829482435368885,0.011792275361012697,0.035882104610010734,-0.028237354787385028,-0.009680457607435263,0.015069618279823145,0.0334387927410304
82.7,198,827,0.020747375277568297,0.02679666483011392,0.011776382279409262,0.03587754181262285,-0.03187476713178302,-0.00971278511665758,0.015320882870856355,0.03667517452406
82.8,199,828,0.02072233408210071,0.026728134175376696,0.011769469721610616,0.03580961747680421,-0.024445855512255,-0.011919099831539008,0.018744948479832824,0.033030862629241584
82.9,199,829,0.020790637643090998,0.0266740202966971,0.011726597804068806,0.03579479107989475,-0.028589166766355426,-0.016297224207304378,0.014222406416511114,0.035849920746551814
83.0,200,830,0.02081146380121964,0.026604276549616803,0.011732451941510185,0.035756887236416596,-0.029079383289511197,-0.006140426791914673,0.008767016109910278,0.03098670594233264
83.1,201,831,0.020806145439082976,0.026595192048422835,0.011740935373606919,0.035749818063480834,-0.03391483013613297,0.0008992870873220295,0.009143476063964776,0.035137267608060734
83.2,201,832,0.020728927797223413,0.026643801888779337,0.011763361792187078,0.03574852874406036,-0.03962509627440611,0.001797649604464694,0.009685593682857489,0.04083124445624691
83.3,202,833,0.020616762388101065,0.02671256466548239,0.011809692389124951,0.03575025645643333,-0.03401726357290581,-0.004540332181793399,0.014208982491106211,0.03714409806068975
83.4,202,834,0.020509975601363462,0.026767733592504058,0.011839420272735511,0.035739929116357455,-0.03806760878540748,-0.0006057826829708205,0.012780414452429688,0.04016028890426081
83.5,202,835,0.020491343437293873,0.026783817198658532,0.01183401695774856,0.035739501632683184,-0.042595393207342146,-0.01459802099358798,0.01748990445962099,0.048304932433696615
83.6,203,836,0.020487200608534453,0.02675727245775962,0.011867159996042423,0.035728231197818705,-0.04300974487819027,-0.007922026285875333,0.011167017931989381,0.04513644807087158
83.7,203,837,0.020495316166212196,0.026713576179897724,0.011866522469004225,0.03569996488204968,-0.04945438598525658,-0.0028512694959229516,0.003417444717802278,0.049654254191522786
83.8,203,838,0.02053909006669869,0.026704189809471233,0.01182534277841851,0.03570443538239084,-0.052247522496755204,-0.009257774033209161,0.008556911582999007,0.053746913613138436
83.9,203,839,0.020562354020777083,0.026700667583464205,0.0117654110077194,0.03569539113749825,-0.05621583365540644,-0.007511264915678502,0.0029498916197994657,0.05679208496590342
84.0,204,840,0.020603836576723114,0.026714501269667523,0.011766395440014173,0.0357299695132555,-0.04207729825471677,-0.009936869042442073,0.0043365416223666384,0.043451651154191515
84.1,204,841,0.020626388568996137,0.026727412559891577,0.01171309089757093,0.03573512258158104,-0.04337206141288849,-0.016961210023754666,0.008918091594508673,0.047416776718386636
84.2,204,842,0.020648680355652788,0.02674727248803528,0.011679493045029115,0.035751855109462695,-0.046419304471840714,-0.016602096057076438,0.005347288178403257,0.04958805210936134
84.3,204,843,0.020633346974157498,0.026748743863023595,0.011656882607116644,0.0357367208585471,-0.04846438840305274,-0.027156384256704198,0.008423933018712668,0.05618922313650085
84.4,205,844,0.02061996154895272,0.026730973238386763,0.011580437751755723,0.035690815108006806,-0.0362895985850629,-0.011716508814812638,0.001423757269826967,0.038160694818569096
84.5,205,845,0.02063019792298906,0.026737421697357273,0.011584014910859407,0.03570271959975916,-0.039387708589301795,-0.031545994567960256,0.014630042738059245,0.052541217265257345
84.6,206,846,0.020629098327514583,0.026743686341558895,0.011559033660025106,0.03569867947271359,-0.02581819824753819,-0.029074357320679686,0.016303706052539384,0.04216287994678914
84.7,206,847,0.02061441964958594,0.026722666702024663,0.011575492448674583,0.03567978753560698,-0.02953660614136088,-0.03985287738925862,0.02665828524435553,0.05631453729475705
84.8,207,848,0.020598232019720476,0.02667453184496645,0.011653773929257568,0.035659897059310344,-0.022293975938617205,-0.043458923356929045,0.037931624630638996,0.061842602869015585
84.9,207,849,0.020569771795185016,0.026679809603514498,0.011662822969312868,0.035650374357070996,-0.026651657078575943,-0.03877807973185587,0.024245215243101,0.052932794701474765
85.0,207,850,0.020537878979741023,0.026706572245545557,0.011667405665785205,0.035653524777545194,-0.030789184093701866,-0.04170712930644103,0.031941858150698645,0.06089122099497932
85.1,207,851,0.02049664113048902,0.026726574731244655,0.011652912662829803,0.035640040236009814,-0.031008105748261214,-0.04278078279004977,0.03157054804161262,0.0615499593978139
85.2,208,852,0.020462741414818447,0.026717812845363467,0.011671127380169337,0.03561994558914617,-0.03391482950732438,-0.05289110878868124,0.04451551558496739,0.07700205307134654
85.3,208,853,0.020483415103164218,0.026709537523714612,0.011665654356563806,0.035623828831079785,-0.034972121379343205,-0.05108354921831395,0.03964931366279685,0.0735162998826945
85.4,208,854,0.020507133244232822,0.02666810743161125,0.011649251134158725,0.03560106065649416,-0.037683295013581516,-0.056250648717783784,0.04027426149982896,0.07877932687963723
85.5,208,855,0.020524672859309836,0.02663432774000039,0.011646979885513642,0.03558513384261753,-0.03931593661141805,-0.05158720005193075,0.025728661988695396,0.06977783407758875
85.6,208,856,0.020552052141400833,0.026637128215201034,0.011622255915608372,0.03559494738504063,-0.045084127829647276,-0.05566721096312559,0.036856992048281315,0.08055963518673714
85.7,208,857,0.020513896554916006,0.026642167368098508,0.011620012677422218,0.035575971224395556,-0.05241216413031486,-0.06344992809257968,0.044543974555061885,0.09357934597409087
85.8,209,858,0.02046822459294578,0.026661511680415282,0.011641421777627932,0.035571155787756194,-0.0396132990267215,-0.03863335543068297,0.023539349140592844,0.0601319430051671
85.9,209,859,0.02037698316639075,0.026668206551564332,0.01166720916197617,0.03553221711728064,-0.04165682386117319,-0.03902450364588902,0.034732348164560604,0.06681720488042783
86.0,209,860,0.020326987146976668,0.026726003478645264,0.011677247471644168,0.03555029925229791,-0.044728616401432456,-0.04614552589049433,0.02596089482412595,0.0693110867391798
86.1,209,861,0.020270509937789366,0.02673600942840909,0.011673136939305438,0.03552421567463206,-0.047760721805091444,-0.047288077964118075,0.02188238685615708,0.07068300870369315
86.2,209,862,0.02029163510288984,0.026747497976724956,0.011651553942333035,0.035537836349936014,-0.04909085053858507,-0.03838935242793687,0.016784526851029727,0.06453971124858693
86.3,210,863,0.020326315830361808,0.026752579863963517,0.011588929490570207,0.03554100352199936,-0.03846826600473409,-0.021405133736585917,0.0062545041527914905,0.044464660820581946
86.4,210,864,0.020353408837939176,0.02672558326337797,0.011571517948299895,0.03553052321201977,-0.04109120146966246,-0.02677033304103803,0.010208851615947085,0.05009349479388425
86.5,210,865,0.020378235049505426,0.026688941265612328,0.011560580936121185,0.03551364640800497,-0.04072041507881324,-0.031022974556570812,0.012771520146816097,0.05276067552059024
86.6,210,866,0.02040640563639305,0.026657742275998018,0.011560750128040094,0.0355064438908422,-0.04674785339114185,-0.031266561172403666,0.004563408658249999,0.0564250329446917
86.7,210,867,0.020446925699235934,0.02661569149058095,0.011572255187597056,0.0355019562024225,-0.05432518217895948,-0.020424056756765556,-0.002991578871508752,0.058114688825848276
86.8,210,868,0.020463514187523058,0.026522198601750955,0.011569431992402011,0.035440572627999295,-0.053373433788028155,-0.013351143278537578,0.003871535520954537,0.05515401389254528
86.9,211,869,0.02053615292123331,0.026516032117584243,0.011569869774857314,0.03547809778824389,-0.03980501957240412,-0.002114092747304003,0.021502445835112925,0.04529088372063018
87.0,211,870,0.02050048636468852,0.026483726546792364,0.011565276408332653,0.035431812420410984,-0.028484231496089564,-0.01631200454124524,0.009598112591964966,0.03419878216259261
87.1,211,871,0.02047115634709067,0.026566740024360557,0.01160715805818725,0.03549064716086103,-0.05233760117982101,0.0089843135915651,0.014948605076509466,0.05516704796980737
87.2,211,872,0.020402488886904678,0.02661924439669365,0.011650554907696096,0.035504663844182736,-0.06066452352582164,-0.02639551034333236,-0.009990273472826407,0.06690824272809585
87.3,211,873,0.02032444780656167,0.026660412044402677,0.011668713373258513,0.03549675507431972,-0.0724153172350642,-0.03189121541933229,0.005312950695461694,0.07930482479817764
87.4,211,874,0.020322410803036768,0.026659738815845366,0.01164407320563807,0.03548699050912511,-0.05383464139521834,-0.03737356417009862,0.017307934966010217,0.06778286306815222
87.5,212,875,0.020338749728764403,0.026584399904780447,0.011619529672930347,0.03543174464582168,-0.04169098633815123,-0.033126115596468844,0.02670653699217876,0.059571108722879594
87.6,212,876,0.020415354811236252,0.026530089527029944,0.011600991046278897,0.035429018553111716,-0.04974608952461065,-0.02109050735476683,0.0285575056063945,0.06111476130961573
87.7,212,877,0.020465425360110378,0.02647376772569224,0.011576225638604085,0.035407668841651065,-0.05072755686605955,-0.020344051851410562,0.01243095546041952,0.056050817344541204
87.8,212,878,0.02051191596253692,0.026456645794131577,0.011567156727840505,0.03541880740364846,-0.0665477060024984,-0.029066850925182113,0.011803068751395772,0.0735716754522547
87.9,212,879,0.02050735848440643,0.026440542915101704,0.011601742772007623,0.0354154556232321,-0.06239019970592631,-0.03837370040054899,0.014770562103136325,0.0747211309243849
88.0,212,880,0.02045857767657705,0.026500679125751735,0.011625646162847088,0.03544002036368365,-0.06764546424467442,-0.033949848203480265,0.009246721423953295,0.07624960906790981
88.1,213,881,0.020439871326693778,0.02658275898043901,0.011609524099076956,0.035485383817438945,-0.06622485783524183,-0.03682677968904593,0.027363911418671966,0.08056504915714037
88.2,213,882,0.02040175413408123,0.026611090935270122,0.011606987345896562,0.03548385390231054,-0.06584171821589274,-0.04426955113792247,0.0267982720887071,0.08374408876162265
88.3,214,883,0.020385603827044303,0.026543389792042144,0.01162694453929571,0.03543035738410422,-0.05674556257630585,-0.0030304966859600827,0.01106801725208311,0.05789424658942776
88.4,214,884,0.020448431764798873,0.026488012038715012,0.011609174967504467,0.035419289756132594,-0.06458158637589281,0.001979845104533237,0.008973076342680943,0.06523202575818436
88.5,214,885,0.020492720765348783,0.02647830037743357,0.01158628536906877,0.03543012847701307,-0.07448600869163152,-0.016960108529030734,0.016633785003553243,0.07818243777006918
88.6,215,886,0.020496881529490734,0.026465028151504554,0.011565236372281225,0.03541573887187226,-0.05051458541263645,-0.007473239431198646,0.011541793281900688,0.05235251320776007
88.7,215,887,0.020453892004501095,0.02648269046168956,0.011580272907603514,0.03540900044954719,-0.052910383911403,-0.021671553005594764,0.020640861249819224,0.06078823972168174
88.8,215,888,0.020425486503016656,0.026513606381205954,0.011549467455346608,0.0354056778034901,-0.0533671783651415,-0.02332959084753339,0.016909440576068552,0.06064861677207267
88.9,215,889,0.020472252262561382,0.02647532746341031,0.011520338970839546,0.03539455165699662,-0.058772112384260444,-0.023324040939231613,0.023366857490944005,0.06741054894336033
89.0,215,890,0.020572289766155057,0.026435452783559757,0.011486324138044278,0.035411691745787635,-0.06362703497488409,-0.027834841498493836,0.023485575348903116,0.07331268805882378
89.1,216,891,0.020617587961376704,0.02640618446872689,0.011444886667762784,0.035402781562745504,-0.04727779386147974,-0.043680019331388514,0.037924301890773865,0.07470867791027759
89.2,216,892,0.02058303045795452,0.02643834281654221,0.01143378114171794,0.03540308552816827,-0.05302161455076949,-0.05963912346272003,0.03544246674011138,0.08731715241346247
89.3,216,893,0.020476655194319095,0.026526189683319434,0.011452489119262808,0.03541315651123619,-0.06098942949413381,-0.05245718898480019,0.03464443663424518,0.08758826505823249
89.4,216,894,0.020429213400337026,0.026557299563634,0.011479502648783915,0.03541781898045871,-0.0701868131729248,-0.05961289445803287,0.03595634336932682,0.09885719274553849
89.5,216,895,0.020395276956440115,0.026527895652891535,0.011511770802706673,0.035386684457782265,-0.06438975676672685,-0.06174322830162875,0.03251475364536379,0.09494986162287965
89.6,217,896,0.020377260444688655,0.02650109198332047,0.011515612454834182,0.03535745960542156,-0.04632487663178694,-0.07205362999326895,0.03525134008248063,0.09263032315482815
89.7,217,897,0.020388094963411166,0.02647840226516318,0.011508283841702023,0.035344317785664645,-0.05073695616037118,-0.06944220136644404,0.03158436722004727,0.09161894074768594
89.8,217,898,0.020426484137495343,0.026453417534707455,0.011494902798694398,0.035343420092520034,-0.05596406507558924,-0.07306963141465889,0.033471205853606,0.09793604666389878
89.9,217,899,0.020466116165654923,0.026432909779954095,0.011472865298452926,0.03534384343132082,-0.056194611700797245,-0.08767470083658628,0.03782989892744126,0.11079615879554987
90.0,217,900,0.020483433586815515,0.026482616410144426,0.0114046356441311,0.03536899401464111,-0.06530680274675804,-0.08493775996800097,0.03477558288678404,0.1126443195127979
90.1,217,901,0.020507426921483184,0.026483187842324056,0.011400133555661433,0.03538187166217627,-0.06644190210124923,-0.10142615459282674,0.04233770565371303,0.1284300296283561
90.2,218,902,0.020511935791300555,0.026443996682026336,0.01140210608881808,0.03535579858645706,-0.05854051451852294,-0.0562466210454579,0.02224998545072101,0.08417681433555227
90.3,218,903,0.020488571887861195,0.026500248210898456,0.01138223134396539,0.035377958160567026,-0.06541446342749455,-0.06214028794870564,0.022743145836951188,0.0930468596698239
90.4,218,904,0.020479406117813546,0.026479894168407857,0.011390756745597534,0.03536015001871167,-0.06762874918001031,-0.07475007088473892,0.028503013548888227,0.1047551554544899
90.5,218,905,0.02047344672292732,0.026437005104408325,0.011417854572889442,0.03533333642121428,-0.07079249233879373,-0.08462020431681967,0.034286283867703174,0.11553226913557614
90.6,219,906,0.020454094610050922,0.026400064608026557,0.011439208485767792,0.03530140065784575,-0.05523267710237038,-0.06369143945791833,0.03051318416052952,0.08965658083894776
90.7,219,907,0.02042484928439048,0.02638634633457653,0.011462676591957916,0.03528181820470859,-0.05912935149045452,-0.07528264966215996,0.03612710629150793,0.10231776657470168
90.8,219,908,0.020382080276543146,0.026399207271502936,0.01147488187199642,0.035270671313989685,-0.06616613831483151,-0.06824870657173593,0.025760309706368154,0.09848572162694616
90.9,219,909,0.02036619675774386,0.026389945320042196,0.011487874434128322,0.03525879242663102,-0.07287853663172603,-0.0830294800742961,0.03704969304337957,0.11652405510279161
91.0,220,910,0.020313589423869124,0.026348904896765807,0.011520178768884505,0.0352082550463296,-0.048334910945871945,-0.07016075556621616,0.043730675808271544,0.09576621139220164
91.1,220,911,0.020320399684689235,0.026327903094360686,0.011498892508516942,0.035189510562296716,-0.05038307935044763,-0.08427043614364382,0.048539016940682564,0.10952624004429862
91.2,220,912,0.020320127325018675,0.026313391181995122,0.011422427476730349,0.0351535770507474,-0.06486176677756499,-0.07560285492545668,0.03544466592894787,0.10573156957693193
91.3,220,913,0.02037919441141659,0.02634152113810231,0.011372692391683918,0.035192690050112246,-0.06887203817966393,-0.07702961683748687,0.03745517721652763,0.1099081881093152
91.4,220,914,0.020431843739806582,0.026370676927671376,0.011335054928711634,0.035232886774552025,-0.07837187666206569,-0.07061192627868396,0.029610936155203976,0.10956734332960665
91.5,220,915,0.020419680676118376,0.02631996307650836,0.01135489198041625,0.03519428060282419,-0.08283939865879089,-0.06911029591406906,0.02601918435697546,0.11097565916038775
91.6,220,916,0.02027747755454828,0.02616192138701414,0.01144405918570719,0.035022688607265526,-0.08641028637039415,-0.07642193594609151,0.02844655657621453,0.11881185321930557
91.7,220,917,0.020280785508737055,0.026198004683125352,0.011509708663675105,0.03507305381273684,-0.08594490541484118,-0.08242117695695744,0.017272368662868548,0.12032502606258655
91.8,221,918,0.020199130495610958,0.026215656936440415,0.01152057866213334,0.03504267789564974,-0.07867304672477798,-0.05513164882594805,0.004930332416804328,0.09619384159584723
91.9,221,919,0.020230169321216022,0.026278942166475344,0.01150972053026691,0.03510436182070361,-0.07020262614902964,-0.058867213667820655,0.021113868467859342,0.09401889706283166
92.0,222,920,0.020274973184423537,0.0263275308000868,0.011580294818032194,0.03518972355292317,-0.04812702821386803,-0.03973746455883275,0.014990239920685386,0.06418710327739248
92.1,222,921,0.02024157278172442,0.02629523350392396,0.01156790338076957,0.03514223900565461,-0.05295454022520718,-0.05455721706578809,0.01891719840982718,0.0783487948860949
92.2,223,922,0.02019361281600886,0.02642625564539914,0.011438080802665533,0.03517042334756824,-0.030407348570848442,-0.04005553642816884,0.02518791841093106,0.05624485824973835
92.3,223,923,0.020181589619167793,0.02641194298929768,0.011456202206733076,0.03515866694042833,-0.03235955435660417,-0.04962577165919178,0.03197758917913375,0.06732328111907286
92.4,223,924,0.020176350253393642,0.026389040795252637,0.011460997292270247,0.03514002052609747,-0.03446826738776867,-0.05295487314072174,0.032163246469912324,0.07089960838783933
