timestamp,frame_idx,stamp_idx,bg_x,bg_y,bg_z,bg_norm,ba_x,ba_y,ba_z,ba_norm
0.16,0,0,8.326306771828708e-08,3.5650949359662885e-07,4.840056920324236e-08,3.6928900954345046e-07,0.0,0.0,0.0,0.0
0.24,1,201,8.326306771828708e-08,3.5650949359662885e-07,4.840056920324236e-08,3.6928900954345046e-07,0.0,0.0,0.0,0.0
0.32,2,202,8.326306771828708e-08,3.5650949359662885e-07,4.840056920324236e-08,3.6928900954345046e-07,0.0,0.0,0.0,0.0
0.4,3,203,8.326306771828708e-08,3.5650949359662885e-07,4.840056920324236e-08,3.6928900954345046e-07,0.0,0.0,0.0,0.0
0.48,4,204,8.326306771828708e-08,3.5650949359662885e-07,4.840056920324236e-08,3.6928900954345046e-07,0.0,0.0,0.0,0.0
0.56,5,205,8.326306771828708e-08,3.5650949359662885e-07,4.840056920324236e-08,3.6928900954345046e-07,0.0,0.0,0.0,0.0
0.64,6,207,8.326306771828708e-08,3.5650949359662885e-07,4.840056920324236e-08,3.6928900954345046e-07,0.0,0.0,0.0,0.0
0.72,7,208,0.0,0.0,0.0,0.0,0.0,0.0,0.0,0.0
16.88,8,209,-9.650294895806089e-06,4.024888940768563e-06,-1.4390084270870437e-06,1.0554556732273017e-05,-0.00011409614561314784,0.00031881773294500535,-0.00010642299203075491,0.00035494863081402006
16.96,9,210,-1.1057212948316572e-05,5.1002936653831404e-06,-1.795637726909296e-06,1.230850391005613e-05,-9.811075978522435e-05,0.0002704413350392673,-0.00020156754143352363,0.0003512744093198514
17.04,9,211,-9.32234606071933e-06,5.168435873014381e-06,-4.290135864112501e-06,1.1490175419975773e-05,-0.0001251968589358787,0.0003931414671329371,-0.000202716476294391,0.00045970472743714846
17.12,9,212,-1.054330075950156e-05,6.461241837422107e-06,-3.945314886072636e-06,1.2979766813669123e-05,-9.332945066534016e-05,0.0004007587103539302,-0.00029571827586777604,0.0005067220431047476
17.2,10,213,-1.2155037122376477e-05,6.838506421982352e-06,-2.5349157181575436e-07,1.3948991200327919e-05,-0.000133695065663759,0.0004513342671932975,-0.0003279573255087119,0.0005737011405606362
17.28,10,214,-1.2428593027163548e-05,7.4594941528943536e-06,2.381350976518173e-06,1.4689615724221225e-05,-0.0002098178885697594,0.000457269041629333,-0.0004408570051874337,0.000668934542253062
17.36,10,215,-1.4783094427780798e-05,8.6873814170578e-06,5.04690660357792e-06,1.7874052226939565e-05,-0.00016406282905427602,0.0004441203307800685,-0.00043891643423990925,0.0006456060070471514
17.44,11,216,-1.246011765093852e-05,6.418252365280217e-06,2.7293468992139477e-06,1.4279279736593984e-05,-0.0002718817333476318,0.00047897784426072915,-0.0005211929113979947,0.0007582753478204906
17.52,11,217,-1.1076415980821363e-05,5.87599672433727e-06,1.2690666476281527e-06,1.260257349277279e-05,-0.00016071500576598176,0.0005762155034693857,-0.0006914361158774472,0.0009142961893481388
17.6,11,218,-1.2006045739654141e-05,4.116891558390302e-06,-4.8085748905767144e-06,1.3572631391314566e-05,-0.00022864380763972598,0.0006533121760178303,-0.0008547657302860944,0.0010998723761312785
17.68,12,219,-1.0640647457982486e-05,4.04426978110987e-06,-2.1626667276303634e-06,1.1586916059170665e-05,-0.000148775954843632,0.0007094434347140963,-0.0009627342099826409,0.0012051146961469968
17.76,12,220,-8.747569509812618e-06,3.717702256764978e-06,-1.8700386201067573e-06,9.68701847007889e-06,-0.00016308131115693695,0.0007773809986924361,-0.0010627635700643343,0.0013267943084866636
17.84,13,221,-1.0508282974070616e-05,3.3525313033141e-06,-4.264318002086516e-06,1.1825729796750915e-05,-8.17020184714416e-05,0.0008839734380031168,-0.0008965347139038882,0.001261688849182747
17.92,13,222,-1.2762622319740042e-05,1.9488663153851416e-06,-7.055266213336905e-06,1.4712558911780875e-05,-0.0001315486912005476,0.0009294814258277699,-0.0009594845859250998,0.0013423306037423349
18.0,13,223,-1.652454290192466e-05,2.0034377441751167e-06,-7.81087361906849e-06,1.8387061418437538e-05,-0.00024073419238386835,0.0009575165626661046,-0.0010211898299980157,0.0014204293674991383
18.08,14,224,-1.2869549419302224e-05,2.9385128549429808e-06,-9.199161181029706e-06,1.6089895167125583e-05,-0.00014183621154791523,0.0010221761596244917,-0.000971547044085418,0.0014173444433453895
18.16,14,225,-1.2233650401781753e-05,5.079901327513264e-06,-6.327268557074569e-06,1.4679983891122988e-05,-0.00024562340511148173,0.0011221876092526364,-0.0009184292816255483,0.001470764506250381
18.24,14,226,-1.5191217100920824e-05,5.8301372659390515e-06,-3.846402836466077e-06,1.6719999770555467e-05,-0.0001717610059037895,0.0011472193915456584,-0.0007857040040890768,0.0014010513757636014
18.32,15,227,-1.4050929984253756e-05,5.412528030564165e-06,-5.910852312462568e-06,1.6175978120774896e-05,-0.0002163450619544986,0.0010496931595738986,-0.0009304440559492293,0.001419291040040619
18.4,16,228,-1.538702497279585e-05,6.4692030130146076e-06,-5.228656886926386e-06,1.749142584177297e-05,-0.0002501328274403038,0.0011529674211116611,-0.0008394497306444304,0.0014479558542259366
18.48,16,229,-1.1561593361048479e-05,7.103021679210729e-06,-9.342742271370195e-07,1.3601331786007955e-05,-0.0001299479641490195,0.0011070261081719246,-0.0009048789708479606,0.0014356877200295394
18.56,17,230,-1.0780533113950104e-05,7.116787765423448e-06,1.4731090103351135e-06,1.3001485010389625e-05,-0.00015722333605108213,0.0010625333114845658,-0.0008446072388890844,0.0013664031628319777
18.64,17,231,-1.0693460819698936e-05,7.4474009336608745e-06,1.3913212043303466e-06,1.3105329437398679e-05,-0.00018858488137007422,0.0011455273770919455,-0.0009753373002507397,0.001516271769310805
18.72,18,232,-1.1772534379877923e-05,4.001727593428515e-06,-4.067955452647188e-07,1.2440734386404288e-05,-0.0003066769309852304,0.0010780086737538206,-0.0009836937141080157,0.0014912433617161932
18.8,18,233,-1.3644143517525657e-05,3.843824549795287e-06,6.539982574000144e-07,1.4190326043369427e-05,-0.00019022572777059718,0.001122751212136682,-0.0009189496703973,0.0014632923865665222
18.88,19,234,-1.7858661769092596e-05,1.4262045244881126e-06,1.0416456490588333e-07,1.7915822888862845e-05,-0.00018859500422687127,0.0010973605847322656,-0.0009504180064017383,0.0014639203241419692
18.96,19,235,-1.806454866541294e-05,2.3276799734516048e-06,1.0080397641058556e-06,1.8241769560815602e-05,-0.00013677439679917727,0.0011775730098950638,-0.0008989239627587864,0.001487766688723423
19.04,20,236,-1.918211920091656e-05,3.7201595926953555e-06,2.9254048189761867e-06,1.9757309477461352e-05,-0.000325270418998096,0.0011367509364492547,-0.0008785469480032252,0.0014730404871690513
19.12,20,237,-1.9500360435509597e-05,4.727038252848268e-06,2.3008384039277663e-06,2.0196603801621394e-05,-0.00019560885191671312,0.0010810168187156235,-0.0008257379740932389,0.0013743010540466845
19.2,21,238,-1.568487494658606e-05,8.303503142074179e-07,3.058017308160786e-06,1.6001757828168702e-05,-0.00025385702003440054,0.0011176041321206847,-0.000694526433907572,0.001340093037871007
19.28,21,239,-1.4445682964130873e-05,2.4563418830060797e-06,3.435846394741131e-06,1.5050462192060628e-05,-0.00028799424347740037,0.0010277354910686206,-0.0009007150983240815,0.001396591784390535
19.36,22,240,-1.8806707706676213e-05,1.2964358203858675e-06,5.486890969430632e-06,1.9633618441620828e-05,-0.00014078693602116263,0.0012318483989913393,-0.0010497818292210777,0.0016245963586117337
19.44,22,241,-1.959120087447968e-05,1.4320493067722054e-06,6.511232626630184e-06,2.0694493645395955e-05,-0.00031531512194156843,0.001174391516417014,-0.0011690113971847096,0.0016867740532463223
19.52,23,242,-1.8965884432639564e-05,4.662654480703591e-06,6.196701650786404e-06,2.0490100792029405e-05,-0.00024509657662698383,0.0010416452172324268,-0.0012740319044452747,0.0016638071955614058
19.6,23,243,-1.997046201473909e-05,2.996515102814825e-06,6.504102468683346e-06,2.121560286125914e-05,-0.0003160286751088102,0.0010881133216050132,-0.0014627561399724815,0.001850275722472875
19.68,24,244,-1.6426836264846916e-05,4.95617975403488e-06,5.22419984751861e-06,1.7935911782599973e-05,-0.0004171103340939363,0.0011747476319657777,-0.0015020419774293328,0.001951958793514089
19.76,24,245,-4.317504018893433e-06,-3.0194648099714626e-07,7.0043337595466625e-06,8.233632493964774e-06,-0.00047159635461003536,0.0013117936773169505,-0.0016297762407219312,0.0021446156691472514
19.84,25,246,-1.496084951223035e-05,-3.877227255933195e-06,5.456456441691289e-06,1.639002215440323e-05,-0.00030098280618110054,0.0015763438799776257,-0.0012312849385089548,0.00202274894076318
19.92,26,247,-2.302014915935523e-05,-1.2453984291501276e-06,6.990071951882253e-06,2.409023433797986e-05,-0.0004181391036853793,0.0016476711381878044,-0.001428551335678827,0.002220454775111997
20.0,27,248,-2.7266217248967134e-05,1.818717289674038e-06,7.08459649580248e-06,2.823022924377287e-05,-0.00044733590244288625,0.0018134573875758981,-0.0013396683105786223,0.002298575273628552
20.08,28,249,-2.2171756218197052e-05,2.6936539649363416e-06,5.843073477418097e-06,2.3086447391153186e-05,-0.0005224533260811524,0.0017314843205014693,-0.0013563775543896464,0.0022606980117051752
20.16,28,250,-1.937844129032245e-05,1.3339748050913636e-05,8.553213923072864e-06,2.503258543015834e-05,-0.0004343630313813341,0.0016779771132698152,-0.0015078558402453882,0.0022973697287659665
20.24,28,251,-2.0209379942400383e-05,1.2153802572462526e-05,7.014824078973056e-06,2.4603693045671654e-05,-0.00036685853593198224,0.0016232088157774277,-0.001435887920863307,0.0021979913935875335
20.32,29,252,-2.1477575839594887e-05,1.13448497256484e-05,7.482682465294131e-06,2.5416184137661477e-05,-0.00032553668994454634,0.001732018142224318,-0.0008113131729528346,0.0019401262964304734
20.4,29,253,-2.115960461977998e-05,1.1575881958671356e-05,6.550497174733562e-06,2.499277743714571e-05,-0.00041928780024835913,0.0017422149507274342,-0.0004737644578410542,0.001853528514884174
20.48,29,254,-2.2427515034776902e-05,1.1908352587784619e-05,5.572790555128543e-06,2.59972745987242e-05,-0.0003635907349872138,0.001627638600496088,-0.00023114069550576606,0.001683695832836886
20.56,30,255,-2.1636596123296983e-05,6.801210139958951e-06,4.841505248698824e-06,2.319135451507153e-05,-0.00025262534599849085,0.001660723607151694,0.00019937873307970816,0.0016916188530506097
20.64,30,256,-2.1591908064200247e-05,9.817388803284077e-06,6.373334396844845e-06,2.4560354396908218e-05,-0.0002558620989077077,0.001605863504969798,0.0005089660059399985,0.0017039100344366357
20.72,30,257,-2.5683602526071308e-05,2.8609031689825193e-06,6.686974402996853e-06,2.6693591596595723e-05,-0.0004414037122730039,0.0016551864100517294,0.0005304764366170564,0.0017932887494863314
20.8,31,258,-2.5716523451171913e-05,4.5363065435491135e-06,7.098277043801722e-06,2.7061101094787036e-05,-8.032193344315503e-05,0.001563022950590488,0.00060667259077723,0.0016785541365904758
20.88,31,259,-2.6018789463235575e-05,3.2950947680259667e-06,7.212725402748366e-06,2.7200339380197123e-05,-0.00015103452717217045,0.00142110762884671,0.0006710929781206418,0.0015788363140133532
20.96,32,260,-2.3973731518206685e-05,4.177482984189069e-06,8.661048833217976e-06,2.5830310371376344e-05,-0.00035444699509697294,0.0009380030472601841,-0.00010281314415446126,0.0010079945097140118
21.04,32,261,-2.1864752829376142e-05,5.909216180490149e-06,8.794542708339812e-06,2.429671240325101e-05,-0.00034461919573384537,0.0009024188762089417,-0.0001193220072067407,0.0009733241801220686
21.12,33,262,-1.442042509851594e-05,7.02280783468049e-07,8.68558256813974e-06,1.6848774521273348e-05,-0.0005127073209200747,0.0007122481296497753,-0.0007154710216125983,0.0011322830820435404
21.2,33,263,-9.546405131926556e-06,5.724129185169069e-06,8.749250230634331e-06,1.4157997226643071e-05,-0.0005799314433237526,0.0006766576738621921,-0.0007097931032475564,0.0011392946659973266
21.28,34,264,-1.3600205940695244e-05,6.208248864228273e-06,9.879897873142435e-06,1.7919830846669238e-05,-0.0003765139150474862,0.0007698978726494555,-0.0008529726186627592,0.0012091599359567566
21.36,34,265,-1.7020110536931414e-05,1.022626214565709e-05,8.632938690415477e-06,2.1651517974348485e-05,-0.0006192701430230539,0.000802579708051879,-0.0009636012908309979,0.0013986268785875662
21.44,35,266,-1.7104067685486503e-05,1.4986352588328292e-05,8.202363390520236e-06,2.417475254230215e-05,-0.0007255328529950332,0.0010747397609780374,-0.0007814411536334355,0.0015139728370067264
21.52,35,267,-1.983302037491794e-05,1.70729933899803e-05,6.909439842357889e-06,2.7066144155039588e-05,-0.0008833522674401249,0.0011860642617426331,-0.0010786143025195603,0.0018304284949089008
21.6,36,268,-1.7736915499523556e-05,1.6134247632616173e-05,9.799413746327313e-06,2.5902521650980784e-05,-0.0009459336383422543,0.001076974044285228,-0.0011244770529706502,0.0018218430730633892
21.68,36,269,-1.6042098485114856e-05,1.7230679456670942e-05,8.717715730799692e-06,2.510465705616587e-05,-0.0011275719811103448,0.0010044126593373773,-0.0014673079641073746,0.002105529867837362
21.76,36,270,-1.6788357760692456e-05,1.388771286868036e-05,8.588146511606165e-06,2.3419517192477e-05,-0.0012782923978974928,0.001118816344768813,-0.0016664614846482444,0.002379679673330089
21.84,36,271,-1.6612627625938244e-05,1.224445944735347e-05,4.728029063091917e-06,2.117216197315267e-05,-0.0012646069961724448,0.00122535667544997,-0.0020496441186364503,0.0027021789078258843
21.92,37,272,-2.8635104098932897e-05,2.3031651787100576e-05,1.4933390336254004e-05,3.966651380867622e-05,-0.0016113855898025186,0.0012643781898008203,-0.003208461359406028,0.0038064997071678313
22.0,37,273,-2.8047024095906315e-05,2.4285417735449624e-05,1.5122308328936979e-05,4.006371530970483e-05,-0.0022416812501478093,0.001040747647730889,-0.003522051434109415,0.004302689484268393
22.08,37,274,-3.376910243665287e-05,1.3589888257681833e-05,1.3309555640714457e-05,3.875798773913201e-05,-0.0026900873511588683,0.001220061426534146,-0.003329726425062797,0.004451089519111355
22.16,37,275,-3.427167588707633e-05,1.614599561044594e-05,1.2577206633518838e-05,3.991775380784318e-05,-0.0028521811392197725,0.0014325323904023641,-0.0034816728720222503,0.004723254417057012
22.24,37,276,-4.0939190174318176e-05,3.455386239316455e-05,2.3175447896911567e-05,5.837026711980342e-05,-0.00269893512632735,0.0018452104009512643,-0.004017172426439696,0.00517945234012726
22.32,38,277,-3.468741498108113e-05,2.1126410586672254e-05,2.1347441255506777e-05,4.588306038729001e-05,-0.0014801729932554131,0.0018766965911229568,-0.0018791908841981819,0.003040437561330402
22.4,38,278,-3.8115682207596224e-05,1.71831543331036e-05,2.2609439624494187e-05,4.753159773371154e-05,-0.0016150337350252194,0.0021242010155756485,-0.0024247775218619225,0.003605566522804561
22.48,38,279,-3.66327084666418e-05,2.063753765865647e-05,1.3198163251587436e-05,4.406875087213146e-05,-0.0021561330837671588,0.002304417404040646,-0.0027009459143563456,0.004153836573487087
22.56,38,280,-3.2787379423835744e-05,2.2089295790531132e-05,1.0060184071039888e-05,4.079407483382052e-05,-0.002407868048137283,0.0023808263522265153,-0.003023194667907458,0.004539368750912483
22.64,38,281,-3.313328754395376e-05,3.61122579511619e-05,5.667227560727401e-06,4.933586308180536e-05,-0.0025982770867515625,0.002378938061054542,-0.003745612943785148,0.0051419846793356915
22.72,39,282,-3.67532745109568e-05,2.3424933956827892e-05,1.0091832085754969e-05,4.473673873905617e-05,-0.0019442359560050133,0.0024213595667854173,-0.003376563904749247,0.004587397890650153
22.8,39,283,-3.227806455902485e-05,2.75029495096427e-05,1.3183563586335658e-05,4.4408242841183074e-05,-0.00225076419662727,0.0024065281985810533,-0.003414840498095627,0.004745361215631425
22.88,39,284,-2.160959828909583e-05,1.7237970619672812e-05,1.765149419165511e-05,3.279782944798071e-05,-0.0019310662907647577,0.0023853169260330226,-0.0035540386390647736,0.004695736843660745
22.96,40,285,-2.1265997952463356e-05,1.7111568453618174e-05,2.966848394575211e-05,4.0314605089178125e-05,-0.001404097727992541,0.002072942910006555,-0.004122713842006983,0.004823417062723919
23.04,40,286,-3.130012531735173e-05,1.562641850270511e-05,2.643758821708835e-05,4.385007264349668e-05,-0.001593673777498611,0.0017209543660638069,-0.003858935282842474,0.004515845608114531
23.12,41,287,-4.275400153038672e-05,4.242941805785122e-06,3.350515922899897e-05,5.4483969174319195e-05,-0.0007045284253522363,0.0022742003511634044,-0.0021922966538404014,0.003236435100199118
23.2,41,288,-5.1120536053116153e-05,8.413231348180946e-06,3.1524781301149894e-05,6.0645721235395435e-05,-0.0009397488180026259,0.0027293410041122406,-0.002075773318184553,0.003555455670677481
23.28,42,289,-5.034075566553394e-05,9.53855670544984e-06,3.377088070812876e-05,6.136487699655832e-05,-0.000682726644262204,0.002969767901457853,-0.0018794819057422875,0.003580235927048324
23.36,42,290,-5.700883746914252e-05,6.004398714097135e-06,3.573952305382857e-05,6.755274873471918e-05,-0.000860502121181307,0.0031222664916445196,-0.002337838706322509,0.00399430867137023
23.44,42,291,-5.320245466187691e-05,6.661392829003343e-06,3.7454420548558445e-05,6.54041967697765e-05,-0.0009922698065550166,0.0028241380555929607,-0.0026260407172595877,0.003982015190171224
23.52,43,292,-6.10379873784947e-05,7.2740872382721e-06,3.5643986508696636e-05,7.105661139260314e-05,-0.00044667140621519955,0.0027124661636247424,-0.00201048620511341,0.003405736750673885
23.6,43,293,-6.287668858091062e-05,7.3450377902122945e-06,3.484782977288634e-05,7.226201482743563e-05,-0.0006757114036449227,0.0027190583547856205,-0.002211934044213423,0.003569666154375732
23.68,43,294,-6.209267752086434e-05,9.417038961470106e-06,3.664375355079265e-05,7.271138768310729e-05,-0.0010766589090365653,0.0028237478432272967,-0.0022080527455514455,0.003742758770703222
23.76,43,295,-6.721450104114794e-05,8.711766317145462e-06,3.474083000955397e-05,7.616173115369525e-05,-0.0010655889971044397,0.0028451665834585906,-0.0021121062503067396,0.0037001953476761564
23.84,43,296,-6.776857522831114e-05,1.0134245786546853e-05,3.373758007526658e-05,7.637739872156182e-05,-0.00151980033101126,0.0027280202728205702,-0.0022639851301417464,0.0038571383595309224
23.92,43,297,-6.709862185578236e-05,7.052958405260224e-06,3.5385097234302174e-05,7.61844760006435e-05,-0.0013807629193324255,0.00260373077777682,-0.0027780618480223334,0.0040501293601541855
24.0,43,298,-6.072752876854073e-05,7.856600688711563e-06,3.959178730703528e-05,7.291823192371936e-05,-0.001481751505681217,0.0027158144740554637,-0.003129982833512845,0.004400912214548571
24.08,43,299,-6.231445839613133e-05,4.763381681651069e-06,4.136631728270407e-05,7.494633904188792e-05,-0.0013789567758078069,0.0029777049814353664,-0.002591542610470844,0.004181428206713263
24.16,43,300,-6.592872484487527e-05,7.3436070248607205e-06,4.223767009006713e-05,7.864188514045303e-05,-0.0013775248159187774,0.002759247511955749,-0.0025024302673814906,0.003971546133914731
24.24,43,301,-6.505192368849654e-05,7.863483105033954e-06,4.019584329840825e-05,7.687192569844547e-05,-0.0017394232081685951,0.0029720589626299437,-0.002783751136310676,0.00442809190999639
24.32,43,302,-6.39465980652091e-05,1.0148444791428332e-05,3.9586032193992416e-05,7.588947410979917e-05,-0.0016401446117887731,0.0028295384323793263,-0.0027264486081670742,0.004257920161401289
24.4,43,303,-6.575451394074781e-05,1.1050462449478909e-05,4.250560451709232e-05,7.907272120835858e-05,-0.0017941108427298276,0.0029524279507605663,-0.0022923872125887508,0.004146167345015561
24.48,43,304,-7.296180503484047e-05,1.20458601108861e-05,5.024861411298308e-05,8.940610135795315e-05,-0.0019134986837149464,0.0026373124035973194,-0.002320015840947792,0.003999920927842923
24.56,43,305,-6.934928911748911e-05,1.2333373101391457e-05,5.4020956246026354e-05,8.876767264547557e-05,-0.00151991672382626,0.002737956008654733,-0.0021377675657789042,0.003791648733465637
24.64,43,306,-6.844574294822555e-05,1.3390283407238162e-05,4.854682868617525e-05,8.497596126520473e-05,-0.0017377797436651623,0.0031651507815181534,-0.0022058863638928553,0.004231310973876344
24.72,43,307,-6.419399941573612e-05,1.0841775247148129e-05,4.269708686450124e-05,7.785534585506616e-05,-0.002152501807423126,0.0030162922294210983,-0.0018800851089657235,0.0041552380029524875
24.8,43,308,-6.711703098260433e-05,8.437848569482203e-06,3.355519610205879e-05,7.551055768466422e-05,-0.002218688808201984,0.0024720020906827127,-0.0016805680762113555,0.003722590955606213
24.88,43,309,-6.337695522328536e-05,7.237848094782836e-06,2.9440700799290803e-05,7.02551048819289e-05,-0.0021983108273895655,0.002507753569188291,-0.0015870481950925192,0.0036932533667677378
24.96,43,310,-6.550903314676293e-05,6.008120654376071e-06,3.209469559144349e-05,7.319563117241798e-05,-0.0018407807666112452,0.0027621741820554107,-0.0017605724603009078,0.0037573521834809885
25.04,43,311,-6.519246991957994e-05,3.9519904806390734e-06,1.9839141041823434e-05,6.82588300533474e-05,-0.002813429186677632,0.002398788425516167,-0.0016982787231675683,0.004068626343178193
25.12,43,312,-6.31432575707447e-05,5.54915577859976e-06,2.805970837796536e-05,6.931963171250288e-05,-0.0023015464822703376,0.002662397783055342,-0.0017407833014934297,0.0039262965588487235
25.2,43,313,-6.820281077402953e-05,7.176157681069179e-06,2.517184592872716e-05,7.305301132739995e-05,-0.002425209792063854,0.0025168272214664165,-0.0018196341734146055,0.003940447985102077
25.28,43,314,-7.140261098408352e-05,7.947543488723497e-06,3.076763483175619e-05,7.815461378568647e-05,-0.0023079224404806403,0.0030483724007802078,-0.002109653175864023,0.004366888687331721
25.36,43,315,-8.11693882489887e-05,7.599451280081148e-06,2.5138848263350104e-05,8.531226723327152e-05,-0.002316023239992874,0.002992490527124101,-0.002098329859279425,0.004326887033591029
25.44,43,316,-7.951432313981648e-05,1.4058809945208982e-05,2.0616679211711336e-05,8.333801763407426e-05,-0.002419209458166108,0.0024454374536339927,-0.002149794098405898,0.004056396603841529
25.52,43,317,-7.943010672123935e-05,7.219117020365355e-06,4.8023475263402476e-05,9.309947196776055e-05,-0.002404175454854696,0.002401484298342754,-0.002136964291142583,0.0040142001487881865
25.6,43,318,-5.5536105393873294e-05,2.111931000844352e-05,6.570461775470254e-05,8.858544492095593e-05,-0.002261951892352329,0.0019579092969583827,-0.0016031360094379099,0.003394094907805151
25.68,44,319,-6.02738293465697e-05,2.2044656660842904e-05,5.5082160493234254e-05,8.457508968955499e-05,-0.002003766131651658,0.0019122272853136924,-0.0013144036601208631,0.003065835756003825
25.76,44,320,-5.714593246742755e-05,1.7482563298393854e-05,4.098149216823909e-05,7.246226823243652e-05,-0.0021330548745249886,0.0019491596116168125,-0.0019133643839546251,0.0034655604965256456
25.84,44,321,-5.892894278545576e-05,2.2304740556937474e-05,4.502334887612139e-05,7.744174386688843e-05,-0.0023498932957529296,0.002216893958600082,-0.0015471202771545859,0.00358192664317473
25.92,44,322,-5.9376715566265464e-05,2.8655442621502902e-05,3.7032410031663036e-05,7.561830556171339e-05,-0.0024603807679016397,0.0021442603340545104,-0.002116967515032551,0.0038900999168354168
26.0,45,323,-8.719216800964594e-05,2.07049710409007e-05,3.0518927549137955e-05,9.467087686705133e-05,-0.002547709883667797,0.002290821311196346,-0.0029357901994210562,0.004511934399588125
26.08,45,324,-9.046849202774472e-05,7.075123366656934e-06,2.2726061720468782e-05,9.354720360197883e-05,-0.0028442229802418868,0.002471318458481061,-0.0034415714932973128,0.005103080797718368
26.16,45,325,-7.999612383887844e-05,7.843460629868901e-06,3.0130396843606138e-05,8.584136833631363e-05,-0.0030562430977307507,0.0023531096427696885,-0.003197339589216403,0.005010062605606148
26.24,45,326,-7.922984757884891e-05,1.5214945784928799e-05,2.7309840324010475e-05,8.517447212122246e-05,-0.003154388887623729,0.002334892325620005,-0.003654297124059849,0.005362441505276803
26.32,45,327,-8.549297767155365e-05,7.393563858052959e-06,2.72418050883932e-05,9.003238285275961e-05,-0.0026911265918532446,0.0023087513472425563,-0.004062695558015445,0.005392401164035592
26.4,45,328,-8.947540183395884e-05,5.619244104623287e-06,2.283077508842114e-05,9.251306788121244e-05,-0.002382174144897002,0.0021930271812885534,-0.0043075363922169775,0.005388783874378322
26.48,45,329,-8.434335765009616e-05,-7.936838552265259e-07,2.6690225779604485e-05,8.846920405384207e-05,-0.0028902480404339173,0.002447409059848297,-0.004504690388639642,0.005885200110358355
26.56,45,330,-8.883620771414931e-05,4.4926888239867375e-06,2.2441669322644886e-05,9.173704037022121e-05,-0.0030254089509032384,0.0022294644520309565,-0.00478489747838462,0.006084312199560984
26.64,46,331,-0.00012630786386865533,5.230592831745506e-06,3.136902953187259e-05,0.0001302499581197851,-0.0014671245413467467,0.0020776347990732738,-0.003878873401074355,0.004638391923900381
26.72,46,332,-0.00013093819736968026,5.371559677533412e-06,3.05715828920385e-05,0.0001345670348351164,-0.001696455570153971,0.002027624095261007,-0.003940852337079658,0.004745475541592819
26.8,46,333,-0.00012762151551956908,4.5266710947051964e-07,1.089854291218782e-05,0.00012808682355586935,-0.0017764345521357767,0.0016345845446869424,-0.004146813689461772,0.00479829658596244
26.88,46,334,-0.00012391629925755413,6.338955637618052e-06,2.452118835377092e-05,0.00012647814142587846,-0.0018542553644540689,0.0015652705974885694,-0.004918900091273614,0.005484880409626128
26.96,46,335,-0.00012981452437576982,5.824716854098979e-06,2.9676840513870037e-05,0.00013329085838204897,-0.0017826341105269066,0.0015378948381310842,-0.005199741987434427,0.0057079086924242935
27.04,47,336,-0.00013226376711063183,-3.754702371818866e-07,3.7638651791942746e-05,0.00013751550158767404,-0.0016687224268468169,0.0024393128004045854,-0.00474553968911368,0.005590619680950615
27.12,47,337,-0.00013585650704463486,-6.011130267007701e-06,3.895735098282895e-05,0.00014145953269064328,-0.0016248280181583223,0.0024532260218627358,-0.0050329304142691985,0.005829989070128065
27.2,47,338,-0.00013376385179699008,2.1014878236657837e-06,4.100326119877066e-05,0.00013992302072059033,-0.0016981923700338274,0.002446308984368717,-0.005196910203692961,0.005989671162751109
27.28,47,339,-0.00013280388495583292,-2.1278775364937366e-06,3.634370853931831e-05,0.00013770353979677987,-0.001631160148340785,0.0027289498588545934,-0.004983744509875933,0.005911476981380892
27.36,47,340,-0.00013997574917383213,-6.9927777289086155e-06,1.805143163534991e-05,0.00014130804464441223,-0.0016405441248913495,0.0026483790485552407,-0.005237975811464925,0.0060943980188393945
27.44,48,341,-0.0001491134917446055,-1.1268475964014852e-05,7.173899548749715e-06,0.0001497106435947547,-0.0005068936074860218,0.0039088709747141445,-0.0036265445071867962,0.0053561215901881485
27.52,48,342,-0.00015407408155387973,-1.0452975426215686e-05,1.3332529410193132e-05,0.0001550027214032267,-0.00035496069829112824,0.004100533969280634,-0.0037736435705397887,0.005583973650370496
27.6,48,343,-0.0001514791965127403,-5.52594543048526e-06,1.6628706515353035e-05,0.0001524893338218114,-0.00032738894259668253,0.003925520018668584,-0.0037455527567999544,0.0054356284264723345
27.68,49,344,-0.00016126322414435263,-1.2289729545092275e-06,1.9181571929706165e-05,0.00016240465060351296,0.00018106578919577598,0.004349387967661699,-0.0024737367481243856,0.005006928600677112
27.76,49,345,-0.00016645056321893824,2.585292312937698e-06,2.332135359912503e-05,0.00016809627975044694,3.059525722830636e-05,0.004405880981487352,-0.002862356074763083,0.005254122723303096
27.84,50,346,-0.0001622173894213912,1.0608664336322731e-05,2.0813224722856025e-05,0.000163890864641859,-0.0007089942616551809,0.004851385893961242,-0.0028053787447270577,0.005648784635348781
27.92,50,347,-0.00015689768041651138,2.0051902699627794e-05,1.972030274886837e-05,0.00015939840420300358,-0.0007506683012055806,0.004447409238012211,-0.002888731586670489,0.005356092046316888
28.0,50,348,-0.00015443432476614202,2.2834560447498e-05,2.6067543191459697e-05,0.00015827474411555143,-0.0009496463465135088,0.004357882071644336,-0.002904576497613559,0.0053225491039815345
28.08,51,349,-0.00015180790455998438,3.184012712477394e-05,1.3061489888509752e-05,0.00015566000160710115,-0.0007547252329003005,0.004572309049646369,-0.003550448822393685,0.00583791975476635
28.16,51,350,-0.00015735225672133552,3.572842987228275e-05,1.0934168398646148e-05,0.00016172757784312994,-0.0010138779335365482,0.004745256102178573,-0.0038872303493673807,0.0062173920359277785
28.24,51,351,-0.0001560243973302276,3.461199692371055e-05,1.3419747688508724e-05,0.00016037983826320228,-0.0010085963761482736,0.004838866154546585,-0.0040465069386592415,0.0063879660860256034
28.32,51,352,-0.00016276384089242713,3.2118134468600954e-05,1.6506230410802438e-05,0.0001667216185927097,-0.0010866546000066976,0.004909618037643949,-0.0043992519432608365,0.006681211353905725
28.4,51,353,-0.00016070293186022107,3.4828664974981166e-05,1.3435006738085258e-05,0.00016498171904324047,-0.0012786016991968004,0.004882282148714878,-0.004660736844030012,0.006869786693496949
28.48,51,354,-0.0001682325322496225,3.923562065149521e-05,9.047087729455055e-06,0.00017298401264687082,-0.0010134736309992585,0.004838584814079481,-0.004884969676115277,0.006949961189843953
28.56,51,355,-0.00016169532162689938,4.474815119606114e-05,1.4557680221102626e-05,0.00016840338513495466,-0.0012057506359672903,0.004944782941371732,-0.005235773673652605,0.007301920219718242
28.64,51,356,-0.00016101437725596205,4.440469826382642e-05,-1.9124636224736133e-06,0.0001670361171367858,-0.0012634659839842004,0.004964329904720243,-0.005415859326756979,0.007454693148802667
28.72,51,357,-0.00016130016677986118,4.3381481710136125e-05,-6.311231882399938e-06,0.00016715121419376926,-0.001308907741718383,0.004982321196484366,-0.00582282534039027,0.007774449107554746
28.8,52,358,-0.00016513573069790971,4.7041525006729496e-05,-6.527240547505349e-06,0.00017182933247049617,-0.0016216274236409082,0.00525752400098199,-0.005033675612880236,0.007457152559637702
28.88,52,359,-0.0001644793944330611,4.9978575617209735e-05,-1.2429888423767958e-05,0.00017235379699913477,-0.001448808163769937,0.005045042128297495,-0.005234415339722791,0.007412867132252418
28.96,52,360,-0.00016226841333356253,4.651666389212286e-05,-2.0997709182346754e-05,0.00017010509038929738,-0.0015969720732563596,0.004945068207731073,-0.005805491856445634,0.0077915181497016294
29.04,52,361,-0.00015786970199108716,5.129482376923372e-05,-1.1016983362126614e-05,0.00016635917670712605,-0.0017418061316870938,0.004997592196265073,-0.006187304185610981,0.00814202367018369
29.12,52,362,-0.00015732272436210244,5.105013485168981e-05,-1.5726867898784068e-05,0.00016614418510136182,-0.001654169806936335,0.004949349146941152,-0.006551156281649804,0.00837555868913272
29.2,52,363,-0.00016042523495739884,5.0517345329938254e-05,-1.996188882206975e-05,0.0001693715891041515,-0.0015103079002968004,0.004699334548677715,-0.006828507447810649,0.008425751546236123
29.28,52,364,-0.00015932768098266247,5.442599527883846e-05,-1.6100253641287574e-05,0.0001691352034814722,-0.0013311613453044697,0.004647783914090195,-0.007095237959324878,0.008585818978918263
29.36,52,365,-0.00015810647545842337,5.218643800003789e-05,-2.24068780307788e-05,0.00016799747044554875,-0.0016189948082169995,0.004505349547189206,-0.007573914048431431,0.008960105621275822
29.44,52,366,-0.0001537882647960138,5.6018812774148614e-05,-2.4640059209400747e-05,0.00016551758302801775,-0.00150250626723304,0.004631805900402255,-0.007793702622888735,0.009189828701129225
29.52,52,367,-0.00015716403291589565,5.886548938891034e-05,-1.6896146824950827e-05,0.00016867471316387334,-0.0012938319315612043,0.004631500888043324,-0.008343256114642348,0.009629887026211181
29.6,52,368,-0.0001577930081685387,5.9385323133441996e-05,-9.085149063127837e-06,0.0001688425004672671,-0.0012351547439290588,0.004702089547930579,-0.008680468090981214,0.009949159745262486
29.68,52,369,-0.00015584344862815816,6.357126343212462e-05,-6.124282467426686e-06,0.00016842206758740016,-0.0012766392250607467,0.004759584083854376,-0.008690073418039422,0.009990036254847075
29.76,52,370,-0.00016807931351311905,6.095463864980395e-05,-4.637326525208246e-07,0.00017879132711611756,-0.0013122734963907018,0.004699782869308262,-0.009143357984743847,0.010363928598034238
29.84,52,371,-0.00016925933555445198,6.166488039992078e-05,-7.2531549130283245e-06,0.0001802883479409124,-0.0013186272203454304,0.004917242527475274,-0.00875798895159152,0.010130173853219227
29.92,52,372,-0.00017168938946929665,6.302192719100112e-05,-1.0853571096887127e-06,0.00018289392489435845,-0.0012478454112423343,0.004275545532359801,-0.008892262824066865,0.009945337897825394
30.0,52,373,-0.00015646915580211837,7.228050180306055e-05,6.042548635165939e-06,0.000172463271603951,-0.0015508382318972932,0.003976121409767286,-0.008855995152153394,0.009830731957575108
30.08,53,374,-0.00014878819526903836,7.718672868900938e-05,7.0134859479637725e-06,0.00016776443938531943,-0.0009500479971759032,0.003543952913898313,-0.008080781857744836,0.008874752328111718
30.16,53,375,-0.0001413149331974163,7.725527888689291e-05,9.637239669188461e-06,0.00016134176411866587,-0.0012898439921865674,0.0035999756921482468,-0.008018780998501679,0.008883938946783099
30.24,53,376,-0.0001459613729843916,8.581570826982527e-05,2.072670802982123e-06,0.00016933208246991464,-0.0008658855298482935,0.0034758207342661615,-0.008585293254754073,0.009302598980805364
30.32,53,377,-0.00014046926164731235,8.602979576660859e-05,9.763744146624306e-07,0.00016472307832961078,-0.000987905647269078,0.003506163280100489,-0.008955280972309496,0.009667791671712816
30.4,54,378,-0.00012014345478873664,6.978431141468201e-05,1.1815477078219694e-05,0.00013944140470742704,-0.0009878262237338759,0.0030566236037388797,-0.006910461918524686,0.007620579533776277
30.48,54,379,-0.00012801840172937042,6.94982586088407e-05,1.5754467309643332e-05,0.000146515945791625,-0.0013270168766254154,0.003290129660340802,-0.0072022997328355974,0.008028639262932834
30.56,54,380,-0.00012134210821988,7.061032903559414e-05,1.864188161157358e-05,0.00014162360517858548,-0.0016048485558841272,0.002718887586942555,-0.007747902825716005,0.008366473976203579
30.64,54,381,-0.00012685967957204924,7.209198973097503e-05,1.9244881581081276e-05,0.00014717676022920145,-0.001758650803389726,0.0028978153868029115,-0.008032485748411658,0.008718429558280059
30.72,54,382,-0.0001271781161155398,7.549422610174553e-05,2.0005286532570588e-05,0.00014924430603091514,-0.00185700547413659,0.002910657597724159,-0.00847265913755717,0.009149117435217105
30.8,54,383,-0.0001293421664949766,7.74013760657955e-05,1.676531134862152e-05,0.00015166227189089963,-0.0017822437459463084,0.0026678623473975365,-0.00894076599751713,0.009499009363980262
30.88,54,384,-0.00012947184690951299,7.394471325330988e-05,1.5084841624720148e-05,0.00014986104299355947,-0.0021454797280516733,0.002603151423016736,-0.009033518721415282,0.009642818109079685
30.96,55,385,-0.00014139736982478614,5.703757238991589e-05,-5.214766873595727e-06,0.00015255718485554257,-0.0008908838487950945,0.003816734701468984,-0.006413574231030549,0.007516320391679734
31.04,55,386,-0.00014061299497125792,6.097061601773341e-05,-6.801985190426132e-06,0.00015341348498388162,-0.000913905844369849,0.0037331426170980225,-0.0068922008936020684,0.007891388398104352
31.12,55,387,-0.00013871136562424314,5.676668892533711e-05,-7.77106847246559e-06,0.00015007894399312718,-0.0012110644451996397,0.0037854489697295352,-0.007402740524288733,0.008402194252860365
31.2,55,388,-0.0001427745352465372,5.555419736953921e-05,-1.0605069345739575e-05,0.0001535685653252851,-0.0014090440351102627,0.0037177095718822096,-0.007805799196560439,0.008759981201507684
31.28,55,389,-0.00013857246261563894,5.44633580419905e-05,-1.031814664597819e-05,0.00014924827943658384,-0.0012077514715298965,0.003658633511744427,-0.008019410695279464,0.00889692141641167
31.36,55,390,-0.00013913667943659148,5.020289237563934e-05,-1.3262420565189002e-05,0.0001485100594800527,-0.0013324049847426177,0.003458683381719722,-0.00790602887060917,0.008731728710928716
31.44,56,391,-0.00014374099530491973,4.569372692982664e-05,-9.942463450949759e-06,0.00015115635279888172,-0.0015738375588555287,0.004310593395801235,-0.007202026107766781,0.008539751761178067
31.52,56,392,-0.00014310677335476415,4.725173704183707e-05,-1.1340416592686137e-05,0.00015113199622177436,-0.001760464623475903,0.00421826167899858,-0.007491657169800294,0.008775983958100551
31.6,56,393,-0.00014549134997579485,4.8187191636434455e-05,-7.831745694967914e-06,0.00015346359371595704,-0.001569449427258037,0.004112783790049847,-0.007965355623653234,0.009100827007458253
31.68,57,394,-0.0001490113132900406,4.829299318177403e-05,-1.418736549028835e-05,0.00015728275817276517,-0.0003750391864481373,0.005251027819253518,-0.005890957145016583,0.007900463507565108
31.76,57,395,-0.00014902944199990056,4.8153070396042285e-05,-1.2158434246872589e-05,0.00015708698321217915,-0.0006845978694218971,0.004916618325422586,-0.006456342135811225,0.008144087657641562
31.84,57,396,-0.00014949248146369233,5.155364711585977e-05,-9.948042231442837e-06,0.0001584447666834016,-0.0008627338193482199,0.005079989386762054,-0.007009218769754837,0.008699410875165386
31.92,57,397,-0.0001512427690678182,4.818539695002583e-05,-1.0037640111544027e-05,0.00015905018671331957,-0.0009172893469547449,0.004561531446086632,-0.007480793545165774,0.008809725361500651
32.0,58,398,-0.00014680087406922232,4.747423178366589e-05,-1.3648308561335744e-05,0.00015488891386255613,-9.746767303447229e-05,0.005574495836204368,-0.006218776356151684,0.008352106509317144
32.08,58,399,-0.0001493436117083706,4.4050323653174e-05,-1.2982353861526246e-05,0.00015624495794692333,-0.0003817932424712916,0.005612811750059576,-0.006441414025707199,0.00855226499076011
32.16,59,400,-0.00015159326083029722,4.6416665263029083e-05,-1.8618561625924664e-05,0.00015962980417303334,-0.00022669367208182388,0.0059296959894949,-0.005778332090448234,0.008282620738407482
32.24,59,401,-0.00015330098989267872,4.777031402597766e-05,-1.29537310582235e-05,0.00016109312695625623,-0.00042972915731120216,0.0059839092574229535,-0.005941272476478251,0.008443373483950212
32.32,60,402,-0.0001500194658787301,4.108988619812646e-05,-1.7485760031484155e-05,0.00015652466481099104,6.005730143982551e-06,0.0060956997571443025,-0.005054229381559285,0.007918511617688063
32.4,60,403,-0.00014441187012342397,4.1024370539381044e-05,-1.836706990757381e-05,0.0001512452857701251,3.457579803075224e-05,0.005911944146846052,-0.005444040685327497,0.00803678157378548
32.48,60,404,-0.00012535183458801575,3.8310333133559506e-05,-2.2201875143964928e-05,0.00013294242106751998,-0.00012205679156223911,0.005891607294507256,-0.005846409364386499,0.008300990111368868
32.56,61,405,-0.00013412642445354526,3.4794352762966705e-05,-2.3998668800314523e-05,0.00014062887621350581,-0.00029979888116284743,0.006082498733705871,-0.004902024831714721,0.007817705396433646
32.64,61,406,-0.0001433628714245678,2.661403313508059e-05,-2.2794143015302375e-05,0.00014758317186798223,-0.0004396085279928163,0.005784487610519947,-0.005496712072839335,0.007991707964248975
32.72,62,407,-0.00014438161617214736,2.9199572623702357e-05,-2.6000034386498408e-05,0.00014958164298464987,6.606427686661809e-05,0.006130575248607942,-0.00550782548822962,0.008241629631105373
32.8,63,408,-0.00014902835895313596,2.5230846072823114e-05,-2.715319818243625e-05,0.00015356869322016742,0.00032496937327303643,0.005977266510299076,-0.004706463928812888,0.007614730641455757
32.88,63,409,-0.00014655098178752613,2.1125458902229573e-05,-2.8312674690100873e-05,0.00015074840902916715,0.00027811979034787483,0.005606939171153871,-0.005306493177649131,0.007724894001294748
32.96,64,410,-0.0001309558398522616,1.9968599000850527e-05,-3.8499498118475685e-05,0.00013795067340481695,0.0002826324202663086,0.005454577303029418,-0.004512245833303346,0.007084677628507361
33.04,64,411,-0.00012243211168644396,1.8885537529325602e-05,-3.890363193490597e-05,0.00012984520814223407,0.0003651491925215142,0.004870325485807988,-0.00493871864614727,0.006945815008788577
33.12,64,412,-0.00012328190201329827,9.823018494886243e-06,-3.6868016643528705e-05,0.00012905103528292543,0.00018383467857874738,0.005062587887971935,-0.005027184222979891,0.007136958212310495
33.2,65,413,-0.0001403917261822959,6.2021979602353285e-06,-3.547916406972943e-05,0.00014493817689990954,-0.0004636480254616495,0.005692818687790069,-0.003709689538353298,0.006810649790918209
33.28,66,414,-0.00014501751262753853,1.3185131413015139e-05,-3.441555074421533e-05,0.00014962739318749235,-0.00021809003420358375,0.0055231433362904064,-0.0034603659336741154,0.006521258158604088
33.36,66,415,-0.00015008320773649277,2.7675856827394237e-06,-3.8756900868941436e-05,0.00015503137147026565,-0.00029509419897526327,0.00541624015492055,-0.0035616057612734638,0.006489050284963044
33.44,67,416,-0.0001511393964845177,8.64444753279891e-06,-4.150264118268345e-05,0.00015697233153645304,-4.2534489827529886e-05,0.0052238318609711355,-0.002880238801603519,0.005965400577394994
33.52,67,417,-0.00015710793653290906,1.0902033289457887e-05,-4.439271472875226e-05,0.00016362295429572652,-0.00021488163323260114,0.005269681999537112,-0.0029793998473021193,0.006057437242155304
33.6,67,418,-0.00015311809859054192,8.443865817054913e-06,-4.49129311174554e-05,0.00015979243526362765,-0.00047792887744019827,0.005365922071938778,-0.0030072335217171276,0.006169683067074856
33.68,67,419,-0.00015097846047147184,7.551982640656075e-06,-4.199427752980088e-05,0.00015689183316345848,-0.0001428228243464104,0.005236115999753257,-0.0034704981557069125,0.006283443846394381
33.76,67,420,-0.00015679992690069907,5.525087256932123e-06,-4.592517955179704e-05,0.0001634804752321392,-0.0005785122124117673,0.005135557514977375,-0.003710786371696664,0.006362276547425444
33.84,67,421,-0.00016529632542447737,6.691222760621645e-06,-4.093290074518018e-05,0.00017042050940037048,1.9002172841399937e-05,0.0051282714183861575,-0.0037307287411697076,0.006341755731924621
33.92,67,422,-0.00017939328789843417,1.698222936683722e-05,-4.419954186326842e-05,0.00018553691642959137,-0.0001803500184313164,0.005165321197962264,-0.003722600288455756,0.00636952291108819
34.0,67,423,-0.00017760126808035037,2.6670320248085524e-05,-2.8543603852866165e-05,0.00018184678640766045,-0.0008111343187467475,0.004905092071764985,-0.004026902804550683,0.006397953837973405
34.08,67,424,-0.0001706406237557768,3.470968237090372e-05,-1.3902508852713377e-05,0.0001746890502534414,-0.0006266664654652729,0.004805880251509794,-0.00424477251205935,0.006442615115768225
34.16,67,425,-0.00016308967676191744,2.8435830659413433e-05,-2.934392863400805e-05,0.00016813061969574522,-0.001133642765981245,0.004615639527726389,-0.004411045177755232,0.006484334486357839
34.24,68,426,-0.0001582129024291629,2.9772668583842544e-05,-4.252116042043989e-05,0.00016651061039214265,-0.0014948690190074,0.0044632677653608874,-0.005367603472573209,0.00713908674608158
34.32,68,427,-0.00016569042572473267,1.686558858194148e-05,-8.633571419065928e-05,0.00018759429842047352,-0.0014894530083422067,0.004876153792715941,-0.0060932086788024874,0.007944969356625087
34.4,68,428,-0.0001613830550865549,2.2933817970745206e-05,-7.782826679212768e-05,0.00018063136379835006,-0.0008979667165400577,0.004498948370669303,-0.005722138185099311,0.007334149308224734
34.48,68,429,-0.00016105042387831243,2.6782816906035468e-05,-6.753965611043915e-05,0.00017668096518958317,-0.0007916887323374,0.004485134218624287,-0.006580092272643113,0.008002550488718087
34.56,68,430,-0.0001636121314707336,2.8210589530279292e-05,-6.789530954464863e-05,0.0001793726288601641,-0.0010975469577492497,0.004052889040849466,-0.008099136159767217,0.009122857306587186
34.64,68,431,-0.00015698639936545354,2.6077686263655367e-05,-5.5964565425976156e-05,0.0001686914576672858,-0.0014892761144956752,0.004028275887460492,-0.008534104127612636,0.009553841281476157
34.72,68,432,-0.000142192291939499,2.0625248692965452e-05,-6.68470287859527e-05,0.00015846947348989449,-0.0011149659495334147,0.003723051448983999,-0.00913535357397065,0.00992768583718578
34.8,68,433,-0.00013982564395608314,1.9681711126731638e-05,-4.610419067684578e-05,0.00014854015234466538,-0.0018329235166137093,0.0037943975639493544,-0.008733282937333584,0.009696767108401762
34.88,68,434,-0.00014683151722364487,2.0660840503496784e-05,-4.308762318368014e-05,0.0001544114893786316,-0.0016180674351903735,0.0035544867290529655,-0.009217578312204627,0.010010807563501674
34.96,68,435,-0.0001606980386654022,1.7368431437547957e-05,-4.94947824619712e-05,0.00016904217087006945,-0.0016524163640208689,0.004312682549926594,-0.008973540833418737,0.010092281491593403
35.04,68,436,-0.00016112589230036104,1.6440578974313586e-05,-4.435496899337788e-05,0.00016792620129390677,-0.002084796089670663,0.004988840393866137,-0.009258429206852728,0.010721633018774712
35.12,68,437,-0.00016086438967434835,1.4173455539347243e-05,-4.794852714210556e-05,0.00016845563202910041,-0.0018941559836822392,0.005016803976207855,-0.009527238369661404,0.010932722441302655
35.2,69,438,-0.00016458056207800878,2.422035353934091e-05,-3.977687128634713e-05,0.0001710426450591039,-0.0017233113737805384,0.004856583454566985,-0.008674999132867832,0.010090184086399653
35.28,69,439,-0.00017366497837582865,2.2187049396706536e-05,-4.339113700709903e-05,0.00018037344772991884,-0.0012459547695370715,0.004504125035280923,-0.009257138329120368,0.0103698676783094
35.36,69,440,-0.00016652010205978768,2.1687380606865216e-05,-3.7969267456124226e-05,0.00017216547894030276,-0.0014995863622565564,0.00437732091440378,-0.009888750081336908,0.010917741333109302
35.44,69,441,-0.0001675761369630147,2.1719644422956295e-05,-4.302501858087704e-05,0.00017436931168411353,-0.0016892222807134616,0.005253291951375147,-0.010428445542721012,0.011798433145021395
35.52,69,442,-0.00016535906791202611,2.4552788154888733e-05,-4.141231406311046e-05,0.00017222497061394613,-0.0013725481279099156,0.004708985888538885,-0.011364811909996435,0.012378101074538218
35.6,69,443,-0.00017235264929141633,2.22833110672115e-05,-4.175284443894964e-05,0.00017873243043340286,-0.0015670640630325815,0.004321796905860167,-0.01109169380904159,0.01200663524167709
35.68,69,444,-0.00017002781048268184,2.5858843552277643e-05,-4.009639899296246e-05,0.00017659517926489043,-0.0018830699110528467,0.004723861175696304,-0.01114359049189488,0.012249098976994735
35.76,69,445,-0.00017755293627104326,2.530191974681136e-05,-4.040976677087929e-05,0.0001838428175693032,-0.0017880420292183763,0.004903744863453258,-0.01164067974037332,0.01275732075327862
35.84,69,446,-0.00017229668336739694,2.87816830883347e-05,-3.9862428397213705e-05,0.00017917462314324918,-0.001643677478577453,0.004739172954280799,-0.011612735967370854,0.012649785476127174
35.92,69,447,-0.00017305964157151194,2.8129100100202512e-05,-3.96406364442036e-05,0.00017975612888302005,-0.0015193276872007516,0.00504961046450175,-0.011631178578962655,0.012770717975118709
36.0,69,448,-0.00016285576059325456,3.254457139769155e-05,-4.340726286135231e-05,0.0001716547067661747,-0.0014908978751190613,0.0049882150207313965,-0.012268602699612557,0.01332755333015124
36.08,69,449,-0.00015559384212058012,2.6795623682480342e-05,-4.533410033430342e-05,0.0001642639029351787,-0.0018998578743726513,0.004623261569203379,-0.012699423608107656,0.013647687256757121
36.16,69,450,-0.00016016314465976198,2.616029444750164e-05,-3.601332775230165e-05,0.00016623343132077413,-0.001793580439859984,0.005785369302050346,-0.01271532712469211,0.014084281048150302
36.24,69,451,-0.00015635347126819382,2.1445138826815815e-05,-3.800655287106439e-05,0.0001623292950088071,-0.0015423699341686416,0.005190789371918088,-0.013319657606717872,0.014378333633548863
36.32,69,452,-0.000159067353857765,1.9589922612328348e-05,-4.170371484072052e-05,0.00016560612296284387,-0.0015265473722114189,0.005203730925801124,-0.013470171739544847,0.014520836378135293
36.4,69,453,-0.00014800185675398227,1.9920438835745363e-05,-3.285308353964069e-05,0.00015290748374130537,-0.001680165026587062,0.005779860290356155,-0.013199272449328838,0.014506913272099393
36.48,69,454,-0.00014825004208025402,2.2389769665146936e-05,-2.6521180120674844e-05,0.00015225882489185546,-0.001704730288224988,0.005609749875858747,-0.013662578177967384,0.014867462510272541
36.56,69,455,-0.00015205152692288212,2.2132437370983212e-05,-3.0027449767691148e-05,0.00015656040164457825,-0.0015162677428267074,0.005530235354772789,-0.013692510426416345,0.01484477728780853
36.64,69,456,-0.00014880918710533995,3.2990439969279e-05,-3.919969472669533e-05,0.00015738220789843042,-0.002094209179165255,0.005541245422517724,-0.014027400257835165,0.015226919285009285
36.72,69,457,-0.0001495773106276262,3.264873165761131e-05,-3.303116869933945e-05,0.00015662174063356694,-0.0016870700058569767,0.005559449663541344,-0.013812056763609545,0.014984211617809074
36.8,69,458,-0.00014837134777653276,3.4286720518451086e-05,-2.669690541298233e-05,0.00015460388353325712,-0.0016035269465178165,0.005935001718878289,-0.01350593690113213,0.014839335418025281
36.88,69,459,-0.00013662149741824499,3.8343765356549576e-05,-1.291688801533213e-05,0.00014248692534587966,-0.0014046472129134273,0.006334698500903496,-0.013726696389122458,0.015183004730594073
36.96,69,460,-0.00013684145955921565,3.304220600385838e-05,-2.2790824356631358e-05,0.00014260713203326363,-0.0012318126480618168,0.006083391428736061,-0.01377827820263329,0.015111782287483633
37.04,69,461,-0.00014004285301300718,3.728521737081764e-05,-1.2902020327779375e-05,0.00014549450244923445,-0.0015031516392182396,0.0066198291225199575,-0.013767227676880399,0.01534985864328755
37.12,69,462,-0.00015524315445431702,3.100772264759809e-05,-3.8570602568157045e-05,0.0001629405021815878,-0.0018671614395743992,0.005764132942117717,-0.013702432975478155,0.014982262508156482
37.2,69,463,-0.00014293744976573333,4.433750391675237e-05,-1.9765177779888417e-05,0.00015095559297942612,-0.001824611486333943,0.006390928965339017,-0.013575516828576809,0.015115152572139096
37.28,69,464,-0.00012952463523325313,4.150098210197874e-05,-1.4402704315964253e-05,0.00013677134399920596,-0.0013314900873227626,0.006855327785757348,-0.014039879901352456,0.015680772064768245
37.36,69,465,-0.00012900843885311298,4.21270031124887e-05,-1.2240562825441727e-05,0.000136263322522389,-0.0014575910923271666,0.0068721493593022764,-0.013966871310479915,0.01563408145087191
37.44,69,466,-0.0001338352984479272,3.689046701034729e-05,3.7240952824267353e-07,0.00013882698713054315,-0.0015816674607075408,0.007333051581843208,-0.013544601900040096,0.015483267035377385
37.52,69,467,-0.00014373920634599686,2.948548079618222e-05,-2.023717539127362e-05,0.00014812122159426133,-0.0012314051363659666,0.0070682995179552136,-0.013642328800336381,0.015413966127570213
37.6,69,468,-0.00013945221961567697,3.0697292493060365e-05,-1.3329108092361504e-05,0.00014341168168835258,-0.0016385094623036728,0.007279661776657481,-0.013570885430945681,0.015486998425144893
37.68,69,469,-0.0001518546323868486,1.8906615150552104e-05,-2.965520024953899e-05,0.00015587405292618868,-0.0014730153820154517,0.007009709915044132,-0.013197079321387901,0.015015615539288634
37.76,69,470,-0.00014506463553445338,1.7854861262993956e-05,-3.379389270816798e-05,0.0001500152383520945,-0.0016828494450290548,0.007117556438104984,-0.013492225898594829,0.015347043741481855
37.84,69,471,-0.00014116061309473734,1.5209869303345848e-05,-2.5372762766754246e-05,0.0001442270290338291,-0.001644055157005077,0.007740524013935077,-0.01348160176346025,0.015632409138648946
37.92,69,472,-0.00014661213774381314,1.799440833729111e-05,-3.405636464087333e-05,0.00015158744551502983,-0.0017771750450069636,0.0076617423726773005,-0.01341443416701685,0.015550166923448228
38.0,69,473,-0.00014061261931747407,1.9987936289143727e-05,-3.14669300242225e-05,0.00014547025123223326,-0.0017759920824335208,0.008052872825118443,-0.013238727930700642,0.015597013362740669
38.08,69,474,-0.00014329006685413352,1.642120172796342e-05,-3.3534907340309096e-05,0.00014807528198715558,-0.001794059357141272,0.007837525347133084,-0.013399010614591369,0.01562622596770672
38.16,69,475,-0.00014073584348288777,1.106580569088985e-05,-3.164166757922215e-05,0.00014467281992006103,-0.0019405592490227095,0.008067082614700195,-0.013316495660886293,0.015689890018663905
38.24,69,476,-0.00013285834195002398,1.6539041476712546e-05,-3.308869573474766e-05,0.0001379120759908451,-0.0019086056445179168,0.008305180528706553,-0.013305603275714799,0.015800565738333692
38.32,69,477,-0.00011411091213291441,2.2189406633595055e-05,-2.7633856200232232e-05,0.00011948765644639558,-0.0018371610676761584,0.008877661233755232,-0.013586929843608276,0.016333789895337784
38.4,69,478,-0.00011744371781598122,2.203501426437365e-05,-3.2283420856899524e-05,0.00012377717063455067,-0.0016582310452562586,0.00882636997274244,-0.01361375336956192,0.016309163617501652
38.48,69,479,-0.0001134665858146593,2.15675897569508e-05,-2.423873869767009e-05,0.00011801416642934654,-0.001798294367929905,0.009245501174100623,-0.013371040930510577,0.016355362733960186
38.56,69,480,-0.00012512936718683823,2.1696324680528604e-05,-2.706632486176639e-05,0.00012984866182885434,-0.001593564737777492,0.008765024539944433,-0.013372694524350902,0.016068418173576408
38.64,69,481,-0.0001485012036247595,1.9532868855117114e-05,-2.9605930247353505e-05,0.00015267826154867183,-0.0018130806431753206,0.008288234625243016,-0.013207970136214832,0.015698170904308473
38.72,69,482,-0.00014177389225473292,3.338115219973471e-05,-2.415826368279646e-05,0.000147640643291087,-0.001721496641374999,0.008462319858512436,-0.013169625735486327,0.0157484427829174
38.8,70,483,-0.00014114456310564084,3.0796830219390896e-05,-2.0621537771554055e-05,0.00014592971001789817,-0.0006182807212913706,0.009917858918246805,-0.007782187527609581,0.012621752623445382
38.88,70,484,-0.00014375760764247288,2.7200224881697618e-05,-1.747768678464914e-05,0.00014734846970377533,-0.0005987126339591015,0.010142334150001637,-0.008141061872632619,0.013019304407009777
38.96,70,485,-0.0001531136896342837,2.3576221448031305e-05,-2.591955409637943e-05,0.00015707152337628074,-0.0004683074947370115,0.009756754665377773,-0.00820011608547297,0.012753645648410902
39.04,70,486,-0.0001604281123627573,3.371056135246261e-05,-2.1175666339922587e-05,0.00016529364787527486,-0.00044959059254180684,0.009984949279593739,-0.008236663297304514,0.012951600908386766
39.12,70,487,-0.00015612390079771608,3.738575016678468e-05,-2.4870092854211124e-05,0.00016245272615258082,-0.0003210898698183006,0.01014054558391029,-0.008242057656568384,0.013071544585780975
39.2,70,488,-0.00015159871878300132,2.9141148111779983e-05,-2.6593035316737068e-05,0.00015664790958476733,-0.00032478599721726836,0.010274548282344118,-0.008563831887188223,0.01337950092276355
39.28,71,489,-0.0001402270333302701,2.5788145355551662e-05,-3.8011434524693746e-05,0.00014755852558260676,-0.0004550687963759453,0.010342788448315193,-0.00772703396793578,0.012918491182706694
39.36,71,490,-0.00013768996431279103,2.3559068801366245e-05,-3.6494820915565966e-05,0.00014437945819577107,-0.00034215706015403843,0.01008688534686131,-0.00789757643548484,0.012815382983308152
39.44,71,491,-0.00012904742430690954,2.888010557318226e-05,-3.36396495760671e-05,0.00013645117896803343,3.7832095124965474e-05,0.010010754330883245,-0.008612598903670068,0.013205812864652371
39.52,71,492,-0.0001377882330481193,3.8023296598143105e-05,-3.787067555015235e-05,0.00014787006565677215,-0.0005710383883826331,0.009995135613530977,-0.008857288730688109,0.01336713822897992
39.6,72,493,-0.0001831710696102787,1.5412492685514332e-05,-8.026946055432994e-05,0.00020058008866943332,0.00012686621669568473,0.007931370005187031,-0.0049641918377373705,0.00935766668555669
39.68,72,494,-0.00018155016109474648,1.3470163525884424e-05,-7.603366259359775e-05,0.0001972891891268742,3.2132632056284114e-07,0.0076811924764619765,-0.005623192998226885,0.009519507206731583
39.76,72,495,-0.00018401708650614225,1.9390560056352293e-05,-8.266870545104859e-05,0.0002026632596364232,3.155734801511262e-05,0.007368619023074606,-0.006369255259223644,0.009739864204935238
39.84,72,496,-0.00017171252724704382,1.7162391240584e-05,-7.683232018493001e-05,0.00018889929886492762,-0.00019322620056136313,0.007174312977892797,-0.007086417719462397,0.0100859020005181
39.92,72,497,-0.0001781518184766941,1.5788763176450938e-05,-7.946840819970481e-05,0.0001957104580010734,-0.00043465156272575356,0.007180055713686684,-0.007814718597590435,0.01062129694491923
40.0,72,498,-0.00017202434862894524,1.5109284875659082e-05,-7.208016784529645e-05,0.00018712620769756655,-0.0005943842878526373,0.007076393064161362,-0.008033666753271912,0.01072233337398085
40.08,73,499,-0.00017796477985761806,1.3373304385439761e-05,-7.97072049867831e-05,0.0001954572758092191,-0.0007681870320049031,0.007119637078584678,-0.006657984476930226,0.009777939493673608
40.16,73,500,-0.00017457586224878843,1.398308116852519e-05,-7.941929665975247e-05,0.00019230102163224014,-0.0012722046726717957,0.006844881081115909,-0.007042349055922621,0.009902806772286363
40.24,73,501,-0.0001716601107443902,1.903640709229734e-05,-7.757389802398492e-05,0.00018933380065481065,-0.0013748268208185722,0.007004333392738852,-0.007666196249163863,0.01047479832715517
40.32,73,502,-0.00017690028589389365,2.0503424873287997e-05,-7.850474359056723e-05,0.00019462039036826685,-0.001586555275958245,0.006653141282301059,-0.007735652691669639,0.010325781768566739
40.4,74,503,-0.00017179810144205676,2.0677484929020186e-05,-8.596467162645814e-05,0.00019321508949854266,-0.0014506753070334044,0.007519986965008244,-0.005838879396428544,0.009630533495418004
40.48,74,504,-0.0001684384529881276,1.9130193400977214e-05,-9.011651638151481e-05,0.00019198558088911856,-0.001476516709563264,0.007550013800029911,-0.006556147674726133,0.010107714000063443
40.56,74,505,-0.00016801177708360005,2.0734262631271296e-05,-8.562488588640277e-05,0.0001897089559528262,-0.0016267835200173436,0.0077061255304373445,-0.007340000782350302,0.010765983782114913
40.64,74,506,-0.000155562137022807,2.5725545773731854e-05,-7.773970351536846e-05,0.00017579773514785776,-0.0016532183626649473,0.007323925036278639,-0.007618264668242117,0.010696306159000302
40.72,75,507,-0.00016468703244503085,2.364636760201327e-05,-8.926582166594829e-05,0.00018881037120353604,-0.0013316494733718147,0.008268037097994932,-0.006363429742129244,0.010517935436993657
40.8,75,508,-0.00016132699120549905,2.0250341656975976e-05,-8.709668317609319e-05,0.00018445136662253325,-0.001401780298897259,0.00819604934450801,-0.00661185442418517,0.010623409612295088
40.88,75,509,-0.00015640343550718376,1.847376299088181e-05,-8.905833035264425e-05,0.00018092733558722898,-0.0017382989875262315,0.00800493322191876,-0.006847614986550375,0.010676631971808462
40.96,75,510,-0.00014772024888226473,2.0179021421013188e-05,-8.130921006703847e-05,0.00016982241453080844,-0.0017845262411007778,0.007759131050566949,-0.007455708050710189,0.010907622614597287
41.04,76,511,-0.0001592086956977475,1.5522387530899126e-05,-9.243445200558913e-05,0.00018474978002154952,-0.0015563274968025478,0.008823089447666941,-0.006200479596659137,0.010895641785017606
41.12,76,512,-0.00015429221605252076,1.0855819148350444e-05,-9.269861179614167e-05,0.00018032462220315677,-0.001619023876077602,0.008983578589941494,-0.006625279803807555,0.011279195674856643
41.2,76,513,-0.00014894871371852068,1.6693749876097578e-05,-8.565894191869644e-05,0.00017263213760467124,-0.0019850782978739524,0.008495210855471107,-0.006928425823925147,0.011140566759605954
41.28,76,514,-0.00014867941917848823,1.750684751345953e-05,-8.930392106560731e-05,0.0001743193899564944,-0.002266188365483979,0.008873480411438251,-0.007396804395770565,0.011772297124577006
41.36,76,515,-0.0001465402714024934,1.5866495259927968e-05,-8.260366587472924e-05,0.00016896497397535872,-0.002417839155730713,0.008560030876777354,-0.007895736566786353,0.011893810605792133
41.44,77,516,-0.0001471535430326227,1.0405493144744468e-05,-9.020999780808133e-05,0.00017291698360535126,-0.0012864815827240206,0.00957347757465532,-0.005892061655657902,0.01131472042470297
41.52,77,517,-0.00015222636497117033,6.568180899331134e-06,-9.93387071502462e-05,0.0001818905878019659,-0.0015608705543874162,0.009624652454898025,-0.005979012903655278,0.011437606701893739
41.6,77,518,-0.00014780986617792726,4.504346954549738e-06,-0.00010116621250956202,0.0001791721190212182,-0.0019217989404261924,0.009357549485400993,-0.006161033381314151,0.011367294131182624
41.68,77,519,-0.0001413626363233749,7.465277009437645e-06,-9.245543067274521e-05,0.0001690772958442534,-0.002326676464444821,0.009131069970659007,-0.006050775510035194,0.01119829212211013
41.76,77,520,-0.00014202588105325606,9.083900645076027e-07,-8.578571546199704e-05,0.00016592578171818162,-0.0025834006748578046,0.009085537329470957,-0.006411419104288285,0.011416095766193398
41.84,77,521,-0.00014344373528406962,-3.5600484092964496e-06,-8.709719015306488e-05,0.00016785320869581826,-0.0029229670109198465,0.009264689550116058,-0.006866596097413912,0.011896568857110665
41.92,77,522,-0.00014214551985168274,2.7506827637974134e-06,-7.283461320224834e-05,0.00015974290578893733,-0.0030926844623894523,0.009343416506917111,-0.0065350339187381515,0.011814008529059662
42.0,77,523,-0.00015020052665597793,2.1216294837649127e-06,-7.223531355467146e-05,0.00016668125282628883,-0.0036119030034181855,0.00984237173797709,-0.006761477756618984,0.01247540404908333
42.08,77,524,-0.0001567418421518956,5.733471430821231e-06,-7.53950273129458e-05,0.0001740266873767861,-0.003718979944125993,0.009797815482024913,-0.0070777508380717126,0.01264604906563482
42.16,77,525,-0.00015608451348462046,2.7263504010716643e-06,-8.280841316717808e-05,0.00017671174728213789,-0.0038127569334189494,0.010192661328848659,-0.007292454834540315,0.013099899156548939
42.24,77,526,-0.00015624396816653994,8.881569141480345e-06,-8.413364516854428e-05,0.0001776781644102284,-0.003654221777584876,0.010333782080567299,-0.007699208790456149,0.013394708092656093
42.32,78,527,-0.00015169887226272174,8.993834304074e-06,-7.850352954091408e-05,0.0001710445586730308,-0.0036005728563851297,0.011155520105569586,-0.0061015618189148154,0.013215097818402395
42.4,78,528,-0.00015131106229126403,1.068787279150981e-05,-8.099257801382193e-05,0.00017195658140892227,-0.004046191061420003,0.011340034730604635,-0.006341732889224087,0.013608292539297535
42.48,78,529,-0.00014867580615823605,4.46553609787901e-06,-8.536585704313512e-05,0.00017149858861854178,-0.004227619561384905,0.011290210324538228,-0.006446100351673918,0.01367091167669386
42.56,78,530,-0.00014723164139753003,9.588829418067487e-06,-8.377682597065524e-05,0.00016966926194198268,-0.004141245257097782,0.011024177582847215,-0.006614789184387843,0.013506955230971942
42.64,78,531,-0.00014945758688629954,4.37420422353578e-06,-7.968531932739959e-05,0.0001694297909364661,-0.004207018964584111,0.011125311766245774,-0.006771130722950599,0.013686481714882848
42.72,79,532,-0.00015322267693854307,1.1165688606975657e-05,-6.824191776390697e-05,0.00016810360100359814,-0.002450728256446844,0.011476520938085618,-0.005377996386807223,0.01290889022982906
42.8,79,533,-0.00014977245828910334,6.352841546708193e-06,-6.778707959265939e-05,0.00016452123272508117,-0.0024725357614485606,0.011846807700204166,-0.005438008263665534,0.013267713429711744
42.88,79,534,-0.0001538159919716757,1.0888908805290791e-05,-6.371809242703991e-05,0.00016684700483898818,-0.002237405830298763,0.011994866557952767,-0.005949630327366122,0.013575010483416331
42.96,79,535,-0.000158295971988998,8.704092757487662e-06,-6.570757554208564e-05,0.0001716125329406086,-0.0027302976102652056,0.012188175601568353,-0.006123708210006428,0.01391064167379011
43.04,79,536,-0.0001538118313518961,1.1055470737023827e-05,-6.846925944421287e-05,0.0001687256423484002,-0.002540545405606121,0.012185649695350374,-0.006225778508765043,0.0139177852942176
43.12,79,537,-0.0001471413531441371,6.47726559239283e-06,-6.696410387519968e-05,0.0001617922247280462,-0.002856786531632375,0.011914642096998286,-0.0063324368644421545,0.013792015162006812
43.2,79,538,-0.00015100187237975508,7.975891400183521e-06,-6.693855366303693e-05,0.00016536610980584453,-0.0027659024599965094,0.01185392139293602,-0.006659681736009529,0.013875050617315235
43.28,79,539,-0.00015557280464324215,1.3264951888548546e-05,-6.768884487894173e-05,0.00017017824835805347,-0.0026625109956964006,0.011998335106776963,-0.0066586962450062345,0.013978098791322835
43.36,79,540,-0.00015717390184302564,1.2328427777876633e-05,-6.885719039116896e-05,0.00017203760699510172,-0.002736866229906471,0.012060239045640728,-0.007124831421112488,0.014272456879516976
43.44,79,541,-0.00015585472927576456,8.633710647936354e-06,-6.732789581066911e-05,0.00016999495037049327,-0.00269613055372218,0.01227715750762544,-0.007192722004162009,0.014482160275971065
43.52,80,542,-0.00014593852461060658,1.1049571039733911e-05,-7.047024316339228e-05,0.00016243829953921084,-0.0008422648617423102,0.012426692912468281,-0.005678030382771536,0.013688394203331226
43.6,80,543,-0.00014332903454568428,1.2261011255779915e-05,-7.206803645155017e-05,0.00016089545182755875,-0.0007747144416043967,0.012299785189139585,-0.005755255758970347,0.013601759702927017
43.68,80,544,-0.00013608783687218092,1.2247216192505397e-05,-7.471919639451393e-05,0.00015573327184278005,-0.0007534058518920243,0.012453841372215136,-0.006053629422649721,0.013867667954228386
43.76,80,545,-0.00013751592153314358,1.1231634883067718e-05,-7.408561589590148e-05,0.0001566060560129502,-0.0010723867049052523,0.01224443911336439,-0.005938282820848771,0.01365062289077436
43.84,80,546,-0.00013742441754685257,7.329335636313695e-06,-7.543562178290302e-05,0.00015693859542105826,-0.0008406958165048802,0.012424500363841443,-0.0062156182641633405,0.013917934083504845
43.92,81,547,-0.00012730936380041884,1.837414472099603e-05,-4.7478939828361025e-05,0.0001371113891429907,-0.0007135515527308424,0.012915358701995986,-0.004871451098109123,0.013821963754144944
44.0,81,548,-0.00013216084307919062,1.8449751025680904e-05,-4.2563409000876e-05,0.00014006614702378269,-0.0007191231246679222,0.01287901320206203,-0.005528352774331001,0.014033844930195485
44.08,81,549,-0.00011869286878992164,2.0117857310630267e-05,-3.232088587501494e-05,0.00012464896689543068,-0.0009333202863020337,0.012785554618750363,-0.0059517384187200905,0.014133813493560058
44.16,82,550,-0.00011551166149705357,3.327231883775403e-05,1.543939521696667e-05,0.00012119556950366108,-0.0007192869239530512,0.012702431285733295,-0.005740909721685085,0.013958050676232845
44.24,82,551,-0.00012830403052213835,2.930077765723465e-05,1.2393248538870743e-05,0.00013218945657234065,-0.000885483666604655,0.012844198151875152,-0.006647681644396686,0.014489623139809584
44.32,83,552,-0.000123318065514487,2.453897953661508e-05,3.030460775922817e-05,0.000129336290538945,-0.0014498806592847806,0.012567363494397254,-0.006658436366219769,0.014295997830493496
44.4,83,553,-0.00013315625917330296,1.1882265431762545e-05,2.2467861652492036e-05,0.00013556025374738057,-0.0013639012869207936,0.012641536411001915,-0.006880192003859187,0.014457029831923266
44.48,84,554,-0.0001360090350572502,1.4359000603080814e-05,2.4330378999700502e-05,0.0001389122235722712,-6.401714311210578e-05,0.013220933926350951,-0.004920186880452845,0.014106928475686339
44.56,84,555,-0.00014333690243247227,8.542857451471107e-06,2.5963109497023602e-05,0.00014591960480732762,-9.645740878003063e-05,0.013214069691572974,-0.005211401739559338,0.014204916400195326
44.64,84,556,-0.00014424052149886738,1.355437297149983e-05,2.1834897504054475e-05,0.0001465121558708639,-0.0007004300585820792,0.01321043864950535,-0.005562344966344002,0.014350817854879298
44.72,84,557,-0.00015058668388571886,2.4795495817423176e-05,1.645229097455436e-05,0.00015349867704589728,-0.00028683627624084314,0.013144550933212767,-0.005229501596665802,0.0141495293644249
44.8,84,558,-0.00014141517663744264,2.2989111011382747e-05,2.238194751088962e-05,0.00014500932033104975,-3.891708728630277e-05,0.012767483522130365,-0.004702729485910339,0.013606094760996034
44.88,84,559,-0.0001411984204140485,2.237664975930608e-05,2.490257058800438e-05,0.00014511321925918252,-8.139919382325117e-05,0.012436748105172087,-0.004769635990588427,0.013320238614340698
44.96,85,560,-0.00014290604965363718,2.5279008125044352e-05,2.5830167336458677e-05,0.0001474054436716071,0.00025606037334786885,0.012462606280592878,-0.0028242140074572074,0.012781170016074022
45.04,85,561,-0.00014847299394266943,2.587197666888318e-05,2.5181062361557756e-05,0.00015279946010608757,0.00032358963706982354,0.011819085780625703,-0.0024708552140020722,0.012078933083330204
45.12,85,562,-0.00014427557101681532,2.2878947111474758e-05,1.645673276823558e-05,0.00014700241721333327,0.0008124955892327867,0.011839845988730297,-0.0019923247935655485,0.01203376334329505
45.2,85,563,-0.00014135291279384626,2.6336590473616816e-05,1.1083358784699402e-06,0.00014378974358937848,0.000619272378967145,0.011597795021544727,-0.0022530169361287215,0.011830825539902199
45.28,85,564,-0.00013886457121481315,1.9982498800037874e-05,3.4584719333150337e-06,0.00014033755885393246,0.0010537781919505724,0.011578422386661768,-0.00232209019774676,0.011855902172683975
45.36,86,565,-0.00013393343230140863,1.9399502210788555e-05,1.327808981880509e-06,0.0001353376076733838,0.0005204252063020443,0.011252530030845153,-0.0030708581768305915,0.011675634647959565
45.44,86,566,-0.00013252853534245272,2.0577680045306278e-05,1.3752412880350714e-06,0.00013412361792265764,0.000678703073430616,0.0107347443272474,-0.003276259157346821,0.011244076115864447
45.52,86,567,-0.00013196385798751442,2.0001125665903712e-05,5.594537060156215e-07,0.0001334721612595725,0.00043922251684403444,0.010965303930609188,-0.0033727750093317656,0.0114806976257329
45.6,86,568,-0.00013216129825029235,1.6768129297328062e-05,-7.22035471817777e-07,0.00013322274674603134,0.000651971492187895,0.010753912388492697,-0.003428569933334258,0.01130605104684063
45.68,86,569,-0.0001320023658991708,2.5598684546636005e-05,3.893160928480313e-06,0.00013451793172477712,0.0002516562724405677,0.010685756896354617,-0.003790072215712815,0.011340783867430291
45.76,86,570,-0.00012719814089711946,3.5406998800349576e-05,4.312115758461735e-06,0.00013210456825577904,-3.144921773793292e-05,0.010966716597889014,-0.0038285973345916634,0.011615852079901548
45.84,86,571,-0.00012778863557472245,3.053981412173239e-05,4.364557112491209e-06,0.00013145974664294536,-0.00017182737399458763,0.011202018882054939,-0.00385998120682484,0.011849650062234336
45.92,87,572,-0.00010437063123925071,2.7358026934104464e-05,1.7208700580016592e-05,0.00010926037561101235,-0.001133009765014875,0.011381809408143258,-0.005140032109850788,0.012539905367314962
46.0,87,573,-0.00010230648988158679,3.091226386885442e-05,1.5693851907821142e-05,0.00010802075225202574,-0.001451031527403771,0.011494928262331287,-0.005516188923362902,0.012832272148294466
46.08,87,574,-0.00010268838140816418,2.7394208552058593e-05,1.6239778144714146e-05,0.0001075131467896453,-0.001384136858944725,0.011336003564466898,-0.0061957761806343,0.012992630762798229
46.16,87,575,-0.00010018508874021994,2.8290759166749408e-05,1.7079172082760927e-05,0.00010549463104418784,-0.001768435184203996,0.011485318735648281,-0.006013489475333042,0.01308441688154674
46.24,87,576,-9.989158803305997e-05,2.235474939628868e-05,1.3871906815417944e-05,0.00010329808313339158,-0.0018596407593978747,0.012114472245286162,-0.006227057403798566,0.01374754325128767
46.32,87,577,-0.00010251510284619576,2.2902749053241802e-05,1.2972539377606971e-05,0.00010584029952558442,-0.0019281689583487568,0.011845638746733778,-0.00662123059674514,0.013706848195895887
46.4,87,578,-9.91867922885563e-05,2.6325850180188585e-05,1.4880880619447954e-05,0.00010369431402065018,-0.0022874327811542618,0.012087246594345952,-0.006265919043722789,0.013805637269728437
46.48,87,579,-0.00010139120961199809,2.7763695339092486e-05,1.5202981590624735e-05,0.00010621737529571588,-0.002114304004687319,0.012002225471089638,-0.005984461879334353,0.013577094006756961
46.56,87,580,-9.954049297561074e-05,2.5847702060456535e-05,1.3061789918311235e-05,0.00010366785325984057,-0.001973055338244784,0.011891632406934532,-0.006826974122115319,0.013853210614636019
46.64,88,581,-9.897211744305233e-05,2.5348581312139127e-05,3.073570955768298e-05,0.00010668980479743,-0.0019229266577498742,0.012004545690194242,-0.006353189941145709,0.013717499283299463
46.72,88,582,-9.802750422029506e-05,2.4699268568961814e-05,3.378911796772151e-05,0.00010658869520046801,-0.0018713537146074256,0.011893772777549702,-0.006369329813810465,0.01362101897385993
46.8,88,583,-9.908902351252939e-05,2.6775630390930246e-05,3.076086631512595e-05,0.0001071531607557862,-0.001957622599898205,0.01181150902055833,-0.006611508084902299,0.013676844326930518
46.88,88,584,-9.839365459769756e-05,2.5294427652483625e-05,3.3755024125494304e-05,0.00010705382286060801,-0.0020548065049127056,0.011978767729003267,-0.006674565597420742,0.013865890955590057
46.96,88,585,-0.00010075003496343298,2.8512038478020958e-05,3.10644923193063e-05,0.0001092177117795523,-0.002323403662273593,0.012257621934128294,-0.006840026200862694,0.01422791124819021
47.04,88,586,-0.00010214465005571107,2.7995877362862834e-05,2.97380106586491e-05,0.00011000749048248513,-0.002660355104329717,0.012384557745081202,-0.006890128383661846,0.01441973054414425
47.12,88,587,-0.00010155794370242244,2.6634506116352725e-05,2.4718679703449238e-05,0.00010786299630275505,-0.0022901463293868722,0.012462416109023614,-0.007192977830659535,0.014570364290463536
47.2,88,588,-9.988023918026908e-05,1.659152795747642e-05,1.3885035295977372e-05,0.00010219655172187571,-0.0023377531353451623,0.012297969380727957,-0.0074034480217761945,0.014543595952249236
47.28,88,589,-0.00010646542217197657,2.8455476882918023e-05,3.248618463673916e-05,0.00011489104610518519,-0.002736241050680346,0.012168758903683435,-0.0072369997180548335,0.014420120431623617
47.36,88,590,-0.0001042613581336515,2.5322293665370554e-05,3.5831806702527976e-05,0.00011311749523356735,-0.0027888126822552583,0.012147114536901054,-0.007233943182337717,0.014410406021850702
47.44,89,591,-0.00010407196844290264,2.8473975345268604e-05,5.946912421035088e-05,0.00012320031908193106,-0.0018906100170846386,0.01243686584403656,-0.006241118192209603,0.014042848519741058
47.52,89,592,-0.00010283544122333028,3.062049463661977e-05,5.61240431334574e-05,0.00012108943339959298,-0.0019030562638242515,0.012577858950615715,-0.006468950603438867,0.014271351752185097
47.6,89,593,-0.00010035870206337668,2.7676069633873517e-05,4.967778400661779e-05,0.00011535040586852217,-0.0020867473264218122,0.012469230990536739,-0.006330236894701828,0.01413888733397132
47.68,89,594,-9.819715486505684e-05,2.3938255355843445e-05,5.117098572876406e-05,0.00011328808884223839,-0.00226565747085829,0.012823523964813718,-0.006437875280899754,0.014526603484084908
47.76,89,595,-9.92515272877415e-05,2.144096347814281e-05,5.4106158581945833e-05,0.00011505675547448319,-0.0023001080781705654,0.012800683316366749,-0.006615963289986801,0.01459174289766745
47.84,89,596,-9.232336749637861e-05,2.1537287375665627e-05,5.162095991964217e-05,0.00010794527519256547,-0.0024484133573237474,0.012657064165102911,-0.0069685447301009555,0.014654576653839967
47.92,89,597,-9.043409931602819e-05,2.3422934242999884e-05,4.8210282523914366e-05,0.00010512464748425457,-0.0024808452806051253,0.012775321019257255,-0.007318780660813451,0.014930772612710768
48.0,89,598,-9.036930766448837e-05,2.2511649683869797e-05,5.2492322775679365e-05,0.00010690570653447054,-0.0026289589823405837,0.012929541583828657,-0.007366715573045099,0.015111352329719828
48.08,89,599,-8.213127454252367e-05,2.1030464703306238e-05,5.1522519178649933e-05,9.9208853869656e-05,-0.0026198713432947587,0.012633063022925365,-0.007311202303911001,0.014829419621999195
48.16,89,600,-6.855975123553766e-05,1.4228171345149286e-05,5.4316935590465906e-05,8.861833806410813e-05,-0.0024780142546475684,0.012568921482773263,-0.007346940477938159,0.014768069483609628
48.24,90,601,-6.841397185730329e-05,1.4501207230773408e-05,7.51937020377025e-05,0.00010268811704660139,-0.001558691962422061,0.012926332844992599,-0.006095446274668981,0.014376163143920895
48.32,90,602,-7.603564737520393e-05,1.5336633920466538e-05,8.461709918120794e-05,0.00011478974468836118,-0.0011180465441155067,0.012902395635502006,-0.006297113577176605,0.014400537511276854
48.4,91,603,-6.458379562134822e-05,1.7011483561589097e-05,9.941425686350623e-05,0.00011976498527344915,0.00027919663796576426,0.01231526682258246,-0.005392609292712798,0.013447080822911125
48.48,91,604,-6.457105062646208e-05,1.4521479337021085e-05,0.00010178011516432448,0.00012140628395599551,0.0003097926971714859,0.012403552590417002,-0.00495616287406023,0.013360675088208457
48.56,92,605,-7.497531473907109e-05,5.506060770637762e-06,0.00010665627710276164,0.0001304882215790138,0.00022319829689548877,0.012356224460434294,-0.0042106770288427246,0.013055876126771256
48.64,93,606,-7.649529433833763e-05,6.579712592618425e-06,0.00011768199737853496,0.00014051290040673092,6.842734477513264e-05,0.012254874110436513,-0.0034034951945126997,0.012718899374679836
48.72,93,607,-8.21764136020919e-05,1.0907478437649459e-05,0.00011241285749508478,0.0001396731419012979,-0.00019878220786409534,0.012610315749493875,-0.003352516507934709,0.013049863777222784
48.8,93,608,-8.177073234152629e-05,1.4992946338288714e-05,0.00010789811603975715,0.0001362102953249175,8.042405561099458e-05,0.012905316200457389,-0.0029553035428751557,0.013239617565966144
48.88,93,609,-7.859390116573803e-05,1.3099799547862848e-05,0.0001083257446642117,0.00013447331707703195,-0.0004525964524818868,0.013074453409531254,-0.0031035630102612126,0.01344538132093933
48.96,93,610,-7.722753581616413e-05,1.2789091732329981e-05,0.00010846432373985357,0.0001337615889555691,-0.0008595856377520362,0.013019309674332683,-0.003293176026213839,0.013456831729810392
49.04,93,611,-7.56709335604805e-05,1.4241844364914865e-05,0.0001081528678098189,0.00013276280779012347,-0.0008144682809522705,0.013371287040242834,-0.0032188966808922555,0.013777371720887206
49.12,93,612,-7.036636488039289e-05,1.3678392670408078e-05,0.00010921036913216462,0.0001306347138340729,-0.0008755575477036108,0.013558593872112262,-0.003229125466013784,0.013965289831703446
49.2,93,613,-8.41602748246941e-05,1.7015991292123306e-05,0.00010514224433227283,0.00013574751327906164,-0.0010203519637438725,0.013688849215606095,-0.0027674921306163006,0.014003025518456313
49.28,94,614,-8.989215696517325e-05,1.778147977636457e-05,9.39056563749252e-05,0.00013120614774504334,-0.0011443887890206117,0.013842227581103537,-0.0028454768257353555,0.014177927509805392
49.36,94,615,-7.966031791547134e-05,2.051506754072012e-05,0.00010244955976335694,0.00013138701055393534,-0.0012231565921549798,0.013599590254351335,-0.002934250849345788,0.013966201888203767
49.44,94,616,-7.356643498010187e-05,2.278908775905736e-05,0.00010011563953441455,0.00012631114026860973,-0.0017804010250059754,0.013638018658472134,-0.002640962791760286,0.014005001435420801
49.52,94,617,-7.41293037848472e-05,2.2077591739337223e-05,0.00010608103495669607,0.00013128503233087458,-0.0019666782959815877,0.013384651753837195,-0.0023758930875476896,0.013735413865437002
49.6,94,618,-7.057756785031722e-05,2.0707334113187936e-05,0.00010430064576219991,0.000127626844653283,-0.0022352612391826105,0.013818273253653535,-0.0026121993725993406,0.01423954543102543
49.68,94,619,-7.220119636813561e-05,2.265335937485147e-05,0.00010509004492595666,0.00012949944011653424,-0.0018151861185373046,0.01372805548174036,-0.002966701896413638,0.014161769949298582
49.76,94,620,-6.060427309594516e-05,2.3421536520695457e-05,0.00010864523331260681,0.0001265908093505565,-0.0018551671126496806,0.013542656136046197,-0.0025775357561850358,0.013910027706998252
49.84,94,621,-5.8556073702503335e-05,2.034191218503585e-05,0.00011832961795108109,0.00013358332846296922,-0.002250009470867322,0.01310973098987211,-0.002919999283760858,0.013618149105622604
49.92,94,622,-6.224372691877328e-05,1.9948607896856608e-05,0.00011697510785947627,0.00013399777743118525,-0.002144999537785718,0.013001836812962131,-0.0026854334002772433,0.013448432476512747
50.0,94,623,-6.730985162359944e-05,1.9818349949524195e-05,0.00011497989190063548,0.00013469877008270937,-0.0020405332188369245,0.013090475024399651,-0.002723986365232008,0.013525694581040113
50.08,94,624,-7.03119527500657e-05,2.0705251579663395e-05,0.00011219777874026582,0.00013401798273647559,-0.002308939074930378,0.013539753624974088,-0.0024099080743796948,0.013945027242845378
50.16,94,625,-7.02815033564678e-05,2.4260320437626e-05,0.0001101001439241469,0.0001328536584136822,-0.002560963834915682,0.013426347344012234,-0.0032186715401465184,0.014042264249370882
50.24,94,626,-7.056855196499347e-05,2.2103665982643248e-05,0.00010777373107492949,0.00013070451287587384,-0.0024665704540404385,0.013512863713580925,-0.0037933809836659766,0.01425030507862186
50.32,94,627,-6.19546961428176e-05,2.0318794873672082e-05,0.00010845498065292837,0.0001265453303274929,-0.002907064924481409,0.013668181775406818,-0.0034980129009218467,0.014405079443575757
50.4,94,628,-6.288743044191377e-05,1.7768911737735687e-05,0.00010722643198594581,0.00012557097932391326,-0.002720753540714985,0.013444590017044665,-0.003423455627993185,0.014137876396141268
50.48,94,629,-5.860187747221898e-05,1.6660405470111788e-05,0.0001088976519329383,0.00012478160020694106,-0.0028828128955728973,0.01329410496604351,-0.003471150912387927,0.01403897167514899
50.56,94,630,-6.408028368392056e-05,1.964716571412597e-05,0.00010121978495744753,0.00012139908872986644,-0.002609882142118952,0.013619416238814852,-0.0032088014682064296,0.014233635879289903
50.64,94,631,-6.850281231457393e-05,1.7774781689777157e-05,0.00010217664858238426,0.00012429258093165908,-0.002547482474746434,0.013787882342022493,-0.0033050524519829755,0.014405510686780755
50.72,94,632,-6.289518417990085e-05,1.8813313340510176e-05,0.00010565307216994779,0.00012438776712691673,-0.0025745229331714226,0.01377631282405421,-0.003627164354659304,0.014476577102869901
50.8,94,633,-6.527831620925594e-05,1.3336400858634105e-05,9.990795179594524e-05,0.00012008628975465393,-0.002461371884531162,0.014173717171697242,-0.003363873495679503,0.014773904524943999
50.88,94,634,-5.871738016497241e-05,1.0211004840302097e-05,0.00010833201551596135,0.0001236439280314123,-0.0026336158104169416,0.013630216885719472,-0.003425890563276789,0.01429879263225323
50.96,94,635,-6.344232084203783e-05,1.3387745599956418e-05,0.00011003208379028613,0.00012771538383963684,-0.002368414346835936,0.013623251189671243,-0.0036180019676817802,0.01429308566172212
51.04,94,636,-5.4692286633943215e-05,1.0738894915511943e-05,0.00010880210295972966,0.00012224756721389355,-0.002544621177042056,0.013526742470977824,-0.0035399331614774598,0.014211931100259879
51.12,94,637,-6.196429771736913e-05,1.402497568433805e-05,0.00010627753830602562,0.00012381917978625836,-0.002453790812611267,0.013633733878096087,-0.0034458180880286068,0.014274923856419887
51.2,94,638,-6.56206683870094e-05,1.4246573705137605e-05,9.294746223124025e-05,0.00011466589605075088,-0.0024598670885614044,0.014273751192936742,-0.003819585594647667,0.014979324194572017
51.28,94,639,-6.0776696529427196e-05,8.65569172458035e-06,0.00010337294308447058,0.00012022767236458606,-0.0026898275952622567,0.014111884232514872,-0.0038238146851734215,0.014866136277818931
51.36,94,640,-6.612943082596026e-05,6.506237636883426e-06,9.345722944369394e-05,0.00011467208241260954,-0.0025272412378462153,0.014221166003295293,-0.003779738976230872,0.014930336148124432
51.44,94,641,-5.188841879328279e-05,1.2708278665206708e-05,0.00012043890543225662,0.00013175522112318625,-0.002414920816582439,0.013322787716412864,-0.003846668561770894,0.014075701549517212
51.52,94,642,-6.0071602808107373e-05,1.093995916952434e-05,9.899400149788426e-05,0.00011631032844562423,-0.00225839268423493,0.014056326173646891,-0.003783728911926377,0.014730826436256185
51.6,94,643,-6.333960118047714e-05,6.754078391382674e-06,0.00010613081255630051,0.0001237791259723522,-0.0023532944477687398,0.014061339563430699,-0.004020171947635307,0.01481286763474765
51.68,94,644,-5.9337933729661655e-05,8.270243675161031e-06,9.875176090081283e-05,0.00011550453493592174,-0.002433249758542786,0.014198939598696798,-0.003982491610139581,0.014946264735368522
51.76,94,645,-5.951754769515008e-05,8.564499962938942e-06,0.00010393599199844456,0.0001200765571456826,-0.002473752663789703,0.01404336670882092,-0.0037691745066202463,0.014749314466150024
51.84,95,646,-6.353459222664998e-05,3.214681612665851e-06,9.636228637785869e-05,0.00011546717638898925,-0.0019260235948252414,0.014220777395244447,-0.00451660448490656,0.01504459347028018
51.92,95,647,-6.917508513290263e-05,-1.1714465770105276e-06,8.917187656617413e-05,0.00011286358252580905,-0.002226637289719144,0.014644655179584926,-0.004671619926587182,0.01553215605405115
52.0,95,648,-6.295206705610273e-05,-1.2235065024838063e-06,9.326064389246018e-05,0.00011252558559738289,-0.002193164977969606,0.01453413481481722,-0.004686399512077366,0.015427682516265149
52.08,95,649,-6.0713830791811566e-05,4.2959922030594304e-08,9.272341401578327e-05,0.00011083231749681128,-0.0023047188041624535,0.014546091109513434,-0.004777536324990073,0.01548306651374738
52.16,95,650,-5.831162566647829e-05,1.0758148635129284e-07,9.623764307825877e-05,0.0001125252914099849,-0.0023405389459883537,0.014043115408352612,-0.0049119696230500625,0.015060367143856931
52.24,95,651,-5.5553688690847306e-05,-3.4116751338745257e-06,0.00010111531745298788,0.00011542165861742409,-0.0024341679181921405,0.014429367580891748,-0.0048873586313277016,0.015427835124529268
52.32,95,652,-5.8085828233012125e-05,-1.5988687399556417e-06,9.79113474053549e-05,0.00011385583767859553,-0.0023631883925144706,0.014157468883946504,-0.005074987282048169,0.015224128234200449
52.4,95,653,-4.7920093496154275e-05,1.6821618460733434e-06,0.00010761529400621777,0.00011781433076328721,-0.0026865485768372663,0.014295997626928132,-0.005095095276886154,0.015412757290160277
52.48,95,654,-5.2420128104221515e-05,-3.4825187685676654e-06,0.00010450191606733846,0.00011696430322616157,-0.00284349520130245,0.014139690075313465,-0.00501414448733513,0.01526951031715233
52.56,95,655,-5.421118512798764e-05,-2.3787181944728993e-06,9.33872892607305e-05,0.0001080078547546289,-0.002564109520198117,0.014336347759200278,-0.005044248265564409,0.015412656009557438
52.64,95,656,-5.168770367095365e-05,-3.9460279121935805e-06,0.0001022971439481999,0.00011468171391734107,-0.0026644105285872667,0.014294124761579553,-0.005005774871160176,0.015377869430619676
52.72,95,657,-3.8283571651183786e-05,-3.595155244373316e-06,0.0001124428863556962,0.00011883585187813683,-0.002696239639558223,0.014327057117243837,-0.004927598147228435,0.015388810783659062
52.8,95,658,-4.4604006151731605e-05,-4.877290901100927e-07,0.0001107772285677786,0.0001194208927014319,-0.0030545503848020622,0.014175938919487988,-0.005070121788814025,0.015362085055608677
52.88,95,659,-4.5370310976994794e-05,4.817243979119354e-06,0.00010619263515809966,0.00011557917943784184,-0.0031690399335515106,0.01433136291722731,-0.0051723801394259715,0.015562271475348657
52.96,95,660,-5.0914235360050995e-05,1.926848913105296e-06,0.00010808021128843005,0.00011948767376254458,-0.003169102409540395,0.014419008765451411,-0.005118578767059158,0.015625327915116158
53.04,95,661,-4.869879187512932e-05,4.894143989745175e-06,0.00010639498819259967,0.00011711284510246067,-0.0031041527984772017,0.014608914867715192,-0.004783434827184676,0.0156823916209986
53.12,96,662,-3.182880545031254e-05,-4.680653383759525e-06,9.446241731061559e-05,9.97904286826028e-05,-0.0028199935674114406,0.014383135539667864,-0.004702316378210102,0.015392814264892618
53.2,96,663,-3.239845804482499e-05,-7.73190437830933e-06,9.781835122819275e-05,0.00010333379053339562,-0.0028524029864700454,0.014041185588611938,-0.005090479797871785,0.01520539641389226
53.28,96,664,-3.9802608199414784e-05,-1.3686002350951222e-05,9.082482720507174e-05,0.00010010346405922976,-0.0028234642879085337,0.014176450301133178,-0.005079311497345304,0.015321328239178809
53.36,96,665,-5.484601071173784e-05,-1.021006196897556e-05,7.035024653415316e-05,8.978578642423595e-05,-0.0030349054499860867,0.013925367863413194,-0.00520501606505185,0.015172959943899675
53.44,96,666,-3.7042186805444576e-05,-1.2086587342564252e-05,9.258374617625814e-05,0.00010044878920598635,-0.0034523413257891373,0.014321233477607975,-0.004832693367298005,0.015503912865216867
53.52,96,667,-3.9151170049136954e-05,-1.021149619471591e-05,9.241156914075931e-05,0.00010088105313590096,-0.003202276965302083,0.01438069673613109,-0.005141093320908512,0.01560416152548306
53.6,96,668,-4.314873361145732e-05,-7.624726215804933e-06,8.492881389084606e-05,9.556596198984478e-05,-0.003240606314564139,0.014294766390915252,-0.005110212281225022,0.015522762158070202
53.68,96,669,-4.930182565310886e-05,-4.962452051827425e-06,9.130450423247127e-05,0.0001038836292985261,-0.0036340922979050346,0.014198028135535177,-0.005122844851805491,0.015525275171242898
53.76,96,670,-5.006601836332544e-05,1.928102676606381e-06,9.652531624968355e-05,0.00010875412843561296,-0.0038012296046822202,0.014315241796094547,-0.005600216571786731,0.015834706181015155
53.84,96,671,-4.899521362414151e-05,4.1734100337039886e-06,9.337371134384384e-05,0.00010553008234388978,-0.004002340456294955,0.014418180831805882,-0.0055373027527011,0.01595507409577972
53.92,97,672,-1.6663706111547643e-05,3.928351663868955e-06,3.197919250212067e-05,3.627367918001623e-05,-0.0026351918863188628,0.011854899357207856,-0.003962066755120601,0.012774225926422309
54.0,97,673,-1.4211846019683991e-05,3.94917668331688e-06,3.48662190887742e-05,3.785796874252056e-05,-0.002698997203487398,0.011602723710140816,-0.0040308686550950676,0.012575996402389936
54.08,97,674,-2.139174533882963e-05,-3.5520912376584666e-06,3.418987417227189e-05,4.0486684437204454e-05,-0.0027245095385520575,0.011629013784536062,-0.003754086795476748,0.012519987280127874
54.16,98,675,-1.1775884925269379e-05,2.7647876401393736e-06,1.9247448718534294e-05,2.2732791263741932e-05,-0.0012269625261102943,0.010914676436843272,-0.003052500883269821,0.011399708785921846
54.24,98,676,-5.930566159678755e-06,-7.908074283743563e-06,1.5618328247025208e-05,1.8483544873301726e-05,-0.0012683314575900192,0.010519644748595593,-0.0032795205607403983,0.011091746725889763
54.32,98,677,-3.007494248843717e-06,-6.951795122325276e-07,2.9579106192453843e-05,2.9739734688721035e-05,-0.0014072497729198845,0.010721185117909725,-0.003578033646972309,0.01138975359850853
54.4,98,678,-2.9549804558794825e-07,7.267599722118613e-06,3.696200756688906e-05,3.767088170179521e-05,-0.0009949903971491992,0.010277536437377187,-0.0035203758988223153,0.010909207468053942
54.48,98,679,-1.4009441600282316e-05,5.775805340597657e-07,2.8116633595646387e-05,3.1418834128224374e-05,-0.001328724988164319,0.010433642587547996,-0.003118055802917465,0.01097035458538031
54.56,98,680,-1.0878256182498077e-05,-8.93109888699091e-07,2.4073322237235662e-05,2.6432157429599552e-05,-0.0014372962189936342,0.010528984415544557,-0.003430684383815303,0.011166688344592937
54.64,98,681,-1.577090097924497e-05,-1.2864918997831373e-06,2.432992965433422e-05,2.902278167388869e-05,-0.0011493214496249645,0.010516462131109253,-0.0032308932616237976,0.011061445964141806
54.72,98,682,-1.6357813640594874e-05,-2.7713589071477263e-06,2.475081829121301e-05,2.9797004939713375e-05,-0.0012459630234703716,0.010467127040436947,-0.0034318526425033027,0.011085611615799944
54.8,98,683,-1.4781684625973415e-05,1.0004597199581685e-05,2.6107630064105963e-05,3.1625915213189105e-05,-0.001302750736974141,0.010353609752531374,-0.0035746048179132028,0.011030511955237967
54.88,98,684,-1.8300234001476044e-05,1.0543479647182045e-05,1.0081986265479056e-05,2.340320436685178e-05,-0.001202213512034626,0.010041066741654604,-0.003755852642268368,0.010787713738754617
54.96,98,685,-1.585344555975056e-05,5.618124862305556e-06,1.5991580432434656e-05,2.3208311179649792e-05,-0.0015086401789096576,0.010589622602993379,-0.0037988484640463244,0.011351094736457623
55.04,98,686,-1.6788621069893074e-05,1.2439354551691326e-05,1.92821296415286e-05,2.8432303153347553e-05,-0.001635334726736711,0.010463086789495932,-0.00390858407548211,0.011288380499793036
55.12,99,687,-5.803065722318521e-06,1.6755954466109557e-05,1.7298829160318584e-05,2.4772708212179256e-05,-8.751686521086647e-06,0.010061574668163388,-0.0028152169054426264,0.010448004958829896
55.2,99,688,-6.8996191285202696e-06,1.192709600633297e-05,1.630705007374769e-05,2.134901040729151e-05,-0.00028747244529547686,0.009802150028190628,-0.0028644706793744127,0.010216162579704641
55.28,99,689,-5.4931760813312095e-06,1.3124816987760638e-05,1.6726794498762216e-05,2.1959541402919632e-05,-0.00022063353169235456,0.010093578852988562,-0.002837908630161576,0.010487265544933554
55.36,99,690,-6.704331241590695e-06,1.6015157637361198e-05,1.993020102000689e-05,2.6431917150376768e-05,-0.00031490429198570137,0.00999734865982154,-0.002757920737277302,0.010375561273119192
55.44,99,691,-1.0972339191179461e-05,1.8184550252892107e-05,2.4287686508053546e-05,3.226393979568734e-05,-0.0004171786853332631,0.010115285922270768,-0.002745389761982582,0.010489528697228696
55.52,99,692,-1.0094525960693013e-05,1.6212698826559066e-05,2.143491346183625e-05,2.8708998114323387e-05,-0.00035102809467412214,0.010360923789777782,-0.0024751874657211186,0.010658260434578275
55.6,99,693,-1.2927437862554423e-05,9.933170007054786e-06,2.3559978093227747e-05,2.8650638454188587e-05,-0.0005589279420469517,0.010496001735562742,-0.002151140924304088,0.01072873991452644
55.68,99,694,-1.3621555281952312e-05,4.32239159363172e-06,2.306106925285624e-05,2.7130107859590467e-05,-0.0007310028936712881,0.010676371026603848,-0.0018900202474995075,0.010866988546245
55.76,99,695,-1.5043048212622887e-05,4.743565086339056e-06,2.446507265765062e-05,2.9109010450370097e-05,-0.00014206350700707535,0.01057230145067377,-0.001534757476242783,0.010684063857672557
55.84,99,696,-1.8782988178660336e-05,6.387637312101087e-06,2.2909669898894752e-05,3.0306031251666132e-05,-0.00041055289321191167,0.010761119820839828,-0.001470373012875041,0.010868866098797414
55.92,99,697,-1.6795215765817303e-05,3.383549274644059e-06,2.504146125054554e-05,3.034143140784357e-05,-0.000342128821969457,0.010444359671228032,-0.0012872005752024747,0.010528940421219901
56.0,99,698,-1.609996821653684e-05,9.560902597767018e-06,2.7017660016485803e-05,3.287208219483366e-05,-0.0005746547984023665,0.010682438843226488,-0.0011649628932670446,0.010761127557988059
56.08,100,699,-1.660766585090582e-05,3.224366359889602e-06,3.113950694373757e-05,3.543839720045493e-05,-0.00016578915773938677,0.010575606252456071,-0.0010265095161532225,0.010626601311734858
56.16,100,700,-1.9489962041586462e-05,6.3456293416235055e-06,2.7724572823452938e-05,3.447865383634778e-05,-0.00010182725554032242,0.010561345825299315,-0.0008369313584740549,0.010594944479813727
56.24,100,701,-1.6903895727236738e-05,1.0938565953545845e-06,2.5047555747845444e-05,3.0237696042356112e-05,-7.866240496466567e-06,0.010882533656969891,-0.001028921685290394,0.010931069504274632
56.32,100,702,-1.691456074487642e-05,5.7193638447174136e-06,2.981813697068818e-05,3.475535613949448e-05,-0.0005024921520935491,0.010671387401296905,-0.0011421441330036603,0.0107440914298059
56.4,100,703,-2.0005140704929095e-05,9.148067605719448e-06,2.8535426021775647e-05,3.603003377443678e-05,-0.000296079827865989,0.010748633984096643,-0.0013574291463234885,0.010838053777124145
56.48,100,704,-2.0307401965060467e-05,4.880752432379789e-06,2.898673872833929e-05,3.57273472424378e-05,-0.0005159406958552059,0.010949722451502542,-0.0010204986175886752,0.011009270366154098
56.56,100,705,-2.493841984854931e-05,5.897083197978636e-06,3.0166082097665182e-05,3.958147147226182e-05,-0.0006705869404915842,0.01068901362166589,-0.0011175644562052417,0.010768177624960044
56.64,100,706,-2.301777614179944e-05,7.799098608544522e-06,2.9028813816786198e-05,3.7859159911828867e-05,-0.0009291134741935039,0.010962977345632235,-0.0010008941699769214,0.011047710770483962
56.72,100,707,-1.800096219120103e-05,3.9443805399225465e-06,2.635383726558229e-05,3.215769762084286e-05,-0.0007054553331108678,0.010734463669160988,-0.0011771335836644682,0.010821830758487333
56.8,100,708,-2.1088693420551023e-05,3.7292468156499113e-06,2.817192997924005e-05,3.5387821503353826e-05,-0.0010785629732155964,0.010991041762743452,-0.0013713675670309561,0.011128654281694026
56.88,100,709,-2.3734205165649145e-05,5.627916404257001e-06,3.918310521468682e-05,4.615519117243096e-05,-0.001331861512151795,0.010930641647645989,-0.00136981638499962,0.011096358810232198
56.96,100,710,-2.7000768337511408e-05,3.969158299393024e-06,2.7902426559057856e-05,3.903000277101215e-05,-0.0011229557132506067,0.010726470738759077,-0.001969919905768247,0.010963520806680619
57.04,100,711,-3.9910894099341625e-05,2.0305539030977098e-06,1.6255007038075827e-05,4.3141950243007584e-05,-0.0012732890912914299,0.011094727147109951,-0.0020721939603429496,0.011358178700306757
57.12,101,712,-3.0588705067047036e-05,5.690556945692567e-06,1.37536464450884e-05,3.40178498228129e-05,-0.0013118305872620289,0.010874708241807442,-0.0036095409485632857,0.011532951256875498
57.2,101,713,-3.1089302742708696e-05,9.4709159851456e-06,1.7545735096367937e-05,3.693366776665159e-05,-0.0010966674930116636,0.010921736274334425,-0.0038190076489192292,0.011622040365565956
57.28,101,714,-3.3572734194858904e-05,1.151407199704719e-05,1.6451300883155856e-05,3.911965792309487e-05,-0.001503414607224433,0.010941343397049894,-0.004317600111025889,0.01185811627249935
57.36,101,715,-3.330470743209438e-05,7.022911656336484e-06,1.3392538907833938e-05,3.657710928528874e-05,-0.0016415426278622472,0.010784136010666625,-0.004667457481672421,0.011864965699017651
57.44,101,716,-3.7761122471062114e-05,7.619543545356628e-06,1.0988234048672926e-05,4.005872066882008e-05,-0.0018917982043086883,0.010567816659313474,-0.004706071128462538,0.011721977429462899
57.52,102,717,-4.150113648968817e-05,9.314174981954095e-06,1.2040562899792817e-05,4.420490176975913e-05,-0.0015319458589155598,0.010539640263492465,-0.00569846562840151,0.01207904737620287
57.6,102,718,-4.3487966400217736e-05,1.0940196400381578e-05,1.3048347930850923e-05,4.670278902410359e-05,-0.0015858391104153706,0.01079419606663931,-0.006024930154906875,0.012463119103205295
57.68,102,719,-4.7331579999605463e-05,1.145537102078236e-05,1.1356090701702121e-05,5.0004647649074755e-05,-0.0016279737412291339,0.010872114885276828,-0.00624204994463352,0.012641849868278333
57.76,102,720,-4.849201302324622e-05,1.4791948150790316e-05,1.111329104113027e-05,5.190165984732296e-05,-0.001701309114195106,0.01076081758906769,-0.006482127256887129,0.012677050984425004
57.84,102,721,-4.834621379046468e-05,1.2503231577125027e-05,1.3785978458415823e-05,5.18048297922157e-05,-0.001477474461088449,0.01106618765155536,-0.006958117378473162,0.013155182909226886
57.92,103,722,-4.33755893975936e-05,1.3972797251483646e-05,2.6098406287927963e-05,5.251483247035509e-05,0.00047175349549961074,0.0118424917399225,-0.004455664325565806,0.012661757640737266
58.0,103,723,-4.59936097885487e-05,1.6788001731056717e-05,2.57531682273434e-05,5.532155834075081e-05,0.0007273384046149493,0.011502485468511828,-0.004632208392859587,0.012421495389164396
58.08,103,724,-4.2198271031970784e-05,2.1071854748423975e-05,2.732509634010294e-05,5.4510347922410566e-05,0.0010360569536057363,0.011590204973680584,-0.004827908420470645,0.01259821277243309
58.16,103,725,-3.9493470011577865e-05,1.9973510361285917e-05,2.5599970126670792e-05,5.112762228183737e-05,0.0008564426212888279,0.011520393165584227,-0.005497165771380645,0.012793427381715926
58.24,103,726,-3.3614587187937366e-05,1.7071224360767256e-05,2.9632003210330375e-05,4.795229699657907e-05,0.0003716978099619301,0.011451683600403394,-0.005536472388452291,0.012725240392769527
58.32,104,727,-4.7715979874853884e-05,2.0479388620192604e-05,3.709331208622578e-05,6.381327365995634e-05,0.00016529616328509402,0.011508528724209674,-0.005704725992254971,0.012845911990367418
58.4,104,728,-5.803876267383051e-05,1.2974545968146018e-05,3.7135880811212246e-05,7.011355403496044e-05,4.208032342971514e-05,0.011554604795009079,-0.005588312964227603,0.012835104382459111
58.48,105,729,-6.151180183558742e-05,1.296547287339371e-05,4.078735945599924e-05,7.49360657046003e-05,0.0002499283971168409,0.01207348191211933,-0.004626573884760126,0.012931999675112216
58.56,105,730,-6.353228795640781e-05,1.4439449772292039e-05,4.235083648196561e-05,7.770741710689306e-05,0.00028111473150162686,0.0115911809648762,-0.004966109868139624,0.012613355971953273
58.64,105,731,-6.83563846324341e-05,1.2767908201004412e-05,3.2745347187947756e-05,7.686268641093536e-05,0.0004974953699730832,0.011626426476527152,-0.005563930823057372,0.01289878368145633
58.72,105,732,-7.327978320753801e-05,1.3201982080330327e-05,2.236630508703716e-05,7.774619322538922e-05,0.0004571890651927897,0.011305600930804637,-0.005835997277855885,0.012731241042219092
58.8,106,733,-7.050829180581273e-05,1.849847291337234e-05,2.930964013653945e-05,7.856632687375587e-05,0.0005959867812785035,0.011621822195231446,-0.00437943777451415,0.01243388220154407
58.88,106,734,-7.505601029922864e-05,2.2093686364745706e-05,3.30430470148103e-05,8.493161140143656e-05,0.0005125913144883428,0.0115072518974604,-0.004129195617446336,0.012236415019703807
58.96,106,735,-7.473755238922876e-05,2.7356952211443165e-05,3.09437650554555e-05,8.539098996521311e-05,0.0007242337654033739,0.01153250007001635,-0.004680636927561566,0.012467214382512658
59.04,106,736,-7.236534053229288e-05,2.9596479543667755e-05,3.348098176659974e-05,8.505098618939605e-05,0.0005959613380325006,0.011688527980939032,-0.005050924550730854,0.012747105361406559
59.12,107,737,-6.939617290416575e-05,3.0348886090471313e-05,2.5506344789594153e-05,7.992156983695283e-05,0.00045359295251149844,0.011749723973846868,-0.004998555852519183,0.01277682748724869
59.2,107,738,-6.371604739596081e-05,2.6914723105354776e-05,2.1062398107143794e-05,7.230326154210511e-05,0.0006310666151028715,0.0117228374201473,-0.005779405568833247,0.013085285284660932
59.28,107,739,-6.065445902929555e-05,2.197421818675324e-05,2.1352612704010247e-05,6.795412963420979e-05,0.00012359982657104065,0.011464599082244025,-0.006262714013729101,0.013064221976508122
59.36,107,740,-5.6938139147101315e-05,1.915618667176069e-05,1.7709731166069543e-05,6.263023036292034e-05,0.0005407271550969193,0.011455359162361144,-0.0068281961634612,0.01334698101600721
59.44,107,741,-6.0132702833327554e-05,1.3945189785398542e-05,1.666786353997922e-05,6.393925197544488e-05,0.00041554116110127155,0.011266851181822466,-0.007099063305424389,0.013323337037856797
59.52,107,742,-6.107981496696635e-05,1.9754972276661967e-05,1.9041109479233353e-05,6.69594397844746e-05,0.00014739207356929837,0.01127513097859772,-0.007528876106019426,0.013558550011991521
59.6,107,743,-6.77273156980574e-05,2.0927594010601203e-05,2.122157206259647e-05,7.399532825486254e-05,-4.861261236592715e-05,0.01115050023392772,-0.007710057806670665,0.013556585485848066
59.68,107,744,-6.483775311416728e-05,1.594488416205057e-05,1.9281263202521315e-05,6.949777457242659e-05,3.602735752524228e-05,0.011360726963155208,-0.008289331876964899,0.01406344332190088
59.76,107,745,-6.807333354904493e-05,1.4553970989452789e-05,1.97634767752238e-05,7.236291748047595e-05,2.7707850322722202e-05,0.011639209440598512,-0.008540363444938758,0.014436404396480907
59.84,107,746,-6.67165624323311e-05,1.0069850758952249e-05,1.7066672717675004e-05,6.959721915958235e-05,-0.00022807947259,0.011480086635997108,-0.00863256929735012,0.014365432889034992
59.92,107,747,-6.539041369083577e-05,9.817775990016877e-06,1.86430086925386e-05,6.870121324371837e-05,-0.00032201430799271333,0.011495993032781239,-0.009039822537144538,0.014628053203600715
60.0,107,748,-5.534130875395591e-05,8.510308806915131e-06,2.1471679063506775e-05,5.9967648047893035e-05,-0.00016217601127219706,0.011719612648194074,-0.009172538070475078,0.014883248178292847
60.08,107,749,-5.462302930491307e-05,5.109279130212027e-06,1.992875821511904e-05,5.8368959796046454e-05,-0.0003537982564452086,0.011733180007294619,-0.009350621955437156,0.01500755867032827
60.16,107,750,-5.714614850990625e-05,4.096658668642191e-06,2.42394335812698e-05,6.22094449589804e-05,-0.0005625375718555278,0.011122662438829346,-0.009928007329306779,0.014919631288294741
60.24,107,751,-5.953786616167925e-05,1.1945722054522327e-05,1.5622384882339985e-05,6.27018077243543e-05,-0.00030015904567861674,0.011561528844842135,-0.00952483657854709,0.014982708584593376
60.32,107,752,-5.426684945189978e-05,1.920420389456535e-05,1.0019715476245987e-05,5.843018992681881e-05,0.0001807350563922008,0.012084942722012692,-0.009513622461602632,0.01538140169480164
60.4,107,753,-5.722259339107946e-05,1.9338466113828694e-05,1.0348550344713762e-05,6.128208514952463e-05,-0.00022269840097327015,0.011871134946210818,-0.009405021948151602,0.015146876817818159
60.48,107,754,-5.2387517140330916e-05,1.2732266783139877e-05,1.282869590181251e-05,5.541784918333346e-05,0.00032449308275204493,0.012002192660212699,-0.009539161636275875,0.015334716467434764
60.56,108,755,-5.2672417831155546e-05,2.0031177920778776e-05,2.5107985017618492e-05,6.169313252476877e-05,-1.3378501999805397e-05,0.0120895826133889,-0.009436368690840602,0.015336337268714056
60.64,108,756,-4.646650009875179e-05,2.0302391816469392e-05,2.9146283457740853e-05,5.848784988607225e-05,0.0003793867914274751,0.01241799643006205,-0.009488984976921631,0.01563302291838619
60.72,108,757,-5.0927983901550005e-05,1.7007055763764257e-05,1.9632221674114226e-05,5.716925413095647e-05,0.0005301733191942216,0.012170964795452193,-0.010151445961616328,0.015857658178688887
60.8,108,758,-5.0001786341696806e-05,1.4305123520425204e-05,1.449940003502566e-05,5.3991182591892e-05,0.00038976942801552774,0.012027139114236843,-0.010802154512731692,0.016170669052242428
60.88,108,759,-5.4645364502795646e-05,1.4652858430531602e-05,1.586071467400516e-05,5.8756994407464397e-05,0.00028193113473033737,0.011957295909296948,-0.010690772142005898,0.01604210147142541
60.96,108,760,-5.436520291847695e-05,1.3690919866343274e-05,1.6099513969812768e-05,5.832847439474141e-05,0.00042969584985301355,0.012343511684502949,-0.01107676961607419,0.016590411217219003
61.04,108,761,-5.2660483054187376e-05,1.4331306647013302e-05,1.836519638276857e-05,5.7582925107090025e-05,0.0007848025846705689,0.012195002375213143,-0.011474510840323042,0.016763006802273
61.12,108,762,-5.2489189890608126e-05,1.2951981851746805e-05,2.1053092769835223e-05,5.8018114450881504e-05,0.0004830967708170419,0.012068463022319844,-0.011790083363439103,0.016878603257613433
61.2,108,763,-5.349086148139811e-05,1.3150527966400026e-05,1.8349807234973554e-05,5.8059659604392076e-05,0.000698170386190539,0.012191374847750383,-0.012003017114358106,0.01712277671448436
61.28,108,764,-5.0049487548232914e-05,1.3549770192071058e-05,1.676552884761683e-05,5.449431560850114e-05,0.0005782449851227786,0.012134323395813837,-0.012621719954021487,0.01751810452459851
61.36,108,765,-4.934308863691056e-05,1.0884064230625285e-05,1.992063866359252e-05,5.431422553228395e-05,0.0007736893294953721,0.011777226329563385,-0.013048904263938595,0.01759475938129791
61.44,108,766,-5.220332201123372e-05,9.424751181456855e-06,1.6305135216178624e-05,5.5496578257211495e-05,0.0008696304230753249,0.011961151559146769,-0.013149642123642976,0.017797148414100027
61.52,108,767,-5.270646690732659e-05,1.1670324707103148e-05,2.1913607876781272e-05,5.826125936503317e-05,0.0011261172431340628,0.011715758498937075,-0.01330555640156459,0.017764148400807638
61.6,108,768,-5.217149076957542e-05,6.216737354731561e-06,1.6186499325424928e-05,5.497740474840177e-05,0.0010782978355804165,0.012116466878693463,-0.013167311129631987,0.01792622598957247
61.68,108,769,-4.011502363620788e-05,7.330220023225694e-06,1.779699959129507e-05,4.449360000466328e-05,0.0009575152418304265,0.012153727029235077,-0.013410074208789239,0.018123465629529337
61.76,108,770,-4.1435797598126995e-05,7.502843834156329e-07,1.1146663033104367e-05,4.291545579418352e-05,0.0011308378944587018,0.012269992507815316,-0.014250304956323172,0.018838861479229484
61.84,108,771,-3.964392392490359e-05,1.510445451746569e-06,1.7001816714025563e-05,4.316229745047828e-05,0.0007132608632864919,0.012046339385934865,-0.013592988125858687,0.01817669826591059
61.92,109,772,-3.594242798039306e-05,-5.050860865618681e-06,2.2695736282617254e-05,4.280730977321151e-05,0.0011518146793741263,0.013250914731809069,-0.012503342251177246,0.018255053703984836
62.0,109,773,-4.512831932538367e-05,-8.415020383813588e-06,2.288460182879507e-05,5.1294081277046834e-05,0.001264643631260029,0.013195714136140704,-0.01281645946194985,0.018438758857814534
62.08,109,774,-4.500997802850954e-05,-5.9185077159787266e-06,2.5752682469828165e-05,5.219317493794381e-05,0.0014636340485338717,0.013156638926384218,-0.012837965090439182,0.018440518434431587
62.16,109,775,-4.969290440316002e-05,-9.156010271324728e-06,2.4453233165726772e-05,5.6135353248800386e-05,0.0012630360159278746,0.013175193484163862,-0.01306788387406662,0.018599746564638326
62.24,110,776,-7.112502879290756e-05,-2.1162863713871886e-05,-2.8616377166437674e-05,7.953322301714963e-05,0.0014079206684917281,0.013540947837507936,-0.009063943844374091,0.01635526175152339
62.32,110,777,-7.045050773470888e-05,-1.7961185865805012e-05,-3.180168960682136e-05,7.935506095790539e-05,0.0015488729381114643,0.013805157543643476,-0.00962494210885224,0.01690032226858374
62.4,110,778,-6.990990968581806e-05,-2.1075317321028307e-05,-3.4444395309461425e-05,8.073401291088981e-05,0.0016533471808215991,0.013528355078692463,-0.010697369858970117,0.017325809358731764
62.48,110,779,-7.379042546927611e-05,-2.089438093309611e-05,-4.0028641823241164e-05,8.650950359196066e-05,0.0013863365000545329,0.013346149607683572,-0.011096441342474785,0.017411853683885568
62.56,110,780,-7.893500967955783e-05,-1.9268550336526668e-05,-4.281878683671368e-05,9.184476735966549e-05,0.0013854817946830655,0.01336790164427358,-0.011232222744433598,0.01751522714539957
62.64,110,781,-7.453923736102763e-05,-1.6421840014903276e-05,-4.211244981304702e-05,8.717358066005491e-05,0.0017372361761306351,0.013378761902956482,-0.011744889714261568,0.017887193574952553
62.72,110,782,-7.3731987719164e-05,-1.4963234448015672e-05,-4.078769308170783e-05,8.558002281544935e-05,0.0019531552175610168,0.013223850767671325,-0.012452648975357493,0.018268921997014475
62.8,110,783,-6.912086834922689e-05,-1.4978483396472849e-05,-3.885716957551353e-05,8.069652429708347e-05,0.0016881577860105377,0.013375580444376272,-0.012435261188811692,0.018340985517916297
62.88,110,784,-6.468026616699389e-05,-1.195133286576924e-05,-3.8023351940807353e-05,7.597464367482147e-05,0.001790253617706471,0.013074842111693206,-0.01306674548382634,0.018571385026446282
62.96,111,785,-6.897258180188606e-05,-7.520945854817226e-06,-6.13206110329341e-05,9.259589086142731e-05,0.0020221699870146335,0.014027971268739755,-0.008207104979077602,0.016377720278188023
63.04,111,786,-6.760859734314285e-05,-9.141316909498609e-06,-5.708216402961526e-05,8.895425543418939e-05,0.0016685670848062095,0.014069726168673911,-0.008555391947880023,0.016551013321238567
63.12,111,787,-7.102717075935197e-05,-1.0605973915757495e-05,-5.719366353170361e-05,9.18066490890371e-05,0.0011889126846996694,0.013903775811029502,-0.008968247080475986,0.016587885666102083
63.2,111,788,-7.69770364593278e-05,-1.2610410895292346e-05,-6.095763745245413e-05,9.899656644951696e-05,0.0011880769090552093,0.01403587910037947,-0.009710503990550082,0.01710880815874643
63.28,111,789,-7.160705972000644e-05,-1.4328068263007006e-05,-5.703680787442323e-05,9.266100579206889e-05,0.0009337414327322006,0.014092263167496986,-0.010173352530241367,0.017405770765747817
63.36,111,790,-7.205266380904242e-05,-1.4629898704111894e-05,-5.7198636538241554e-05,9.315204946701564e-05,0.001380035231464011,0.013856025961271716,-0.010232592415353936,0.017280043409039127
63.44,111,791,-6.744966627572137e-05,-1.8889704225463793e-05,-5.5098785117964877e-05,8.911876641823179e-05,0.0012988219413256354,0.013596278004295909,-0.010874312616891722,0.01745841885438828
63.52,111,792,-7.524843913151435e-05,-1.850903633194097e-05,-5.5945019366149716e-05,9.557592379645199e-05,0.0012083391484558582,0.01414326731630453,-0.011665049262321599,0.01837295480238627
63.6,111,793,-7.173612387960364e-05,-2.0012763736194893e-05,-5.403738657315838e-05,9.201424525195843e-05,0.001427740761848061,0.014210388789642042,-0.012337077937868068,0.018872654431236157
63.68,111,794,-6.830072860927532e-05,-1.9691374243791656e-05,-5.6766541508216656e-05,9.096801626380024e-05,0.0011973144645110755,0.014104828018474432,-0.012229190488530165,0.018706491797299284
63.76,111,795,-6.73889150087484e-05,-2.073776621739377e-05,-5.300181981382567e-05,8.820722032419363e-05,0.0016090825395303962,0.01395153146355106,-0.012336809968699826,0.01869308045778673
63.84,112,796,-6.668847925770859e-05,-1.8128244435015502e-05,-6.023483276265494e-05,9.167454166750171e-05,0.001495876665506911,0.013932756919154738,-0.011045180682372072,0.017842516040987813
63.92,112,797,-6.28295813018028e-05,-1.9780370987118992e-05,-6.166028270131889e-05,9.022643640172471e-05,0.0015944030114859221,0.013956845688970505,-0.011743190811957675,0.018309510998243975
64.0,112,798,-6.42019599414707e-05,-1.8209059384444984e-05,-6.097406402426044e-05,9.039523210671603e-05,0.0015562221005943689,0.014209149070703966,-0.011685807260014263,0.018462931399376097
64.08,112,799,-6.1339441961631e-05,-1.6189419217229134e-05,-6.20460061862207e-05,8.873742907260737e-05,0.0013890175281683823,0.01351346594267711,-0.01238137735924882,0.018380468894714643
64.16,112,800,-6.484517688197947e-05,-1.6096732767240738e-05,-6.280131363865657e-05,9.169518398136338e-05,0.0015752706255874,0.013826746069559512,-0.012539918580554485,0.018732590382081533
64.24,112,801,-5.7622978970257986e-05,-1.7258337973667478e-05,-5.8755028984665283e-05,8.408573818436148e-05,0.0018483986057006828,0.013805013369319255,-0.01279553923836008,0.018913508292568357
64.32,112,802,-6.301559808511117e-05,-1.8508827966627798e-05,-5.9942572298733275e-05,8.891936959128396e-05,0.0016273394096599045,0.013979909713997743,-0.013103849138668749,0.01923010586072657
64.4,112,803,-5.551417237679989e-05,-1.804978837742033e-05,-5.961939632239908e-05,8.343914317032505e-05,0.0021023685292674826,0.01359332447202825,-0.013833416631423984,0.019507994241675746
64.48,112,804,-5.935324909691199e-05,-1.716803667121918e-05,-6.242153198316107e-05,8.782936477414152e-05,0.0018771369876046818,0.013493868336028945,-0.013734403941431342,0.01934533477525584
64.56,112,805,-5.621010176592596e-05,-1.7070640319569547e-05,-6.149381844750999e-05,8.50439416343762e-05,0.002254268472666877,0.01363542360896075,-0.01438090879389494,0.019945351365192567
64.64,112,806,-6.299873957610263e-05,-1.6920768893982433e-05,-5.9575693546321425e-05,8.834261072475935e-05,0.0019006554089253083,0.013810448757870962,-0.014147076032165093,0.019861539369774858
64.72,112,807,-5.4576077445066785e-05,-1.8071254439221232e-05,-6.0518690919936083e-05,8.347233324257658e-05,0.001767450279796995,0.01349733189091659,-0.014475889482908377,0.01987091404506813
64.8,112,808,-6.168872118948995e-05,-1.649024877234962e-05,-5.948721845233402e-05,8.727058946612147e-05,0.0019463988327820716,0.013843018687248205,-0.014859866163322737,0.020401795440196494
64.88,112,809,-4.853208792366103e-05,-1.8889485792882e-05,-6.148069267450972e-05,8.057326978276959e-05,0.0019795829324635176,0.013534396371857571,-0.015090506946826024,0.020367180306789075
64.96,112,810,-5.4444113318980084e-05,-2.3517723838978287e-05,-4.9428281827249135e-05,7.720362591258496e-05,0.0017265732827757313,0.013858976048787438,-0.015459087603223115,0.020833522552506225
65.04,112,811,-5.4052545899852087e-05,-2.0669090491428737e-05,-5.799596874648539e-05,8.19293684269676e-05,0.002060926677839605,0.01357605337481941,-0.015751582296150795,0.020896626254967274
65.12,112,812,-5.8580028207093757e-05,-1.6179058591459872e-05,-5.7978907074395995e-05,8.399366230371931e-05,0.002004458552588297,0.013723227357569694,-0.01572221991294684,0.020965042861574495
65.2,112,813,-5.905203967311719e-05,-2.263033884766253e-05,-5.7188603398756086e-05,8.526319243739145e-05,0.001178508514922896,0.01380594703409248,-0.015851449916885123,0.02105377686533773
65.28,112,814,-6.488010947187838e-05,-2.0462168381927506e-05,-5.451390134581279e-05,8.71773730959719e-05,0.001673944566746366,0.014333919256220518,-0.0155048980825149,0.02118171844316611
65.36,112,815,-6.750546583789492e-05,-2.3444604494171364e-05,-6.129110932909571e-05,9.414476873767593e-05,0.0017706048154529123,0.014017954352882767,-0.015460111239529837,0.020944047488263742
65.44,112,816,-7.825275704723308e-05,-1.6857090957332132e-05,-6.081197093121553e-05,0.00010052736597353011,0.001682198412961809,0.014408535340621592,-0.015628821379553456,0.021323595847710576
65.52,112,817,-7.255778724147054e-05,-1.1519619610884545e-05,-5.536885940649536e-05,9.199480809988262e-05,0.0018936200065065353,0.014158254650654229,-0.015779240875485576,0.021284417165814258
65.6,112,818,-5.557458532165569e-05,-7.341161443659324e-06,-4.183837433229679e-05,6.994910115065989e-05,0.001693495613107869,0.013442233106538217,-0.016285366533201562,0.021184303656312357
65.68,112,819,-6.607384542089009e-05,-1.1713863621547146e-05,-3.152574145977834e-05,7.414067725774205e-05,0.0014177481322168023,0.013810563433808442,-0.016059323767456033,0.021228366682192704
65.76,112,820,-4.140098147144482e-05,4.924614191262805e-07,-7.349011633921726e-05,8.43509394411226e-05,0.0015405242111907916,0.013213080871600759,-0.016020693472449724,0.0208235765492607
65.84,112,821,-5.882888007121609e-05,2.452790695066138e-05,-9.001080041018452e-05,0.00011029233672515921,0.0014941192513937779,0.013514489863846246,-0.016004563220078698,0.02100047314902415
65.92,113,822,-4.068015178793012e-05,2.784357709899449e-05,-8.755449645235923e-05,0.00010047850209961764,0.0004530117954687234,0.014042837454753822,-0.010725088817287474,0.017675803619812466
66.0,113,823,-5.093362737960359e-05,2.1051507620984867e-05,-6.624297554732431e-05,8.617152766734553e-05,0.000564167965900374,0.01418420541701789,-0.01083538872971561,0.017858208693202014
66.08,113,824,-3.924969107607394e-05,1.5123915499757056e-05,-6.684762356595555e-05,7.898022439843234e-05,0.0004259033861327394,0.01393746695039005,-0.010675433333157878,0.017561299938735533
66.16,113,825,-5.240520873008595e-05,1.5608365607958906e-05,-6.802955818316383e-05,8.728085566487112e-05,0.0006141366176297782,0.014218885009738811,-0.011275841706575824,0.01815760063711733
66.24,113,826,-7.343939327248246e-05,2.0949632132058418e-05,-6.0624727893526094e-05,9.750686746513293e-05,0.00041014793291487196,0.013973734320793877,-0.011401493046190406,0.018039609637609547
66.32,113,827,-7.697390913901378e-05,2.057689460131081e-05,-5.7017862655558837e-05,9.797667039342976e-05,0.00026941415368088317,0.013919142973424004,-0.011770312051411384,0.018230616305775906
66.4,113,828,-6.917433109145586e-05,1.7121835056211117e-05,-6.045933949870002e-05,9.34536090809848e-05,0.00010778341536765456,0.013813617413882867,-0.012151612117346328,0.01839807925768868
66.48,113,829,-6.15004122243995e-05,1.3056864436609387e-05,-6.361459294716236e-05,8.944047656693374e-05,0.0005636854386216924,0.014042958187474858,-0.012516095826651492,0.018819539597737352
66.56,113,830,-6.02606543366477e-05,9.686442736572032e-06,-6.390936676161607e-05,8.837183258165797e-05,0.0007543818416159988,0.013843079549640622,-0.012850016578285273,0.01890298572826115
66.64,113,831,-7.501030908356491e-05,1.0261183483483306e-05,-5.04488444729795e-05,9.097760308973041e-05,0.0008228348865761955,0.01346100288220935,-0.013296446612474614,0.018938615270494383
66.72,113,832,-7.04557745719553e-05,1.6639651565088383e-05,-5.805989690338457e-05,9.280003126709267e-05,2.598011459689915e-05,0.013536840802823333,-0.01286125523630387,0.01867240263438776
66.8,113,833,-7.024344722297039e-05,1.7294546760772997e-05,-5.673856502607427e-05,9.193752219113179e-05,0.0006055393497290491,0.013797321161996935,-0.012950546238742292,0.0189327598894921
66.88,113,834,-7.187943048072006e-05,2.7030374607568348e-05,-5.279112428135663e-05,9.318903626794187e-05,0.0004657574536622398,0.013859189340831336,-0.01296961376557897,0.01898696764675577
66.96,113,835,-6.276379247180809e-05,1.8225918417765554e-05,-5.666719119896092e-05,8.650230231615129e-05,0.0008278240494418678,0.013624597395324603,-0.01338279497422893,0.01911580885455197
67.04,113,836,-5.769678135094651e-05,1.472963147678137e-05,-6.668709629871242e-05,8.940385581424584e-05,0.00011664679854347197,0.013942648562438776,-0.013294369786483237,0.019265288044331048
67.12,113,837,-5.854026035703666e-05,9.592423348008053e-06,-5.849532910778829e-05,8.331074477992327e-05,0.0006383319629609468,0.013658277964853298,-0.014421967331878761,0.019873328014751654
67.2,113,838,-6.490293902901787e-05,1.3302695630751751e-05,-5.68365140975263e-05,8.729113666579865e-05,-0.0006525472179718438,0.013933247777966631,-0.013880589421709054,0.01967821064548187
67.28,113,839,-4.294341973942369e-05,1.7848674623522062e-06,-8.138354581112579e-05,9.203588745465595e-05,0.0005817826976724507,0.014315308966904096,-0.013746879437167733,0.019855559326930602
67.36,113,840,-5.1981656864922876e-05,-5.364820101350155e-08,-6.967499497476681e-05,8.69292842101316e-05,0.0004695908639427966,0.014254142722971897,-0.013995907343789346,0.019982155107052087
67.44,113,841,-8.429996769103802e-05,3.0067046248112837e-06,-4.5290745881493005e-05,9.574328429666956e-05,0.0003311970211804712,0.01371005102538668,-0.014222435395052678,0.01975734949713631
67.52,113,842,-7.625074028153098e-05,-6.799043749928805e-06,-5.1197480439259026e-05,9.209551776673632e-05,0.0004888596060200271,0.013961247901522998,-0.01453041299986423,0.020156595164580793
67.6,113,843,-6.064528736211069e-05,-4.0394330404260223e-07,-6.307064494096622e-05,8.749811599511895e-05,0.00013373391661546756,0.014168037326456925,-0.014256069345793392,0.020099419883081206
67.68,113,844,-5.799276940832887e-05,6.9476462025404814e-06,-7.669844257023983e-05,9.640582028126548e-05,3.089294639940557e-05,0.014410932136076452,-0.014175760336399092,0.02021455170217148
67.76,113,845,-5.1266405841763875e-05,8.804279090618442e-06,-8.025530423873545e-05,9.563824317023985e-05,-0.00020327944265697564,0.014528932815119999,-0.014440261492981365,0.020485418308244477
67.84,113,846,-1.232996167461302e-05,3.4302586775734683e-06,-0.00010611284979409587,0.00010688185777257451,-0.0001744362787740306,0.015097882769437068,-0.014927279065871641,0.021232054833327532
67.92,113,847,-3.573636827636994e-05,6.24481163035737e-06,-8.417896591030427e-05,9.166342777581012e-05,-0.00025559567971666827,0.014948257122355035,-0.014714413816379768,0.02097688475696989
68.0,113,848,-4.430072992191083e-06,7.78536617927098e-06,-0.00010277092200729963,0.00010316055391229702,-0.0005781294841428048,0.015681327822948704,-0.015169251089114716,0.02182531682692896
68.08,113,849,-1.2366892744090558e-05,2.297943855908083e-05,-9.057691539766019e-05,9.426119156678056e-05,-0.0005426531750241043,0.015580435104476,-0.015111840574921175,0.021712027912541603
68.16,113,850,-6.673108154126241e-05,1.0474332880778331e-05,-4.12854556837853e-05,7.916588750201546e-05,0.00021130298856961776,0.01448255223461894,-0.014984045820736192,0.0208401198974326
68.24,114,851,-4.5394755763818206e-05,1.8718920979743075e-06,-7.12778774753215e-05,8.452646714651045e-05,2.8577550512887312e-05,0.01573154406379118,-0.01270294054154175,0.020219965225225834
68.32,114,852,-6.447061483920002e-05,6.371272138098594e-06,-6.402653054281621e-05,9.108485000126182e-05,-0.0001049423101916798,0.015390236262493218,-0.012575308346686822,0.019874827423604986
68.4,114,853,-6.21626699221974e-05,2.0568332372316386e-06,-7.397115738427454e-05,9.664450434241443e-05,3.141210430528304e-05,0.015505406384940223,-0.012587605334270063,0.019971640441731022
68.48,114,854,-5.448135465835607e-05,3.030363977739899e-06,-7.214183192577184e-05,9.045355175366788e-05,-0.00023183057247031674,0.015842972811991735,-0.012913090096113442,0.020440191505125
68.56,114,855,-5.805791924077222e-05,3.1114114810435824e-06,-6.244539759857225e-05,8.532192302811846e-05,0.0002738544509266413,0.015478906064066255,-0.012677812423814723,0.020009958946832208
68.64,114,856,-6.168594133332084e-05,7.876194198099994e-07,-6.550328348748353e-05,8.998030812444462e-05,0.00022150720074306783,0.015330115498298085,-0.012834229410329278,0.01999447301601373
68.72,114,857,-6.553692182842603e-05,-2.6228764179517624e-06,-6.420676948202866e-05,9.178494893373008e-05,8.610536511511354e-06,0.015247429148460936,-0.012763487710204741,0.019884435830750207
68.8,114,858,-5.970227966479141e-05,1.8852070280636815e-06,-6.322709040444696e-05,8.698034929639991e-05,-0.0002216544763677611,0.01554448291955782,-0.01299589733342351,0.02026261156525
68.88,114,859,-5.776723804750445e-05,-2.863577920413054e-06,-6.596783014383871e-05,8.77325964737718e-05,9.04800202875179e-06,0.015570983849574864,-0.012956661596201255,0.02025662113059674
68.96,114,860,-5.828330941743931e-05,1.9589597361457344e-06,-6.262755190334244e-05,8.557448181147614e-05,-0.00014604450507038825,0.015190594791731418,-0.013143016626841246,0.020087667489717773
69.04,114,861,-5.752992737532721e-05,-8.699433393537686e-06,-6.711138457227856e-05,8.8821791382449e-05,0.00033648549696411247,0.015400213942242256,-0.013566053793000772,0.020526023177203388
69.12,114,862,-5.29648901047158e-05,-1.0674921705536505e-06,-6.469870068709672e-05,8.362021881062824e-05,0.00018562913582876965,0.014537081399081195,-0.013774012689093037,0.02002709712711448
69.2,115,863,-1.9991769430966927e-05,-3.9284888728350026e-05,-5.395068825493013e-05,6.966814258009497e-05,0.0004011436151335894,0.014411326942642922,-0.009383033862348247,0.017201412294043827
69.28,115,864,-2.7963952569124345e-05,-3.554047053349066e-05,-6.189026902381904e-05,7.665189553344946e-05,0.0009181332926304297,0.01417752028303699,-0.009476342649472969,0.017077649724982123
69.36,115,865,-2.6947381474702492e-05,-3.734405465991817e-05,-6.365241663290848e-05,7.856443171051044e-05,0.0008188238941020004,0.014440779949983861,-0.009817406387723262,0.017481077378557586
69.44,115,866,-3.057262630245266e-05,-4.196884322241487e-05,-5.222848928205993e-05,7.364702555530201e-05,0.0005986342912523004,0.01456540308794335,-0.010715689523010009,0.018092410897458618
69.52,115,867,-2.4296961591483468e-05,-3.687206091782876e-05,-4.8008513920453135e-05,6.52281275812547e-05,0.0006152099158159065,0.014439046410625598,-0.011225701590962681,0.018299751929959605
69.6,115,868,-2.703923212483281e-05,-4.6700486668027644e-05,-4.8441944163327185e-05,7.251673933137182e-05,0.0004498003022177354,0.01406119862598163,-0.011309433216455117,0.018050565276152467
69.68,115,869,-2.379634669369006e-05,-4.206406394847959e-05,-4.71692589899448e-05,6.753214483109922e-05,0.0002474426864881728,0.013739237963739541,-0.011197618316765032,0.017726097812979315
69.76,115,870,-2.1456206515169073e-05,-4.949249747957348e-05,-5.2013942530808e-05,7.493548106461563e-05,0.0003720277146738498,0.014081380108590787,-0.011415594176898565,0.01813117372909824
69.84,115,871,-2.4335414726813282e-05,-5.000754506916781e-05,-4.403827659633139e-05,7.09389651696854e-05,0.00019405770802418009,0.01369915491439139,-0.011993006354729411,0.018208149416871485
69.92,115,872,-2.09882698388137e-05,-4.68698487643701e-05,-4.966548268253865e-05,7.144193701259316e-05,0.0002766915486148538,0.01403039420239679,-0.012119156815266766,0.018541911487242928
70.0,115,873,-1.791751081217551e-05,-4.270057011381985e-05,-4.350189628998594e-05,6.353574476288417e-05,0.00013362663573970976,0.013954340998675626,-0.012659708436739282,0.018841701263111736
70.08,115,874,-2.0838084479912014e-05,-4.393982362172138e-05,-3.2042593323102335e-05,5.823797430860432e-05,4.634743146633894e-05,0.013596494628595792,-0.012933959815638149,0.018765770188893933
70.16,115,875,-2.186184257456396e-05,-4.630745840536543e-05,-3.800799317165122e-05,6.37724737614588e-05,-0.00031238351077364935,0.014071705302447494,-0.013063056518547491,0.019202966416246692
70.24,115,876,-1.9751628231682836e-05,-4.666712768184778e-05,-3.8920869946952834e-05,6.389664890511951e-05,0.00011750381960256217,0.01373933174327243,-0.012876307769522132,0.01883035702462305
70.32,115,877,-1.6210011904920557e-05,-4.384062865978277e-05,-3.562749473893771e-05,5.877145215677137e-05,3.9644344118403256e-05,0.013730900794395614,-0.013070176707352504,0.018957023169816897
70.4,115,878,-1.4815288523016076e-05,-4.5599102442079134e-05,-2.8064134444233084e-05,5.555507681254188e-05,2.9865382792839747e-05,0.01361268329028907,-0.013168416656899253,0.0189397263853654
70.48,115,879,-1.4281470049855194e-05,-4.398950619250702e-05,-1.2660930722543878e-05,4.7951394230059454e-05,-0.0003088350448270565,0.013443166490306703,-0.013610497162528481,0.019132687667502812
70.56,115,880,-1.1530954784017809e-05,-4.463517336863482e-05,-2.3361973426779408e-05,5.168213832914324e-05,-0.0002884721994923592,0.013761220389133026,-0.013462572714319304,0.01925344818198821
70.64,115,881,-1.3863669132064074e-05,-4.5703984187860636e-05,-2.733654379861954e-05,5.503037451536565e-05,-0.000488181005003909,0.013978929839825375,-0.01402611436831507,0.01980860127402895
70.72,115,882,-2.299823497812105e-05,-4.583830726029463e-05,-2.993664375931124e-05,5.938242049773619e-05,-0.0006005310546541514,0.01357057874676405,-0.014000969677536373,0.019507649704180695
70.8,115,883,-1.9476371225409558e-05,-3.418935793626156e-05,-3.968462732968954e-05,5.588480006674547e-05,-0.0005032948262230928,0.013819044395547372,-0.013651034993786065,0.0194311618306725
70.88,115,884,-1.6224147191227864e-05,-3.758564228747587e-05,-3.712623387118005e-05,5.526536618626785e-05,-0.000629935083635224,0.013842158784021924,-0.014119099208082261,0.01978259690888279
70.96,116,885,-3.896123832591071e-05,-3.086961941838372e-05,-5.304612412510218e-05,7.269664902607282e-05,-0.001121478505220076,0.014033277679305019,-0.010339667344197313,0.01746709240975187
71.04,116,886,-3.9812928889018395e-05,-3.0254723474725853e-05,-5.628367954735378e-05,7.528791524968249e-05,-0.0010192730377671223,0.014156145916791053,-0.010588789796529646,0.01770756488335111
71.12,116,887,-3.8996773582770416e-05,-3.1162493011760395e-05,-5.595739133965683e-05,7.498719201379244e-05,-0.0010949372894874956,0.013798526878673438,-0.011141957322681672,0.017769114909579577
71.2,116,888,-3.7531349322444184e-05,-3.184768617182205e-05,-5.230044588824828e-05,7.182070687880886e-05,-0.001078037958977351,0.013539867740731033,-0.011053601008735809,0.01751206097344942
71.28,116,889,-3.292169506766344e-05,-3.233163321400291e-05,-4.6908670043265655e-05,6.579966441890871e-05,-0.0009736282168867965,0.013483467105446885,-0.01163809978900569,0.017838082962786127
71.36,116,890,-2.6148751414781855e-05,-3.2326390072416996e-05,-4.181301499960812e-05,5.8966778096005634e-05,-0.0012703845241708537,0.013515628638597418,-0.011856217707707329,0.018023761890023967
71.44,116,891,-2.441520978869725e-05,-3.571021498277433e-05,-3.8761771385775694e-05,5.8084394152863446e-05,-0.0013894622824415844,0.013281605604367162,-0.01251009976493867,0.018298476685041396
71.52,116,892,-3.7435981181334636e-05,-3.7674789272532556e-05,-5.208579692682262e-05,7.438933173003492e-05,-0.001570954658654127,0.013083487390754985,-0.012665932575089037,0.018277619889917107
71.6,116,893,-3.41540650205729e-05,-4.139195243114437e-05,-5.152602181320611e-05,7.439573110996781e-05,-0.0014588320050667727,0.013511708475691591,-0.012722110103954121,0.01861576058742201
71.68,116,894,-3.395439194633685e-05,-3.4416086062919714e-05,-5.025044575044448e-05,6.973144922095141e-05,-0.0015693136090389793,0.013624833916349952,-0.012826583689772193,0.018778181317751858
71.76,116,895,-3.061500582732926e-05,-3.8156600691185404e-05,-4.711700297854537e-05,6.792066495400519e-05,-0.0016338426675544452,0.013611196853937768,-0.013311594990407388,0.019108445327854537
71.84,116,896,-3.138710893805135e-05,-3.581747676461067e-05,-4.349979477943583e-05,6.450018910922324e-05,-0.0017573200934248542,0.013601267813600468,-0.01364608056713134,0.01934678719820628
71.92,116,897,-3.533502469620331e-05,-4.315201218615625e-05,-4.7217451955060005e-05,7.307631555520485e-05,-0.0017786719332706178,0.013542044514707932,-0.013709660331160825,0.019352142772322153
72.0,116,898,-3.5169701836310505e-05,-4.7436440767136844e-05,-4.6581411496982166e-05,7.521270994293616e-05,-0.0014781714264451757,0.013609287380430232,-0.014034185108493778,0.019605000521003946
72.08,116,899,-3.6382793075875417e-05,-4.44613435598566e-05,-4.621149013325799e-05,7.372937354600112e-05,-0.0016791619327500918,0.013592055356013823,-0.013915644748634666,0.01952456714930051
72.16,116,900,-3.4844174737808086e-05,-5.121636409859633e-05,-4.709774553744243e-05,7.781664410232921e-05,-0.0018263241821071835,0.013677947413655658,-0.014343679401314178,0.019903839936971045
72.24,116,901,-3.490631292791307e-05,-5.314889636306091e-05,-4.210252670782015e-05,7.626190806697332e-05,-0.001600837736453439,0.013426910779897107,-0.014712646117554604,0.01998265673853617
72.32,116,902,-3.54647066624887e-05,-5.136801953100729e-05,-4.667520635242965e-05,7.794224616494065e-05,-0.0017053032198221304,0.013592401984784473,-0.014734896466943386,0.020119110931625415
72.4,116,903,-3.15221020854846e-05,-5.577147516059423e-05,-4.640018474532503e-05,7.910169091667248e-05,-0.00175207982879572,0.01384709656689751,-0.014750657163661253,0.020307480242987525
72.48,116,904,-2.8891782349790717e-05,-5.6789513730978616e-05,-3.881281867283789e-05,7.46070965155412e-05,-0.0018679150368547022,0.013506665124270916,-0.015063995228587066,0.020318539849383817
72.56,116,905,-3.05714609382165e-05,-5.433055112806636e-05,-4.247814825127634e-05,7.543749789483836e-05,-0.0020664878154295374,0.01354104941049416,-0.01505412316834759,0.02035330477825512
72.64,116,906,-2.5784117353414196e-05,-4.74688251600869e-05,-3.8877035203391384e-05,6.655474390288996e-05,-0.0017889516763761766,0.01353489080620154,-0.014597432570674227,0.019986962122633567
72.72,116,907,-2.825605980182227e-05,-4.475585266912642e-05,-3.307003962710641e-05,6.241088674745053e-05,-0.0016482479375079283,0.01340077212840237,-0.014915602333394213,0.020118961401345243
72.8,116,908,-2.2589505759221633e-05,-4.4733366460786304e-05,-3.9825899912476344e-05,6.401142202138218e-05,-0.0016258395259937256,0.013678544661984744,-0.014651136183887442,0.020109742159287142
72.88,116,909,-2.1738044907628652e-05,-4.176040093155819e-05,-4.425555879743548e-05,6.461445787781428e-05,-0.0019249262651296424,0.014289109265191238,-0.014995971760660401,0.02080296021640392
72.96,116,910,-1.73773749329024e-05,-3.962315719855509e-05,-4.609293055917135e-05,6.321808280446873e-05,-0.0019256479303440583,0.014347862439062102,-0.014908657598412148,0.020780696521256928
73.04,116,911,-8.830563412074385e-06,-3.7684016242902755e-05,-3.751492315395378e-05,5.3902072220064815e-05,-0.0019464829362931617,0.014568747165552735,-0.015259531765660634,0.021187036118869653
73.12,116,912,-2.11488094670643e-05,-4.488621155340177e-05,-5.332955528411325e-05,7.284288294879754e-05,-0.0016880792488573753,0.014388957072887416,-0.015085295341413084,0.020915492648596136
73.2,116,913,-2.4856764732038823e-05,-4.897037938520779e-05,-4.952005694357923e-05,7.3947230169699e-05,-0.0014016911140497356,0.014239111355709388,-0.015040171521687245,0.020758703947531744
73.28,116,914,-1.5659840156441773e-05,-5.7001353725002284e-05,-5.49967322467034e-05,8.074048227514945e-05,-0.00113899905818238,0.014702052122578448,-0.015209268734635281,0.021184180675964507
73.36,116,915,-1.7797074442737005e-05,-6.84888260103668e-05,-6.680082364787362e-05,9.731292404934162e-05,-0.0014235159487476807,0.0147584283716112,-0.015145485858171359,0.021194889656150278
73.44,117,916,-3.2908906908076276e-05,-7.811648637520951e-05,-8.431506670588412e-05,0.00011955840443528181,-0.0016976728628707873,0.01618668616101961,-0.012814345031099109,0.02071468900564829
73.52,117,917,-3.317211775017397e-05,-7.252448746948e-05,-7.471178112027284e-05,0.0001092796454830712,-0.0019278613318376373,0.01575600576641423,-0.013138474159516392,0.02060553008942874
73.6,117,918,-3.854107626104366e-05,-7.608161329933564e-05,-7.570032490416973e-05,0.00011403668546650279,-0.0015928452577314664,0.0157663053169967,-0.013143225440748642,0.0205878098483102
73.68,117,919,-3.3524731565817635e-05,-7.072845514129162e-05,-7.247202811773293e-05,0.00010667059975799942,-0.0014056720545417242,0.015299218399512276,-0.013403386003246903,0.02038854467373602
73.76,117,920,-4.03678628801144e-05,-7.512999441791828e-05,-7.674893912714566e-05,0.00011473656815456205,-0.0012825837462345896,0.015260176047643324,-0.013772657025640522,0.020596215079890224
73.84,117,921,-3.213776144358392e-05,-7.362278387705671e-05,-7.005780800049448e-05,0.000106589148032277,-0.0016020364607345218,0.015179634296801576,-0.013832874735009378,0.020599423332720218
73.92,117,922,-3.455025348863117e-05,-7.331551451375774e-05,-7.270173222407203e-05,0.0001088780352179739,-0.0016068728180499358,0.01507327229225187,-0.014112506818483727,0.02071107014500954
74.0,117,923,-2.790998554043271e-05,-7.343401557374312e-05,-7.281028592428318e-05,0.00010711143576914548,-0.0018186216353917157,0.015198221273922969,-0.014316860244944211,0.02095866889420947
74.08,117,924,-2.6768412938881523e-05,-7.620817071864361e-05,-6.47766915030987e-05,0.00010353865450949239,-0.0018001971538930816,0.01532988284392466,-0.014890362066388125,0.021446885561066224
74.16,117,925,-3.5283575044984165e-05,-7.757221968536949e-05,-6.70262516685951e-05,0.00010842000898179313,-0.0018997312356188558,0.01495367017254737,-0.015407671150192455,0.021554989229164365
74.24,117,926,-3.2152914839161294e-05,-7.829483452445387e-05,-6.793497741507772e-05,0.0001085313420273291,-0.0022968320066763604,0.014719613848174141,-0.01516861283910213,0.021260980329439818
74.32,117,927,-3.726964559375406e-05,-7.739738434219424e-05,-6.74702404010692e-05,0.00010923193180327551,-0.00208350363463936,0.01467277245518362,-0.01567711242868365,0.021573203123753736
74.4,117,928,-3.759429831437899e-05,-7.732981273858786e-05,-6.924548258471703e-05,0.00011040003651415127,-0.0014980641345812575,0.015136180650183477,-0.015397276648884267,0.021643111814814986
74.48,117,929,-3.185806228412798e-05,-7.823516586825813e-05,-6.575043075437061e-05,0.00010704576804021037,-0.0016671946006808413,0.015445955569016939,-0.014894478023042283,0.021522141084368774
74.56,117,930,-3.876550198265856e-05,-8.295733762785634e-05,-6.699726945744678e-05,0.00011346064571041091,-0.0019163297234225144,0.015445456883117579,-0.014995945885538422,0.021612793686590206
74.64,117,931,-3.3128592396726256e-05,-8.138579926055746e-05,-6.674084539927329e-05,0.00011034261370874755,-0.002076176239968034,0.015389395657720765,-0.01578886380012048,0.022145704472606813
74.72,117,932,-2.9948641189322115e-05,-7.983895202619772e-05,-6.211441736697697e-05,0.00010549587771362097,-0.002134405901339341,0.015319245982469462,-0.015768557453098207,0.022088059900650804
74.8,117,933,-3.282959844461023e-05,-8.108820500937893e-05,-6.21314357960512e-05,0.00010730048853456472,-0.002045688357219789,0.015272871851450587,-0.01592529064672052,0.022159881263856547
74.88,117,934,-3.1247302091251544e-05,-7.90479072253069e-05,-6.33684845938137e-05,0.00010602136748976154,-0.002210483754808178,0.015166331099897852,-0.01607548537183421,0.022210922254648845
74.96,117,935,-2.963895367155232e-05,-8.160427246721163e-05,-5.943308264456813e-05,0.00010521414435466082,-0.0022831989283372445,0.01571183141064865,-0.016624501367542694,0.02298801186145585
75.04,117,936,-3.0362786917694813e-05,-7.980531519934408e-05,-6.49005893548637e-05,0.00010725145062927888,-0.0025012339456902282,0.015720664395979644,-0.016148439998848824,0.022675263497884995
75.12,117,937,-2.8702800456463493e-05,-8.298690568078823e-05,-6.49616468347265e-05,0.0001092277108979005,-0.001796461750057599,0.015694980283545105,-0.01643056022354224,0.022793046970068263
75.2,117,938,-3.245695901067713e-05,-7.537718863891529e-05,-5.7272589107288176e-05,0.00010007659176040948,-0.002405463190860932,0.015246969185295858,-0.01659438107453043,0.02266340234269078
75.28,117,939,-3.8544734306136684e-05,-7.357932010597918e-05,-5.388282186386725e-05,9.900995597414471e-05,-0.0024059286090408376,0.01539705963178488,-0.016496006811136926,0.02269308657916804
75.36,117,940,-3.575419729625019e-05,-7.419462732873474e-05,-6.196350712853565e-05,0.00010306639396242165,-0.0019675026914513487,0.01563890906835733,-0.016561327791039047,0.02286316080272935
75.44,117,941,-3.685994383698664e-05,-6.152546119344057e-05,-6.0300573171508535e-05,9.370270518797109e-05,-0.002730603976437802,0.01582210941298581,-0.01691920655015374,0.02332498434381891
75.52,118,942,-3.985143192390178e-05,-5.50852896394207e-05,-8.126463123388318e-05,0.00010595501899685201,-0.0015789669038051939,0.01784555038128674,-0.01333936718424282,0.022335969237317857
75.6,118,943,-3.8409335442386024e-05,-5.971948094209242e-05,-8.069829874099377e-05,0.00010748911048478049,-0.0016223381493217662,0.01772947629799428,-0.013749450912600342,0.022494748526487068
75.68,118,944,-3.863943248589315e-05,-5.142272670251481e-05,-8.227947759054888e-05,0.00010443761294154065,-0.002024872496517158,0.017860296344661387,-0.013964424531667723,0.022761710099351497
75.76,118,945,-3.1465431649401516e-05,-5.669145090432601e-05,-8.058700772929193e-05,0.00010343239245653038,-0.0017476039770093646,0.017879554211260494,-0.014368055129678604,0.023003773313596737
75.84,118,946,-3.273520073318029e-05,-5.4670110594485376e-05,-7.442340168521326e-05,9.79757984292727e-05,-0.0019909431693790566,0.01763292830501968,-0.01488779719139637,0.023163128470174554
75.92,118,947,-3.1774140915695946e-05,-5.321951599568059e-05,-6.473325184336458e-05,8.962313768197066e-05,-0.0022035058023630637,0.01783958267571887,-0.014909848332755965,0.023354008760181674
76.0,118,948,-3.172315875924826e-05,-5.065020984088206e-05,-7.314545848153016e-05,9.445666019430873e-05,-0.0021400787150719974,0.017883480017941916,-0.015457362255497127,0.023734549550317976
76.08,118,949,-3.0190451850180746e-05,-5.2274651065230836e-05,-7.840870883698623e-05,9.89546772436402e-05,-0.0021030363385596187,0.017684361576139725,-0.015579854659371542,0.023662021836776556
76.16,118,950,-3.542460962945815e-05,-5.040636181164302e-05,-7.983261598479048e-05,0.00010084121604513101,-0.00259548953050354,0.018118370013206927,-0.015788065026654634,0.024171778898631036
76.24,118,951,-2.7756314710763295e-05,-4.7049918416247895e-05,-7.812641151048266e-05,9.533018412236386e-05,-0.002444905574619886,0.017752400627153792,-0.015777722050383868,0.023875967088160997
76.32,118,952,-2.565998985086886e-05,-4.694597335708804e-05,-7.090063317016975e-05,8.882150233767772e-05,-0.0024946164100910096,0.017784347179203897,-0.016291761225523362,0.024247218385897783
76.4,118,953,-2.6050822204723847e-05,-4.7472416871036946e-05,-7.041730342440061e-05,8.883058213635521e-05,-0.0027983111608762814,0.017692152378118126,-0.016657797414093862,0.024460683061039563
76.48,118,954,-2.4320057812752318e-05,-4.833606613545974e-05,-6.947833242367045e-05,8.80629273749244e-05,-0.002712990667011478,0.017687085175703998,-0.01659870562980661,0.024407177816307916
76.56,118,955,-2.2119397814923157e-05,-4.8341413611940274e-05,-6.56517739522397e-05,8.447671544734378e-05,-0.00269010401484199,0.01741687877964898,-0.017013798524865262,0.024495992861698082
76.64,118,956,-2.6167200993871447e-05,-4.818520388191303e-05,-7.009547668793431e-05,8.899388817836837e-05,-0.002698061636564203,0.01760239494285722,-0.017310278519803577,0.02483484621962049
76.72,118,957,-2.2355970186207636e-05,-4.8375818743551956e-05,-6.76748700121815e-05,8.613882558545397e-05,-0.002634673446860742,0.017364956990072018,-0.01713859427695686,0.02454006212764716
76.8,118,958,-2.0283915283383104e-05,-5.573525767966142e-05,-6.751954083397061e-05,8.987071025796974e-05,-0.0030950804124161295,0.01743200497468997,-0.017665813589054336,0.025010703507901463
76.88,119,959,-3.393301656100947e-05,-2.996388638302717e-05,-8.317097655182064e-05,9.46926366761862e-05,-0.0026071264807204283,0.018485859834608466,-0.01413720123870499,0.023417612627569577
76.96,119,960,-2.9348074792996033e-05,-2.8349790127346965e-05,-8.047685998044759e-05,9.02305108410258e-05,-0.0025844259161759845,0.01831879286636227,-0.01447756715527811,0.023491644900527395
77.04,119,961,-3.459607986756627e-05,-2.9426126430095538e-05,-8.140722226794991e-05,9.321974842417454e-05,-0.002494207134483705,0.018289552725747393,-0.014917864187932657,0.023733341106283518
77.12,119,962,-3.248856970207152e-05,-2.8623424448919395e-05,-7.914670991733763e-05,9.021645791765795e-05,-0.0023900672896896872,0.017876908648180635,-0.01540933786574068,0.023722225399932226
77.2,119,963,-3.1027391681142516e-05,-2.9800339944958108e-05,-8.034640783549945e-05,9.113892992261048e-05,-0.002412127109557605,0.018033819335095902,-0.015449993104104678,0.02386921205068202
77.28,119,964,-3.397818602643771e-05,-2.9534587523907884e-05,-8.3362362769276e-05,9.474224249156738e-05,-0.0026206510420200895,0.01807191498407547,-0.015758621644030007,0.024120449398702823
77.36,119,965,-3.0116095565074738e-05,-3.054239106759312e-05,-8.542338278855344e-05,9.558750541388887e-05,-0.002636826906642446,0.01799003361090823,-0.016194787243304375,0.024348825419578158
77.44,119,966,-3.0472199034806847e-05,-2.998303933074226e-05,-8.305685735055065e-05,9.341294939394345e-05,-0.0026835964857935524,0.017732360490675836,-0.016462238805980734,0.02434427253328764
77.52,119,967,-3.4453736170371005e-05,-2.8777390700623562e-05,-8.671467533566526e-05,9.764544572177292e-05,-0.0026192741579622743,0.017588497718679565,-0.01668078586234223,0.024381641989412478
77.6,119,968,-2.2757651563325804e-05,-3.0781792519612946e-05,-8.332486759748339e-05,9.169767181088286e-05,-0.0029126099609746684,0.01826734470846918,-0.01670581627107493,0.024925157507340204
77.68,119,969,-2.559310781373037e-05,-3.2585937506474816e-05,-8.245998373612643e-05,9.228488179817616e-05,-0.002728565925662416,0.017727788377504113,-0.017198907591914475,0.024849989439101765
77.76,119,970,-3.0083689868199783e-05,-3.442943617280517e-05,-8.237488935939301e-05,9.421272137156175e-05,-0.002820461186736911,0.01815293736449446,-0.017557469091451065,0.025411589032612817
77.84,119,971,-3.2507798413088605e-05,-3.2488857891841e-05,-8.616889463299448e-05,9.76594145336452e-05,-0.0029218229609662316,0.018010946678331127,-0.017084482005412766,0.024996215214671783
77.92,119,972,-3.0356187475625954e-05,-3.7403270375520896e-05,-8.31240125183818e-05,9.607343134288357e-05,-0.002475093465659055,0.01800921586559551,-0.0173064194660625,0.02509920513667061
78.0,119,973,-3.323823337766936e-05,-3.695907979473462e-05,-8.345595856328584e-05,9.713727789607272e-05,-0.0027595038412977996,0.018130788384335256,-0.017649355584502913,0.02545270322452819
78.08,119,974,-3.2266458268137473e-05,-3.3308955502788165e-05,-8.363473220306632e-05,9.563147639001918e-05,-0.0029092412698094984,0.018193731324486824,-0.01795727707576737,0.025728181907189944
78.16,119,975,-3.631979757154703e-05,-3.4788536651345384e-05,-8.532468091069362e-05,9.904378400733606e-05,-0.002777574028777935,0.01794658268983993,-0.01740798348419106,0.02515616498424338
78.24,119,976,-3.100222193335266e-05,-2.819276604071735e-05,-8.972326749302115e-05,9.902643359959856e-05,-0.003124472803724699,0.01829307593801785,-0.01824371964601309,0.026023686596975973
78.32,119,977,-3.0219002391940148e-05,-2.9845950478548514e-05,-8.763925517535595e-05,9.738895169999115e-05,-0.0029433122564415408,0.018031419535012427,-0.018063590026847393,0.025692186791796592
78.4,119,978,-3.538723055049429e-05,-2.90055692261169e-05,-9.221332562201508e-05,0.00010294113149969101,-0.0030183522344929617,0.01796832085944614,-0.01838195555988501,0.025881794661983225
78.48,119,979,-3.1197209375381236e-05,-2.840955624304428e-05,-8.788592378825932e-05,9.749002184251368e-05,-0.003176824438758538,0.01807829661966055,-0.018175631199252095,0.02583158128482168
78.56,119,980,-3.5821002336132936e-05,-2.8678927494658057e-05,-9.252266469849636e-05,0.0001032766603522765,-0.00305932365898279,0.018207078123882812,-0.018272915363697916,0.025976077281769303
78.64,119,981,-3.237816340375954e-05,-2.879922284399453e-05,-8.929706355396493e-05,9.925576185380606e-05,-0.0032965302050047144,0.018126244950452838,-0.018109547776483444,0.02583376836748874
78.72,119,982,-3.138458926307138e-05,-2.7247781077446853e-05,-8.91691265667731e-05,9.837970903360796e-05,-0.002804922583382699,0.01833613142392441,-0.018497911988930107,0.026196451176531577
78.8,119,983,-2.490180036037574e-05,-2.932401930054047e-05,-8.93845729616104e-05,9.731186799489532e-05,-0.002968516021532186,0.018330377542699228,-0.018457587384425395,0.02618200451229212
78.88,119,984,-3.27588185339667e-05,-2.6702606719124864e-05,-8.894726008165002e-05,9.84773297432983e-05,-0.003163532540802277,0.01853380837613976,-0.018480218224119396,0.026363392358937005
78.96,119,985,-2.021307949996816e-05,-3.0410468629281494e-05,-9.313597460961402e-05,0.00010003836739775002,-0.0027783362933801376,0.01904399473275866,-0.018525028712773256,0.026712723124936673
79.04,119,986,-1.368007395321614e-05,-3.085473672759269e-05,-8.875552056826556e-05,9.495631434106071e-05,-0.0025894881254907385,0.0193129681124424,-0.018539238428773027,0.026896087960578376
79.12,119,987,-2.3238012913675656e-05,-3.0243171270491447e-05,-9.600269495041326e-05,0.00010330136538504484,-0.0028281159290337306,0.01896777289716194,-0.018582311940393573,0.026703500995870537
79.2,119,988,-3.751338292208488e-05,-2.8649869602647073e-05,-9.255431472096596e-05,0.00010389595805408056,-0.0027839708329218966,0.01888209951597061,-0.018490422345178115,0.026574045499935448
79.28,119,989,-1.4880989627836823e-05,-2.394488724847735e-05,-9.09198223703453e-05,9.519041746678717e-05,-0.0028699971667441697,0.019488023703303988,-0.018486330290355738,0.0270141510916368
79.36,120,990,-1.779725945458455e-05,-3.5757815137299886e-05,-0.00010788071922744586,0.00011503744333267373,-0.0012946090685757314,0.021034959409126183,-0.01299343188425208,0.024758327934550087
79.44,120,991,-1.0706543293474483e-06,-3.2648518587046735e-05,-0.0001034718224871212,0.00010850571466714556,-0.0016308469780710055,0.021638149991717242,-0.013118363926194372,0.025356669123329546
79.52,120,992,-2.938898169223709e-06,-3.337241209095086e-05,-0.00010358185626680446,0.00010886485180669768,-0.0015592254328037423,0.02159328343721606,-0.01362655965031028,0.02558093433504171
79.6,120,993,3.347521007868526e-06,-2.762279140181522e-05,-0.00010230366295488936,0.00010602011109083936,-0.001512605092725815,0.021283937357029,-0.01403129539492545,0.025537643079268903
79.68,120,994,7.298478672714472e-06,-2.6703540349887903e-05,-0.0001059316262274822,0.00010948906928708981,-0.001939033669342111,0.021302694218170225,-0.013989830638508402,0.025559342593616405
79.76,120,995,-1.08364885126025e-06,-2.881275622102973e-05,-0.00010642166731035299,0.00011025842593199296,-0.0016745094445336155,0.02109958393233679,-0.014665586371501022,0.02575025917573479
79.84,120,996,2.8142904878751356e-06,-2.953593216424633e-05,-0.00010243141862307615,0.00010664186345379087,-0.00198192410399327,0.021148089561551578,-0.01535882434972924,0.026211890444285627
79.92,120,997,4.546171361631672e-06,-3.0286825269917827e-05,-0.00010453756275982843,0.00010893145315630799,-0.00218281173632122,0.021094062466490374,-0.015491903001528676,0.02626258169002417
80.0,120,998,9.394326073557083e-06,-3.02716061298234e-05,-0.00010893993635555618,0.0001134571867851839,-0.0018090796481631673,0.02085858917635872,-0.015317105934687006,0.025941612243959147
80.08,120,999,7.79645291188081e-06,-2.813355720227661e-05,-0.00010369905924087006,0.00010773011002641009,-0.0018854418007392228,0.021290262885838084,-0.015443773216437228,0.026369306318005662
80.16,120,1000,1.1210589641227382e-05,-2.8769614644176093e-05,-0.00010423430137649165,0.00010871135005289777,-0.0020147935120777816,0.021014937875242546,-0.01579095833228507,0.026363637303084293
80.24,120,1001,1.8614316131785888e-05,-2.6919501399065063e-05,-9.396332221185305e-05,9.950004141565393e-05,-0.002086184484564837,0.0208705137589572,-0.015807630900055637,0.02626426669333935
80.32,120,1002,2.007757201188159e-05,-3.321153031915996e-05,-9.236119549344395e-05,0.00010018335728558384,-0.002599820107762315,0.021307354657232415,-0.015994691022533238,0.02676924668323923
80.4,121,1003,8.139592924693414e-06,-3.037480307328446e-05,-8.887037710845481e-05,9.426996108050273e-05,-0.002312650049745857,0.021907954294028423,-0.014886565460166838,0.0265879040693632
80.48,121,1004,1.8171767374917336e-05,-3.1225867863930196e-05,-7.307856378505267e-05,8.152143545270624e-05,-0.00225953276181408,0.021621040284008994,-0.015182866997415686,0.02651592580932571
80.56,121,1005,1.9335794493745096e-05,-3.55227549362311e-05,-7.894604510689638e-05,8.87029712297395e-05,-0.0022862279874645702,0.021504625167996574,-0.0154204787104611,0.026560626982179505
80.64,121,1006,1.6351908942258617e-05,-3.6379935652015635e-05,-7.851451957073076e-05,8.806483082095473e-05,-0.002265140229684027,0.02164847045288303,-0.01565806188855329,0.026813467424323313
80.72,121,1007,1.3004980384752535e-05,-3.3655416705327364e-05,-8.252291510798022e-05,9.00657987603282e-05,-0.002718210065207062,0.021497633799351434,-0.015650350862968104,0.026729579253396724
80.8,121,1008,1.7316032807348125e-05,-3.596900533471854e-05,-8.413759762218615e-05,9.312759886621727e-05,-0.0024690158464717427,0.021606788081290497,-0.015848010356488,0.026909269085192124
80.88,121,1009,1.3068402243715969e-05,-3.381571256425622e-05,-8.74755302674187e-05,9.469030546469919e-05,-0.0027122931672621075,0.0215533319674037,-0.016047626612102777,0.027007942776223298
80.96,121,1010,7.89469479004e-06,-3.4311990312054675e-05,-8.62918404628614e-05,9.319828654793146e-05,-0.0024994811551888253,0.02123798935579568,-0.016143903707050083,0.0267941266852372
81.04,121,1011,2.080781262927403e-05,-3.347072045103162e-05,-8.338116474812989e-05,9.222620467459809e-05,-0.0029681395415213974,0.02148168422632643,-0.016468487438321664,0.02723019809042349
81.12,122,1012,3.5169622749641235e-06,-3.203734276332852e-05,-7.663600441486745e-05,8.313746163826571e-05,-0.0021915271370517805,0.022021491262797906,-0.011544954965734268,0.02496066613275277
81.2,122,1013,8.330241654660556e-06,-3.2733135638550935e-05,-7.222027358901448e-05,7.972840781069767e-05,-0.0020512431496268854,0.022126249967160835,-0.011707522951933053,0.025116620587535565
81.28,122,1014,3.582502673753039e-06,-3.091390490341163e-05,-7.418675201763417e-05,8.044984783522324e-05,-0.00199042523938039,0.02195637650138506,-0.012116747234528888,0.025156705373510262
81.36,122,1015,7.231869190862667e-06,-2.8848518371208516e-05,-6.943924355306291e-05,7.554035669381827e-05,-0.002471160485638181,0.02203764238440131,-0.012195357633954448,0.025307924921427114
81.44,122,1016,1.2958120417280162e-05,-2.8179951478218445e-05,-7.215039474290775e-05,7.853471851112022e-05,-0.0025003715385828406,0.022061274576785236,-0.012300441022713172,0.02538213039003052
81.52,122,1017,1.2825430486575266e-05,-2.9063209804289226e-05,-6.76990116317736e-05,7.478180264752332e-05,-0.0025354966759188525,0.02219997600190901,-0.012912539723460932,0.02580700215036392
81.6,123,1018,2.3440368370598653e-07,-2.628057322832895e-05,-9.650797486837573e-05,0.00010002256089248832,-0.0014131755596756951,0.02341590148106518,-0.009357913203460518,0.025256128896901753
81.68,123,1019,3.368792373268053e-06,-2.9227913324862493e-05,-9.779784259380817e-05,0.0001021275560041615,-0.001646382008042105,0.023283926501813695,-0.009513081699332345,0.025206160565949723
81.76,123,1020,6.543030901684257e-06,-2.8526862139986888e-05,-9.565455232155968e-05,0.00010003192738707083,-0.0018571803424144574,0.023147415567303934,-0.009763109946403387,0.025190678476279194
81.84,123,1021,5.606726844709401e-06,-3.295278556186933e-05,-9.553313838948353e-05,0.00010121216326480697,-0.0018179340563823458,0.02307263002083448,-0.009920998931121671,0.025180892758259875
81.92,123,1022,6.7890681745515615e-06,-3.2882766453095335e-05,-9.514823457959534e-05,0.00010089873299452884,-0.0020410440394930994,0.023424665179278277,-0.009864444692880031,0.025498785630522318
82.0,123,1023,5.121115825237663e-06,-3.256250455528653e-05,-9.816183357269817e-05,0.00010354848188439388,-0.002155003926713296,0.023141790527106607,-0.010129309794910226,0.025353292244714394
82.08,123,1024,3.495117994515381e-06,-3.611282400364055e-05,-9.772588637329357e-05,0.00010424346873909841,-0.002157676232948719,0.023190407020219406,-0.010591943545145763,0.025585929972413126
82.16,123,1025,5.436023008391768e-06,-3.393477784024852e-05,-0.00010105718500002546,0.00010674115482485731,-0.0022275558964873054,0.023235042397982762,-0.01057410421645552,0.025625004985140868
82.24,123,1026,5.115907603026162e-06,-3.5434731151892834e-05,-9.864051759061473e-05,0.00010493685907703736,-0.002207698355116274,0.023222052410530217,-0.010726397338926783,0.025674759006797533
82.32,123,1027,1.786356670269876e-06,-3.540512451273761e-05,-0.00010291974930794843,0.00010885397884104569,-0.0023164439131105738,0.02321632275926801,-0.01076692577053603,0.02569611343011479
82.4,123,1028,6.0850348824427605e-06,-3.5310528289313356e-05,-0.00010698904972839451,0.0001128295963804525,-0.002594428933726793,0.02314908801841011,-0.011084108104977793,0.02579668176450397
82.48,123,1029,3.051295875794965e-06,-3.5125168673913094e-05,-9.918712913402193e-05,0.0001052671575884028,-0.002768078100463907,0.023392393470291102,-0.011180177048222524,0.026074176640285066
82.56,123,1030,3.832260420352311e-06,-3.697069886739832e-05,-9.657543876332563e-05,0.00010348108120329099,-0.0027791367419342946,0.02341829645826778,-0.011390240122877721,0.026189268414648394
82.64,123,1031,8.562783245978496e-06,-3.8169682798048495e-05,-9.939641591568748e-05,0.00010681710274439005,-0.0029022613787489456,0.023374511550390702,-0.011197392338173951,0.026080117072300936
82.72,123,1032,5.040274692943197e-06,-3.740676430029809e-05,-9.506498398058473e-05,0.00010228402399019708,-0.0030485104495842448,0.023358960695915556,-0.011221415412079843,0.026093191154111735
82.8,124,1033,1.36386668455593e-07,-4.043972228358372e-05,-9.827325849544308e-05,0.00010626863636562241,-0.0021206248723982407,0.023614700152155162,-0.009199824618729237,0.025432024814021546
82.88,124,1034,-1.3853412244959665e-06,-4.23776407638241e-05,-0.00010488339599402687,0.00011312961752899134,-0.0022308958261276933,0.02348061440069023,-0.009508399817954248,0.025430804468577234
82.96,124,1035,3.2926496255688173e-07,-4.143897375940597e-05,-0.00010633995466445312,0.00011412923779508145,-0.002192309882897546,0.023551879829039567,-0.00960169442938553,0.025528215801725436
83.04,124,1036,9.978473995726475e-07,-4.158180428657641e-05,-0.00010435143767347556,0.0001123355005849942,-0.0022996170190645883,0.02346445350696905,-0.009771270284828212,0.025521491723530788
83.12,124,1037,3.225914850455799e-06,-3.923154848223932e-05,-0.00010394829281035496,0.00011115200628474494,-0.0022933414239588268,0.023535855141548524,-0.009818189255315805,0.0256045451508907
83.2,124,1038,1.2410783269880667e-06,-3.90127578371045e-05,-0.00010468663441861896,0.00011172657237814044,-0.002385090806191789,0.023474618947473512,-0.010158930086368598,0.025689496946857255
83.28,124,1039,5.903369203052536e-06,-3.948374715991739e-05,-0.00010339164696864793,0.00011083162328787465,-0.0024960438480957307,0.023565520777716446,-0.01022774859804576,0.02581028565904355
83.36,124,1040,2.9045930915714505e-06,-4.1789407338406626e-05,-0.00010540405136403603,0.00011342312493788568,-0.0024515186891874664,0.02350016481387813,-0.010515749537932422,0.025862108933870746
83.44,124,1041,5.711795638783051e-06,-4.1778132056145254e-05,-0.00010283832858860555,0.00011114746400353873,-0.002543983918703615,0.023692839776941307,-0.010805460986145706,0.02616448925543076
83.52,124,1042,1.028812146684141e-05,-4.169134881496344e-05,-0.00010335569362576467,0.00011192146091876378,-0.0024254081216472435,0.023683664222769282,-0.010887422382076966,0.026178894585126865
83.6,124,1043,1.3958428617245416e-05,-4.273562520937513e-05,-0.00010757784693676039,0.00011659401589724904,-0.0027899948502657273,0.02382156445455207,-0.010908963351495075,0.026348747327551467
83.68,125,1044,7.408966894489583e-06,-3.949713810652671e-05,-0.00010107351152210297,0.00010876934972894878,-0.002224530631957641,0.02421004831481687,-0.009786030467268288,0.026207658579975972
83.76,125,1045,1.5921482160700623e-06,-4.074180569284629e-05,-9.421722933916713e-05,0.00010266117070930369,-0.0024313111400250686,0.02416084134024346,-0.010091646441499975,0.026296365833100712
83.84,125,1046,-2.704000121285348e-06,-3.9635900369872215e-05,-9.856740627394067e-05,0.00010627252605616574,-0.002420492295038839,0.0239407821243756,-0.010408713230608165,0.026217573167518805
83.92,125,1047,7.517573758826991e-07,-3.814285472018665e-05,-0.00010381212453485408,0.00011060017950165141,-0.0023035177493552794,0.023855969003737848,-0.010567790331924646,0.026193351133988484
84.0,125,1048,1.5222144985504216e-07,-3.7506324127232314e-05,-0.00010651400160949299,0.00011292466541802938,-0.0022913748438056583,0.023975317186245168,-0.010806698632359493,0.026397934922764866
84.08,125,1049,-8.76834757562196e-07,-3.781904814014023e-05,-0.00010846067296786862,0.00011486847618934127,-0.0025776912614661534,0.024182979531368075,-0.010950299456631566,0.026671521318513344
84.16,126,1050,7.3652228371262375e-06,-2.875544396901992e-05,-9.794778902770074e-05,0.00010234691710408743,-0.0011903117598218828,0.024577037267232656,-0.00938588745368423,0.02633519482012123
84.24,126,1051,6.1436041910547475e-06,-3.337971656541849e-05,-0.00010665775442561191,0.00011192777103810366,-0.0013655968653030444,0.024644310748886095,-0.009456614054992004,0.02643169416574088
84.32,126,1052,6.918039056697112e-06,-3.687183910563924e-05,-0.0001097538059579187,0.00011598831710853729,-0.0014759162942242596,0.024742128519593544,-0.00954500408013544,0.026560466025230867
84.4,127,1053,4.279321021934032e-06,-3.409874683141888e-05,-9.067271852655346e-05,9.696689645893364e-05,-0.0005424801806422583,0.025139628629528923,-0.00811963150839146,0.02642392151458756
84.48,127,1054,9.294360356588161e-06,-3.205240834304375e-05,-7.852607176435378e-05,8.53234197730481e-05,-0.000825569753157016,0.025268431566172575,-0.008338589540098997,0.026621556580146147
84.56,127,1055,1.3570723675682561e-05,-3.2394122479162814e-05,-7.260156755115861e-05,8.065067466030386e-05,-0.0013192522163341547,0.025380182009196815,-0.0084987661653288,0.026797818783684573
84.64,127,1056,1.1353425354002789e-05,-3.2961734635107756e-05,-7.52018343119802e-05,8.288963808167277e-05,-0.0013580435036244182,0.025354391489079222,-0.008693949768828953,0.02683792489225183
84.72,127,1057,1.3597910269365605e-05,-3.0829513303831744e-05,-7.016898998055799e-05,7.783989471432053e-05,-0.0015162672301219792,0.025390393240019297,-0.008899155774231615,0.026947469430170977
84.8,127,1058,8.2622331685392e-06,-3.117561463434174e-05,-7.509576100567608e-05,8.172855538783193e-05,-0.0015213737052299045,0.025373641346136035,-0.00909148551546139,0.026996136056686954
84.88,127,1059,-5.851949481121167e-06,-3.0783715261893096e-05,-9.362616850276738e-05,9.87306531253769e-05,-0.0013730513913295843,0.0249864684049864,-0.009281261558384126,0.026689898643339857
84.96,128,1060,1.318757372488642e-06,-2.7464375108399427e-05,-9.449545881589571e-05,9.841454545913935e-05,-0.0009390442303340642,0.025524908265389147,-0.008550786817131466,0.026935454353232732
85.04,128,1061,6.818275237538951e-06,-2.3791826521374576e-05,-9.324040041483566e-05,9.646922906272707e-05,-0.0011529177079494133,0.025453687647927728,-0.008641523370679291,0.026905303571704377
85.12,129,1062,1.0260080153916578e-05,-2.243651050431643e-05,-8.371840858328999e-05,8.727793641060596e-05,-0.0007937116123990841,0.025660088485218443,-0.008460906130284883,0.02703066872532734
85.2,130,1063,1.079032603670415e-05,-2.9386802042779765e-05,-8.279675581312808e-05,8.851733188172053e-05,3.1900948272903787e-06,0.025913750433606806,-0.007260865293101572,0.02691175647401204
85.28,131,1064,2.702176592604261e-05,-2.9583104923977595e-05,-6.641752006215823e-05,7.75668930788909e-05,1.9025037844692358e-05,0.026109814453909568,-0.007157733175543492,0.027073158607409036
85.36,132,1065,2.2328708724161623e-05,-2.4808161711528036e-05,-7.87993633153808e-05,8.5576607666483e-05,-5.1035937603069025e-05,0.025867133599687463,-0.007340039659801737,0.026888424787228974
85.44,132,1066,1.5493940265094076e-05,-2.650786615308978e-05,-7.240809033293968e-05,7.864897137656398e-05,-0.0001028166340575229,0.025779971133552803,-0.007308738606057135,0.026796177766963792
85.52,132,1067,1.816928423034303e-05,-2.125837449327709e-05,-7.33490615055471e-05,7.849921145644672e-05,-0.0001065970469167825,0.025696457685976504,-0.007265078699306891,0.026703944821780828
85.6,133,1068,1.7346317593430358e-05,-2.1265513962926652e-05,-7.001333857390601e-05,7.519963029446339e-05,-0.00013893258241007704,0.025814053059749657,-0.0073937487990783455,0.02685241439680794
85.68,133,1069,1.7074820400507124e-05,-2.417692217342465e-05,-7.124772897354947e-05,7.715122773733265e-05,-9.486516387430722e-05,0.025794885404848082,-0.007389224938632862,0.0268325503380181
85.76,133,1070,1.7145878374175335e-05,-2.2918711124981763e-05,-6.951725090442905e-05,7.51790970826447e-05,-0.0002543595840258875,0.02580944774366209,-0.007522875554464852,0.02688467868952082
85.84,133,1071,1.6981856887315927e-05,-2.5596512670287147e-05,-7.069952948658371e-05,7.708429408021954e-05,-0.00024041784217978661,0.025856447351702165,-0.007662398680123986,0.02696898262677608
85.92,133,1072,1.7619047966718913e-05,-2.5603711883660072e-05,-7.095697863046984e-05,7.746530662070583e-05,-0.0004306492317837832,0.025881395747593745,-0.007753415541894208,0.02702124270217205
86.0,133,1073,1.8136576095044357e-05,-2.4485266209838756e-05,-7.16782306288407e-05,7.78860218518014e-05,-0.00045832281024030534,0.025905628515519762,-0.007817061516337234,0.02706322411193274
86.08,133,1074,1.8680508860314214e-05,-2.271321151686502e-05,-7.153956392767697e-05,7.734830699926345e-05,-0.0006303442855465411,0.025934074083648322,-0.00792950081544352,0.027126564759965468
86.16,133,1075,1.9073087525872595e-05,-2.2636664520170496e-05,-7.300185054829541e-05,7.877481470523432e-05,-0.0004941091369153182,0.025933627865182385,-0.008002644199213286,0.027144787939273895
86.24,133,1076,1.820424605287276e-05,-2.509029322631359e-05,-7.129174541035623e-05,7.773950316403482e-05,-0.0006651716137247442,0.02597936403956136,-0.008122196239390493,0.027227557380839876
86.32,133,1077,1.9085211184030293e-05,-2.4297145971979334e-05,-7.177509608634618e-05,7.814256846640589e-05,-0.0006750619833617194,0.026014327996951855,-0.00817917280616014,0.027278193444717026
86.4,133,1078,1.8458521186301495e-05,-2.413426550595921e-05,-7.14145966965928e-05,7.760943497561542e-05,-0.0007454546492796321,0.026018876598061114,-0.008319871073909638,0.027326871331086244
86.48,133,1079,1.945253710990875e-05,-2.500687538807569e-05,-7.15526654407486e-05,7.825298044396023e-05,-0.0007659882661723234,0.026103959804198613,-0.008303712441987006,0.02740355991111995
86.56,133,1080,1.9553499727592505e-05,-2.4718856649484428e-05,-7.22005768362947e-05,7.877997538174544e-05,-0.0007287231640852346,0.026103553171479586,-0.008423689845707218,0.02743875136085473
86.64,133,1081,1.949464776837417e-05,-2.386207112571848e-05,-7.06694371278437e-05,7.709480575232081e-05,-0.0008121270356354435,0.02616469172312962,-0.008386573248415796,0.02748791105448832
86.72,133,1082,1.9779514351389214e-05,-2.413728550576416e-05,-7.111347555221822e-05,7.765928241156702e-05,-0.0008050862783043779,0.02618437033114596,-0.00849824975143427,0.02754069102967214
86.8,133,1083,1.9633152671425506e-05,-2.4151271601692718e-05,-7.133851327017738e-05,7.783269287001128e-05,-0.0007909307040323706,0.026225541676883506,-0.008552390053560363,0.02759615884960755
86.88,133,1084,1.982025163371187e-05,-2.4624834959992575e-05,-7.0894750178964e-05,7.762274456992774e-05,-0.0008485709466288858,0.026269251745998937,-0.008543676819621227,0.02763671604124238
86.96,133,1085,2.0100849086579987e-05,-2.525612427278705e-05,-7.216576339547116e-05,7.905576104076825e-05,-0.0008021731487379313,0.02628947008697926,-0.008595176604189406,0.027670503791437158
87.04,133,1086,2.0195186121825518e-05,-2.4554930761962467e-05,-7.172941022403015e-05,7.845953389045302e-05,-0.0008389090468208663,0.02636225868072371,-0.0085648891298207,0.027731386134565134
87.12,133,1087,2.034450242071019e-05,-2.3970944904898496e-05,-7.12942674141539e-05,7.791904481255433e-05,-0.0008194263968710529,0.026395018495260852,-0.008600738334424944,0.02777302937891901
87.2,133,1088,2.0501606032668817e-05,-2.4082759335996852e-05,-7.186931905011735e-05,7.852066077079247e-05,-0.0008342963022942807,0.02645892234345517,-0.00858139278354981,0.02782823968566057
87.28,133,1089,2.126227607194323e-05,-2.4421888636002116e-05,-7.231335157055054e-05,7.923215157797283e-05,-0.0008204957504244265,0.026480413382244546,-0.008572064024902263,0.027845390782282875
87.36,133,1090,2.1080447427043025e-05,-2.4923551526689348e-05,-7.256031190165539e-05,7.956486377599962e-05,-0.0007366746546987247,0.02654449268342641,-0.008665185177200833,0.027932744503942585
87.44,133,1091,2.153534937932009e-05,-2.4834588788437188e-05,-7.284089995059934e-05,7.99144841614671e-05,-0.0007578441110554908,0.026574358889903414,-0.008590466398167119,0.02793862901153327
87.52,133,1092,2.116124610086378e-05,-2.499950999117836e-05,-7.236233945112268e-05,7.942972999563737e-05,-0.0007883495888427808,0.026626327377459093,-0.00864844166392114,0.028006755397584047
87.6,133,1093,2.1407600218496023e-05,-2.5457665149756028e-05,-7.292423224616103e-05,8.015186654522829e-05,-0.0007349516340562802,0.026672397666808532,-0.0086404334859035,0.028046640476625674
87.68,133,1094,2.189032267726608e-05,-2.447579360312302e-05,-7.221628961943934e-05,7.933122453243899e-05,-0.0007842906104309587,0.02672802803910548,-0.008597599077760499,0.028087742958855327
87.76,133,1095,2.181271234106308e-05,-2.5377467937965158e-05,-7.300219427862757e-05,8.030647961472909e-05,-0.0006999506359972464,0.026768595268703153,-0.008656811714718549,0.02814228158157327
87.84,133,1096,2.2052417449656292e-05,-2.4646014778041913e-05,-7.282272568071588e-05,7.998052597590342e-05,-0.000750371656013499,0.026808323570410363,-0.008636546408994332,0.028175152247196134
87.92,133,1097,2.1930005871256465e-05,-2.5348912166026237e-05,-7.305728793141427e-05,8.037947390601549e-05,-0.0006952575317425733,0.026862077611202892,-0.008643925152279372,0.028227150735841908
88.0,133,1098,2.262686449953656e-05,-2.4492495443614603e-05,-7.320349415959697e-05,8.044009502300465e-05,-0.0006811408987117788,0.02689849495942145,-0.008626692688482216,0.028256199509973587
88.08,133,1099,2.2513909615504734e-05,-2.5258136672363176e-05,-7.300264920221903e-05,8.046263968375103e-05,-0.0006781083809153009,0.026958255569336575,-0.008624334855444662,0.02831230343890747
88.16,133,1100,2.2726221194015804e-05,-2.5635557936969338e-05,-7.328454709202412e-05,8.08967725127656e-05,-0.0006845788695929776,0.02700620580941692,-0.00863073312596862,0.028360066197753653
88.24,133,1101,2.2928645980138848e-05,-2.5119922232072265e-05,-7.238494551696823e-05,7.997695691211535e-05,-0.0006894962200655564,0.027052367223511117,-0.008608541965665184,0.028397411364555782
88.32,133,1102,2.253066409774824e-05,-2.5094318864846478e-05,-7.222958645492759e-05,7.971492221300858e-05,-0.0006521652991199566,0.027105455561649505,-0.00859638864826614,0.02844343401514612
88.4,133,1103,2.286457323386556e-05,-2.5419659058940196e-05,-7.260895517232537e-05,8.02558916656984e-05,-0.000689206904996939,0.02713909772267097,-0.00865072310331808,0.02849281736804666
88.48,133,1104,2.3925518359156822e-05,-2.559996075654811e-05,-7.351310656212462e-05,8.143687896712056e-05,-0.0006426317074290656,0.02719363288001091,-0.008603104850951341,0.02852928421465681
88.56,133,1105,2.39181044613374e-05,-2.6240585865650623e-05,-7.461099461778976e-05,8.262835218889388e-05,-0.000569687977558863,0.02724585050523184,-0.00861426838887903,0.02858087706878251
88.64,133,1106,2.348668198215491e-05,-2.5618436627242833e-05,-7.318472969254137e-05,8.101810406276664e-05,-0.0005987418993213235,0.027300889772072078,-0.008589990900877727,0.028626648736553063
88.72,133,1107,2.3917063393415254e-05,-2.5514185355774298e-05,-7.397777385522346e-05,8.182732184489503e-05,-0.0005981551094538945,0.027345641321113813,-0.008607832542882039,0.028674669481691888
88.8,133,1108,2.413559271902284e-05,-2.575276795012236e-05,-7.356957414078305e-05,8.159788068477988e-05,-0.0005991258433033264,0.027369811199342283,-0.008625220016399954,0.02870296042562618
88.88,133,1109,2.4701046288062467e-05,-2.607568496004739e-05,-7.430207933247912e-05,8.252806811619104e-05,-0.0005800134348110067,0.027441645161227917,-0.008611684076454145,0.0287670194384465
88.96,133,1110,2.4890634193101975e-05,-2.645594308369991e-05,-7.521987068107819e-05,8.353136860043006e-05,-0.0005332744666471207,0.02748109676094641,-0.008596220537420384,0.028799133118363913
89.04,133,1111,2.4992224634693832e-05,-2.5860749088085208e-05,-7.424796547942596e-05,8.249939401851341e-05,-0.0005350730555167676,0.027528709685639387,-0.008585537935896682,0.028841421979154857
89.12,133,1112,2.500166593105721e-05,-2.6220871579987964e-05,-7.479349732256246e-05,8.310646573812753e-05,-0.0005187960912052501,0.02757232332910501,-0.00856754600477711,0.028877413452262836
89.2,133,1113,2.5572191381639962e-05,-2.6535205082643907e-05,-7.484900886568152e-05,8.342918080031748e-05,-0.0005185329065529307,0.027613136170107657,-0.00860059076138875,0.02892618756367613
89.28,133,1114,2.5494957865573284e-05,-2.6579440709498098e-05,-7.473962208444517e-05,8.332148975098061e-05,-0.0005014871368904386,0.027668561976862342,-0.008591538300254846,0.02897611674432385
