timestamp,frame_idx,stamp_idx,bg_x,bg_y,bg_z,bg_norm,ba_x,ba_y,ba_z,ba_norm
0.0,0,0,1.001086539504073e-06,-1.4124303072838716e-06,5.231682035931012e-06,5.5106833113138974e-06,0.0,0.0,0.0,0.0
0.08,1,44,1.001086539504073e-06,-1.4124303072838716e-06,5.231682035931012e-06,5.5106833113138974e-06,0.0,0.0,0.0,0.0
0.16,2,46,1.001086539504073e-06,-1.4124303072838716e-06,5.231682035931012e-06,5.5106833113138974e-06,0.0,0.0,0.0,0.0
0.24,3,47,1.001086539504073e-06,-1.4124303072838716e-06,5.231682035931012e-06,5.5106833113138974e-06,0.0,0.0,0.0,0.0
0.32,4,48,1.001086539504073e-06,-1.4124303072838716e-06,5.231682035931012e-06,5.5106833113138974e-06,0.0,0.0,0.0,0.0
0.4,5,49,1.001086539504073e-06,-1.4124303072838716e-06,5.231682035931012e-06,5.5106833113138974e-06,0.0,0.0,0.0,0.0
0.48,6,51,1.001086539504073e-06,-1.4124303072838716e-06,5.231682035931012e-06,5.5106833113138974e-06,0.0,0.0,0.0,0.0
0.56,7,52,0.0,0.0,0.0,0.0,0.0,0.0,0.0,0.0
4.24,8,53,4.2495245336854424e-06,-2.484131247158774e-06,5.208104385911417e-06,7.166150857333024e-06,8.658734867388972e-05,0.00012483415974939196,0.0008008709712433082,0.0008151535125182927
4.32,8,54,4.2183602777190335e-06,-2.4184172021722623e-06,4.623049113757629e-06,6.709388072292116e-06,3.5775832455882746e-05,5.239825093934294e-05,0.000982585779500346,0.000984632063750575
4.4,8,55,3.73301173899717e-06,-2.70785544669597e-06,2.0579099329731996e-06,5.050034757892412e-06,-2.9696119161967452e-05,6.50647164576623e-05,0.0011896470004988593,0.001191794975076221
4.48,8,56,-4.293217195141779e-07,-2.62189528554358e-06,1.9146536419036778e-06,3.27483596469461e-06,7.010649716280261e-05,0.00012338003654050706,0.0011977283885847084,0.0012061056534080656
4.56,8,57,2.660909374753976e-06,-3.0557305794800452e-06,3.023430482531831e-06,5.055596894306913e-06,0.00016553297267730575,0.0001358362519466145,0.0013076551567561877,0.001325071568398228
4.64,9,58,7.525193078916354e-07,-2.803450150149858e-06,1.5496594417872778e-06,3.290450187838349e-06,0.00017105076599428968,-2.0014747004284742e-05,0.001327661307699422,0.0013387843376014743
4.72,9,59,8.682933688504882e-07,-3.4251166091472974e-06,1.1860171637061087e-06,3.7271965165861452e-06,0.00019646699485210351,3.571236538271948e-06,0.0017826508288773437,0.0017934480788396718
4.8,9,60,-2.2964949897510623e-06,-2.9937888533833613e-06,5.65438336087797e-06,6.797699031905417e-06,0.00018111278813482274,0.00012084087139342984,0.0018349031497543588,0.00184777539955579
4.88,9,61,-3.7440401062914726e-06,-1.8597295817486717e-06,3.45261517632369e-07,4.194715240669855e-06,0.00020038841036101879,9.480585893849569e-05,0.0017779983189275175,0.001791764964498737
4.96,9,62,-2.207117764517937e-06,5.7215592802140085e-08,6.339395902590027e-07,2.297068099688842e-06,0.000303447464414945,7.271023115380695e-05,0.0019118943135128655,0.0019371904933219992
5.04,10,63,2.9071650789445452e-08,-1.0390316342120292e-07,6.058080657272423e-06,6.059041366277906e-06,0.00041703951105440904,6.401663614884828e-05,0.002149654474796123,0.002190669862050261
5.12,10,64,1.2530137568003706e-06,-8.896858789550041e-07,2.7294329184355476e-06,3.132313600867976e-06,0.00016582841091272954,0.00012021675228811753,0.002450978158399246,0.0024595213075610267
5.2,10,65,4.976902415207835e-07,1.3334665320353219e-06,4.837263741809581e-06,5.042315844568739e-06,0.0003950462150510307,0.00011999497187267515,0.0024695442074303565,0.00250381886280811
5.28,10,66,-5.485203050447348e-07,-6.495901063480454e-07,6.548509249821012e-06,6.603469938320533e-06,0.00033974809882210004,7.17897711839461e-05,0.00250118632461483,0.0025251763448005202
5.36,10,67,1.0829008639885958e-06,-2.610885123469744e-07,6.405736448619879e-06,6.501869034491852e-06,0.00032577244593708337,0.00015420697099943658,0.0026336728597426296,0.0026582212489899277
5.44,10,68,2.9151481707444684e-07,1.0786047093143898e-07,8.421618255147591e-06,8.427352419662931e-06,0.00032592651462569,0.0001387395748766069,0.0027194520632493387,0.0027424252563896935
5.52,11,69,6.792782081380835e-06,-4.5128706989660695e-07,8.999636318439265e-06,1.1284458440206843e-05,0.0002608182423882622,8.840797445201446e-06,0.0027010118301723056,0.0027135897298583506
5.6,11,70,7.94290664543846e-06,3.272574468386798e-06,1.0359474876027775e-05,1.3458017288454428e-05,0.000274057719532413,7.082543352491452e-05,0.0029268382533864587,0.0029404941824726664
5.68,11,71,5.835886571671371e-06,2.087319567860725e-06,6.1695354799518e-06,8.745149689637828e-06,0.00043294298829255306,0.00018252371156190803,0.00276966425178259,0.002809233810845305
5.76,11,72,4.978707077665611e-06,2.677702483803957e-06,2.6367759994696024e-06,6.23780429545096e-06,0.0002419507131896074,0.00012008629944478024,0.0030023023758420507,0.0030144287058933945
5.84,11,73,5.03953733826e-06,-9.881031185844381e-07,7.871706804543392e-06,9.398779302301322e-06,0.00031032812914389904,0.00014198066684889288,0.003181225940749443,0.0031994781673882365
5.92,11,74,6.7758803400619664e-06,1.0001563382455517e-06,4.199484315788387e-06,8.034210328484292e-06,0.0003689699531247585,0.00016354045270956262,0.0031728475820736843,0.003198413057291406
6.0,11,75,3.66832868517364e-06,-5.843474942123984e-07,6.745523554483534e-06,7.700661358646558e-06,0.00021779079836328687,0.00017390184372117668,0.0034267389209140524,0.003438053855774884
6.08,11,76,7.081246724735682e-06,-1.7176733317696133e-07,8.332096210340434e-06,1.0936059000009829e-05,0.0004089148692438173,8.383666222072533e-05,0.0033670924168133693,0.0033928677102980447
6.16,11,77,7.473158418193552e-06,-6.102696399850706e-08,4.618714002048429e-06,8.785461858460842e-06,0.0003584191517761338,0.0002118638477153302,0.003544326792729996,0.0035686976604907806
6.24,12,78,1.2067527058824585e-05,-3.746924087279122e-07,4.078418066199427e-06,1.274359045321701e-05,0.0003339131768403559,0.0002933827557259074,0.0032700884851722474,0.003300159110085614
6.32,12,79,1.3328882418669632e-05,-1.5175925452249066e-06,2.011083627453745e-06,1.3564905123909092e-05,0.00030565285148400235,0.00027753985115371575,0.003343056644896843,0.003368453616362806
6.4,12,80,9.188428895633206e-06,6.719128889813769e-07,-2.6257149414676583e-06,9.579826274747004e-06,0.0002631276549958256,0.00027780265073937645,0.0033509273702580504,0.00337270287993561
6.48,12,81,1.0969609686841157e-05,-1.0104648171556909e-06,2.057134242437138e-06,1.1206479247281738e-05,0.00019771502463830092,0.0003534051418034457,0.003596485447702075,0.003619211792746265
6.56,12,82,1.3021019739192775e-05,-4.239187452441552e-07,9.203804084304656e-06,1.5951071179493882e-05,0.0002077106889553048,0.00023035800270501853,0.003872320970641702,0.0038847237018078936
6.64,12,83,1.3201506840549844e-05,2.4137214005490095e-07,1.010624498666501e-05,1.662751427909688e-05,0.00021043621264086045,0.00024380114593043316,0.004015279812409502,0.004028175066986402
6.72,12,84,1.2599632983162256e-05,1.5804379853468602e-06,7.237632405944439e-06,1.461615060060256e-05,0.00012749497574546278,0.00037047468809217924,0.004038323358580743,0.004057285054296307
6.8,12,85,1.2849428911821296e-05,1.3190667024778984e-06,9.352744528914128e-06,1.5947463451868077e-05,0.00016985678582618377,0.00035869629204915736,0.004036904381282219,0.004056366766114301
6.88,12,86,1.5578774783185975e-05,2.474594022903552e-06,1.3192580066277016e-05,2.056370608933494e-05,0.00023642172174351275,0.00031287045160595004,0.00419147253524999,0.004209777329474239
6.96,13,87,1.8380785508839733e-05,1.9363642430562724e-06,1.411458391885144e-05,2.325562860053581e-05,0.00021756298447381668,0.0001456124684791669,0.0038275073618339404,0.003836450084138038
7.04,13,88,1.838198143777509e-05,-4.559213770726616e-07,1.0169731607527319e-05,2.10125806803905e-05,0.0001089268059202473,0.00024674101400237936,0.004000695472554656,0.0040097768567787205
7.12,13,89,1.3896110536166529e-05,-1.1293798438155076e-06,7.902119358053324e-06,1.6025631881891466e-05,0.00014464081563934523,0.00025685012970343943,0.003978499265613424,0.003989404637432012
7.2,13,90,1.6177739542441034e-05,2.240839224212464e-07,8.34351053175283e-06,1.8203945679462414e-05,0.00023654760903083234,0.0003148052704789389,0.004032332922296179,0.004051514028840721
7.28,13,91,1.6133591907620885e-05,8.065297688832973e-07,9.293376923398191e-06,1.8636258550205164e-05,0.0003120370843920114,0.0003030045425995285,0.004167806806445005,0.00419044060579805
7.36,13,92,1.773496164298381e-05,9.885645206763046e-07,1.121884368553209e-05,2.1008773832140947e-05,0.00023760494768197164,0.0002664491398529084,0.004325811637692197,0.004340518123459982
7.44,13,93,1.8721056863353577e-05,-8.295851398309351e-07,9.236295344142064e-06,2.0891992084752633e-05,0.0002172607985839098,0.00024443936121907244,0.0045886590139987095,0.004600298294965895
7.52,13,94,1.6707971024531037e-05,-6.275750366457693e-07,8.43745936503421e-06,1.8728076962672733e-05,0.00016743384369297432,0.00032378670837827743,0.004756111702116547,0.0047700597949654885
7.6,14,95,1.7567929311395953e-05,-1.1965200747153023e-06,7.749923083034338e-06,1.923863582410017e-05,0.0001621481657655692,0.00038955055378725196,0.00370260378974089,0.003726568996465877
7.68,14,96,1.7435832579596695e-05,4.104845325961438e-07,1.2112446628211613e-05,2.1234126273913438e-05,1.6824227497403904e-05,0.0003496566982493051,0.0038387849978342324,0.003854713104870278
7.76,14,97,1.82707497586479e-05,-1.5695628722112087e-06,9.926724991430503e-06,2.0852426559238787e-05,0.00027612184172650316,0.00032123539980756635,0.004091901841111,0.004113769090609675
7.84,14,98,1.818983627062319e-05,-2.2292381614528596e-07,1.093481615903487e-05,2.122475071730582e-05,0.00017540951251863128,0.00032026911262234275,0.004220693730323786,0.004236460358220815
7.92,14,99,1.8163900376077794e-05,9.314628761229244e-07,6.1569222471882965e-06,1.920162991830632e-05,7.166685625646105e-05,0.0003859412489777641,0.004230100366552723,0.004248274461126267
8.0,14,100,1.8671118133517042e-05,-9.01926659404164e-08,7.476265273714703e-06,2.0112516737486903e-05,2.532918014059505e-05,0.00043804425369375823,0.004427993868983697,0.004449680217646874
8.08,14,101,1.6985327478432407e-05,-1.3805885907093809e-06,3.871520965472754e-06,1.7475584367696632e-05,0.00035019537554767545,0.00042826418901309156,0.004583904757300619,0.0046171668629852725
8.16,14,102,1.8461670044108676e-05,-9.060045895301249e-08,5.572895109317134e-06,1.928467342632882e-05,0.00019769988121634145,0.0004301627179235347,0.004874946122914264,0.004897879633907016
8.24,14,103,1.6062127255686843e-05,2.2268752376349997e-07,1.3925534936128181e-05,2.1259398979473633e-05,0.00019945355819044795,0.00039082249950512604,0.004888600250830026,0.004908251863994925
8.32,15,104,1.6538993165301996e-05,-7.665287216424171e-07,1.4350863326524544e-05,2.191057140787515e-05,5.4004672828147844e-05,0.00041989731066207595,0.003753849696045284,0.003777647124426498
8.4,15,105,1.589718236284188e-05,-8.416636032315931e-07,9.34278792533146e-06,1.8458507277571906e-05,5.855904587757416e-06,0.0005056082922603662,0.0037781725644173794,0.0038118580722971813
8.48,15,106,1.5354456996957287e-05,-1.8301122029793576e-06,9.147570690172908e-06,1.7966265885782027e-05,0.00018609959617531428,0.00041848111782912954,0.0040661957755417505,0.004091907573578577
8.56,15,107,1.6004261059217705e-05,-1.9797064968796815e-06,1.0542344437274597e-05,1.9266464026891765e-05,7.501412164442999e-05,0.00038897465200386745,0.0044245351424769975,0.004442233630209195
8.64,15,108,1.1244657713283822e-05,-1.3586392008616685e-06,6.443479301524103e-06,1.303098818494595e-05,8.863032882787153e-05,0.00035497153145866233,0.004342418580910799,0.004357804407631624
8.72,15,109,1.2734336825449006e-05,-9.819013851560113e-07,1.2292918234917466e-05,1.7726909021161142e-05,-2.2357363432671977e-05,0.0004583431694835598,0.004293643289558995,0.00431809576210242
8.8,15,110,1.4304913547270335e-05,-1.5770207977782668e-06,1.5284030839412805e-05,2.0993311908596635e-05,6.559929207370057e-05,0.00045313835215894644,0.004512987642240745,0.004536154218314847
8.88,15,111,1.5035337971924492e-05,-1.0031594341937605e-06,1.4558484138866555e-05,2.095273674730906e-05,1.5993542810644886e-05,0.0004189423762210944,0.004736303590613288,0.004754822836916401
8.96,16,112,1.5403713424865016e-05,5.758708145249823e-07,1.3344964960406383e-05,2.038857778916574e-05,-8.013498829430763e-05,0.0004043391133094486,0.0037083824795322434,0.003731221294616886
9.04,16,113,1.5078703185181438e-05,-7.129726525090748e-07,1.3750515962794544e-05,2.0419410103945075e-05,-1.680110180262275e-05,0.0003962141568638443,0.003585923507087626,0.003607785378013045
9.12,16,114,1.6823755732192762e-05,-2.0387278567847454e-06,1.0854320491443803e-05,2.0124896062874358e-05,5.040803040161833e-05,0.0005453829588453994,0.003672759638517062,0.0037133740592145996
9.2,16,115,1.3195304620352577e-05,-2.0206320089553903e-06,8.936180013870078e-06,1.606406956470882e-05,-4.5061553266642706e-05,0.0005319880521467325,0.003814059968041286,0.003851245937488902
9.28,16,116,1.4060054299221023e-05,-2.3404347965274043e-06,1.068925497173426e-05,1.7816367019810336e-05,-2.1692947278974298e-05,0.000508633441432689,0.004108465359645986,0.004139887217439182
9.36,16,117,1.4160887756249162e-05,-1.9555712068461926e-06,1.3444562969035085e-05,1.9624252195140653e-05,-5.206283099201852e-05,0.0005179368327461667,0.004250192082277194,0.004281950704683297
9.44,17,118,1.578096431402526e-05,3.4116217977908585e-07,1.4638077181765956e-05,2.1527390224845823e-05,-0.000259411336148507,0.0007248659282701076,0.0047060481707389005,0.004768607159391953
9.52,17,119,1.3706913176790838e-05,3.8067435065705804e-06,1.253835894157463e-05,1.8962626661637992e-05,-8.384778654296364e-05,0.000735292086273195,0.005085981754951407,0.005139542325454936
9.6,17,120,1.2381374321653667e-05,1.0963138139835291e-06,1.2473025097642042e-05,1.760899455272913e-05,-0.00021434415180785466,0.0008336433484969573,0.0056845185192067795,0.005749317824152035
9.68,17,121,1.5729934256558693e-05,-8.760926027442481e-07,1.2933728316684133e-05,2.0383319114757508e-05,6.788839392222843e-05,0.0006933347720111789,0.006080847076803378,0.006120622771546807
9.76,17,122,7.549267632857862e-06,-3.9764642745419365e-07,1.3326718157208219e-05,1.5321585470030368e-05,6.5353832875913e-05,0.0007461272982538841,0.0063599239462297456,0.006403874582664604
9.84,17,123,1.0340686734012536e-05,-2.3782542787712838e-06,2.3504960691412707e-05,2.5788933142926507e-05,-2.3881823746934075e-05,0.0005891778607356346,0.00633034811318264,0.006357751813901004
9.92,17,124,1.3354493422280083e-05,1.1352977010070644e-06,1.817018240676418e-05,2.2578461509383596e-05,-0.00020887554580669012,0.0008470105260104728,0.006549225170089414,0.006607072434394926
10.0,18,125,4.501826914652367e-05,-1.912876085708622e-06,1.0608116766877257e-05,4.629077438548445e-05,-0.0002851552127215018,0.0008106587761813457,0.0053670717551030115,0.005435433779485001
10.08,18,126,4.149414169290511e-05,-1.4649972192619986e-06,2.220628581775979e-05,4.708533892310186e-05,-0.0002081498635050839,0.0008181903374612157,0.00579171901839072,0.005852928410802651
10.16,18,127,4.420227612930248e-05,1.2719091838055656e-06,1.0468675767150656e-05,4.544284476461262e-05,-3.236610533684593e-06,0.0011901172850332885,0.005736847170702695,0.00585899352173923
10.24,18,128,4.631693872867482e-05,-5.539101639126153e-07,9.005291187005085e-06,4.71875078704974e-05,-0.0003575817858528684,0.0010883451246288156,0.005784055372117574,0.005896410466682184
10.32,18,129,4.394007976602263e-05,-2.021912539997716e-06,5.898202107971376e-06,4.438026057010379e-05,-0.00011901899318448689,0.0009086914913925035,0.006277954795599116,0.006344493846072649
10.4,19,130,5.985021488391737e-05,-6.367731295805844e-07,7.738560336275373e-06,6.035179382377805e-05,0.0001843041458561853,0.0009410987082381014,0.004789437072099122,0.004884500206205811
10.48,19,131,5.627402996093784e-05,2.894426659825277e-06,1.3721260836595246e-05,5.799497523647647e-05,-1.630123273081858e-05,0.0010563696027103304,0.005143660037371054,0.005251039996778439
10.56,19,132,5.902387430607171e-05,-1.1544899357009316e-06,1.59435163042232e-06,5.905668922511672e-05,-0.00011690470432239634,0.0010682154003976768,0.005366751463651443,0.005473278005377068
10.64,19,133,6.374857747494899e-05,-8.811674020386866e-07,-2.603653714853368e-06,6.380780985692002e-05,6.896892623395064e-05,0.0010227037039542324,0.0055439097860111915,0.005637873295339141
10.72,20,134,7.016318598398446e-05,-1.9326034507928414e-06,8.007594322058555e-06,7.064509317955405e-05,0.00010973589416895592,0.001074297628070828,0.0043752313465430515,0.004506529340403831
10.8,20,135,6.700413637377338e-05,-7.407947567757495e-06,1.055339529663886e-05,6.823346781931125e-05,2.9115078951992938e-05,0.0010069136711813914,0.004901425161816161,0.005003867648721232
10.88,20,136,6.235389912056514e-05,-1.6113960744027494e-06,8.76281700321413e-06,6.29872391415756e-05,-0.00014783015718285874,0.0009745055332780873,0.004951786964858896,0.005048931464687235
10.96,20,137,6.88871707031429e-05,-1.5542677977912298e-06,9.136227587498562e-06,6.950775992939041e-05,-0.00019205450557050686,0.0012912329186161053,0.004825777511928104,0.004999229538424776
11.04,20,138,6.068156530249753e-05,-4.932630533775715e-06,-4.00116116502159e-06,6.1013051900494915e-05,5.0471158455073964e-05,0.0011270771901151831,0.0053730180632597805,0.0054901888344964615
11.12,21,139,6.791651279035947e-05,-4.8664265410443305e-06,-6.801490016743728e-06,6.842948986606803e-05,2.0306376026188304e-05,0.00121594585013233,0.00413819636288457,0.004313189747408805
11.2,21,140,7.093814510632773e-05,-6.74430094500667e-06,3.0581270652066657e-06,7.132361577703542e-05,0.00013410203640329546,0.001458883690616971,0.004409756852116003,0.0046467494524344375
11.28,21,141,6.657399173072696e-05,-3.2309122752860706e-06,6.622313461965012e-06,6.698052108398396e-05,0.00011864501400627781,0.0013707308975403354,0.00436707781110634,0.004578684138601135
11.36,21,142,6.849440283859175e-05,-5.045995208900011e-06,-3.7607331308445663e-06,6.878290777180737e-05,0.00020286599979619014,0.0013883065163083962,0.004255528628261916,0.004480856335908842
11.44,21,143,6.799032036130852e-05,-5.501411989479912e-06,-6.259823936240788e-06,6.849915760375517e-05,0.0002541218899871994,0.0013184787116514982,0.004750290059190728,0.004936417698543662
11.52,22,144,6.8851150511588e-05,-7.453805998986579e-06,-9.614210598159345e-06,6.991761720815171e-05,0.0004319749871574112,0.0013422226258439564,0.004376349870197976,0.0045978910549554055
11.6,22,145,6.073926842744577e-05,-6.740070691564365e-06,6.949366977710805e-06,6.150594266751378e-05,0.0006458106572774902,0.0017337813842567518,0.004500667015727482,0.004866114762303265
11.68,22,146,6.742251857105907e-05,2.990429139980342e-07,8.317449567749684e-06,6.793427267912181e-05,0.0006013125359652961,0.0017241220060406903,0.004525405291932111,0.004879904354992005
11.76,23,147,6.765183469374145e-05,-2.805706685893626e-06,2.9048718039489063e-06,6.777227314790292e-05,0.00014692786282543654,0.001542630601584227,0.0037188280551954172,0.004028768927839756
11.84,23,148,6.505238083449854e-05,-4.275644556807492e-06,-4.070066349025202e-07,6.519401079097408e-05,0.0004054324599823447,0.0015702831059296821,0.004212306142338877,0.004513722139117707
11.92,23,149,6.319758026505168e-05,-3.763358370159392e-06,6.580532981192264e-07,6.331295326963563e-05,0.00041313198777635595,0.001640827102971644,0.004568715435786685,0.004871976226785787
12.0,23,150,6.411950379329617e-05,-3.4824644689362933e-06,1.012769054012332e-05,6.500775677680647e-05,0.0003032402713077823,0.0013898175714860373,0.00452743189374901,0.004745649280835017
12.08,24,151,6.919692428609005e-05,-1.5269812841887332e-06,7.113417279349644e-06,6.957834941910661e-05,0.00026992854032968747,0.001470787841432476,0.003298332210817778,0.0036214739629477125
12.16,24,152,6.691994993319246e-05,-2.057834348564484e-06,2.443625181753682e-06,6.699616172062411e-05,0.00018637046465102506,0.0016058272039609278,0.003768929563690152,0.004101005366386742
12.24,24,153,6.801436111959788e-05,-1.4585876968553173e-06,-4.840113075220149e-08,6.803001645778092e-05,0.0004178585116387432,0.0013567735637751318,0.004051136644974723,0.004292685447987666
12.32,24,154,7.042107980758939e-05,-9.551935025339481e-08,5.486571559327204e-06,7.063455296587333e-05,0.0002925430801475571,0.0013930546478025376,0.004527433468331377,0.004745928414512123
12.4,25,155,6.49663554404135e-05,2.2454128767584446e-06,-1.4140916517191164e-06,6.502052655428684e-05,0.00027681013835356493,0.0015502382501617613,0.0038280722918469417,0.004139323610998084
12.48,25,156,6.694384064599619e-05,-1.5773203714595328e-07,-3.402203359541086e-07,6.694489099034421e-05,0.0003634470248217168,0.001495774567130787,0.0037934431712896076,0.004093854710334847
12.56,25,157,6.378815297538914e-05,2.9367287735131524e-07,-1.8864524517648416e-06,6.381671729745513e-05,0.0005749348769332403,0.0016312317368358668,0.004089816851694581,0.004440503234136844
12.64,25,158,6.879053593335413e-05,2.1537266883418333e-06,1.6841705085997032e-06,6.88448458706111e-05,0.0005177400359123384,0.0015459787392441062,0.00465527459129914,0.004932513206001245
12.72,25,159,6.357542523272817e-05,4.949695708949053e-06,6.115190225996763e-06,6.406036007261842e-05,0.0007067932657725284,0.0013625492479221795,0.00492731245690643,0.005160862836923684
12.8,25,160,6.801242613557947e-05,2.4056994510061396e-06,3.1429365945468724e-06,6.812749481034486e-05,0.0006762047933524981,0.0016178502281134386,0.004877254602516759,0.005182885754184681
12.88,26,161,6.664739106499084e-05,1.0843327994095616e-06,-5.378836929605362e-06,6.687288239716442e-05,0.0003937490227017135,0.0018338238234620375,0.0041128052055174604,0.004520300296098369
12.96,26,162,6.677099937914529e-05,9.336458010211538e-07,3.992716974746359e-08,6.67775384897532e-05,0.0003959558293969153,0.0017987849329017278,0.0048346812877422315,0.005173640053938093
13.04,26,163,6.311296564774985e-05,1.620564394861319e-06,-8.044741313727384e-07,6.313889324687274e-05,0.00048427307768795385,0.0018322244345997094,0.005262837368545215,0.005593659263869539
13.12,26,164,6.32528094826767e-05,9.5397780203885e-06,-1.7860775666415634e-06,6.399308826118758e-05,0.0005945863965726784,0.0017997820733483079,0.005182859584850825,0.005518585142118882
13.2,26,165,6.803413436046247e-05,7.0982090989678044e-06,-4.534221655101537e-07,6.840492381583585e-05,0.00041720772589186745,0.002041563152863429,0.005031859737133805,0.005446251445523041
13.28,26,166,6.074354099696425e-05,1.1921419814526291e-06,-2.550015299983926e-06,6.08087292531588e-05,0.0006110254396444815,0.0021337042814928106,0.005727286699278197,0.006142300789157303
13.36,27,167,6.530718873141657e-05,-3.1763228927026154e-07,-8.828491978297142e-06,6.590198829233384e-05,0.0006676593030386623,0.002193558782492423,0.004557825240207736,0.005102081927748556
13.44,27,168,5.8625504072940705e-05,-4.516347059157607e-06,-1.4711019271209118e-05,6.061156000766714e-05,0.000502160919079687,0.002059489504822315,0.0051844928655994296,0.005601127465303357
13.52,27,169,6.30830394333183e-05,-7.049461587382183e-06,-1.1455082152860864e-05,6.450103627032948e-05,0.0008624944992705616,0.002221331392183008,0.0048743036458192505,0.005425591760058668
13.6,27,170,6.363262707172754e-05,2.600130046571509e-06,-2.1558751181961285e-06,6.372220728940494e-05,0.0008883523733931985,0.0022570095177187853,0.004889591799512862,0.005458147109436492
13.68,27,171,6.202456376369653e-05,2.6115132057946853e-07,-2.0078779499706034e-06,6.205760456181881e-05,0.000750405599387269,0.0021547112728964746,0.005382479153527984,0.005846107343463874
13.76,27,172,6.209757041185276e-05,-6.577508148064703e-06,-8.834445320284007e-06,6.30667843528585e-05,0.0006887586716503738,0.00226082506626945,0.0056708473764027195,0.006143633164056872
13.84,27,173,6.405150858140607e-05,-4.152129830795226e-06,-4.935772511605783e-06,6.437544395165007e-05,0.0008235388364345056,0.0022616764789431636,0.005990987380852764,0.00645641746699032
13.92,27,174,5.952370653060699e-05,-8.856596818577483e-06,-6.458779997639445e-06,6.052459653237326e-05,0.0005627772802517767,0.0023443505646313315,0.006290027677797878,0.006736256083650486
14.0,27,175,6.269210799379548e-05,-4.573288517837677e-06,-1.7336168096977297e-06,6.288259536482227e-05,0.000632282901190288,0.0023150238321188285,0.006355278762416274,0.00679328235527091
14.08,27,176,5.5688897163406404e-05,-7.61668380097082e-06,7.442915594305767e-07,5.6212286106560945e-05,0.0005014088040549703,0.0022946316262093852,0.0066783424910031785,0.007079336375390189
14.16,28,177,5.3762934995180954e-05,-5.570895033081879e-06,2.377703100229302e-06,5.410306389474176e-05,0.0006801130110528934,0.00238721316326744,0.00476985768509614,0.0053770700879523115
14.24,28,178,5.40399942398235e-05,-4.3332909886912725e-06,2.1418151854826558e-06,5.425574403251323e-05,0.0004545933150466004,0.002366038053566619,0.0052669056486525645,0.005791812001853881
14.32,28,179,5.8181695920487026e-05,-8.631564264882299e-06,2.484888458880632e-06,5.887094625106588e-05,0.0004566248849150561,0.002645017686593067,0.005330022230809319,0.0059677266885167736
14.4,28,180,5.847905169493319e-05,-5.682292650742491e-06,8.762569398093423e-06,5.9404297482284516e-05,0.00024243539681380829,0.0024626449035083436,0.005639180115168424,0.006158225979429047
14.48,28,181,5.652492194092123e-05,-4.402763692296118e-06,9.838264600302238e-06,5.7543397352806685e-05,-3.909457572413362e-06,0.002476486407459765,0.006058147738859569,0.0065447806866266185
14.56,28,182,5.715690430663792e-05,-8.496665047122366e-06,1.8135419142175854e-05,6.056400295805714e-05,-0.00010030567120894767,0.0022821895826757583,0.006453936304395174,0.006846294204906803
14.64,28,183,5.2430711472040426e-05,-5.754068717994625e-06,1.1075508788867174e-05,5.389578561639147e-05,-0.0002826833300755306,0.0025848390662220997,0.006447494324829468,0.006952085006102754
14.72,28,184,4.970775785330875e-05,-1.0470294247881558e-05,1.4431353115395873e-05,5.2808637600127935e-05,-0.0001742978416441511,0.00253283446861076,0.006406871391093012,0.006891562319604363
14.8,29,185,4.912418652674479e-05,-8.12014450875612e-06,1.741242774780633e-05,5.2747654818295685e-05,-0.0003377654149194084,0.002566616855680238,0.005492702445251919,0.006072181462329168
14.88,29,186,4.498112184972788e-05,-1.305048213691767e-05,1.2223246392261035e-05,4.84047947958877e-05,-0.00032950854566116356,0.002526273741518299,0.005428768444023185,0.005996845980811122
14.96,29,187,4.326508865951794e-05,-1.09730767746787e-05,1.4384314635618616e-05,4.6895466925444006e-05,-0.0006171169914929442,0.002611289959404389,0.005889581534467188,0.006472004271044045
15.04,29,188,3.848076142914763e-05,-1.028681722332418e-05,1.8581149172582897e-05,4.3952778220800026e-05,-0.0007825151740557877,0.002640638595392581,0.006069550681970049,0.006665189244883265
15.12,29,189,4.3610530082338745e-05,-7.878957167760592e-06,1.669623661598422e-05,4.735737130849759e-05,-0.0007366439616895942,0.002663750106707559,0.00620372467232096,0.00679149532630643
15.2,29,190,4.152594129649169e-05,-9.841444256774476e-06,1.8964036673612152e-05,4.670002690124472e-05,-0.0010526002828215007,0.0025063650974705832,0.0063187806085696525,0.006878722391291169
15.28,30,191,3.619619658787801e-05,-6.975906872533052e-06,1.7175422068456e-05,4.066722325598554e-05,-0.0013742833909107146,0.0026666343597552,0.00446169577319259,0.005376460063990497
15.36,30,192,3.6570567183358227e-05,-4.666905060748519e-06,8.033809880391768e-06,3.773232683194661e-05,-0.001484266238368868,0.0027787572219477546,0.0045556766421630404,0.0055388381121710345
15.44,30,193,3.06181196467926e-05,-6.634699004845828e-06,1.1599176022137987e-05,3.34070256979389e-05,-0.0017387243743182095,0.002846712758691855,0.004517558777155662,0.005615627594971323
15.52,30,194,3.487248401061013e-05,-6.8164602625298445e-06,1.224562734139061e-05,3.7583369467959105e-05,-0.001707335789975768,0.0027827109963528196,0.004688953232666807,0.005713559171575243
15.6,30,195,3.226124704577789e-05,-4.507920159732344e-06,1.4789114456815965e-05,3.5774674163883545e-05,-0.001867982512577974,0.002782445379436831,0.004984404879051759,0.006006301104270537
15.68,30,196,3.054105663037067e-05,-5.244575617485626e-06,1.00132517736507e-05,3.2565732366853845e-05,-0.0021763075679006984,0.0027111661621202136,0.00510255194644016,0.006174364174135485
15.76,31,197,3.1285756201448576e-05,-2.602873705579145e-06,2.3773130546719825e-05,3.9379375675790705e-05,-0.00187952501277489,0.0028140816015243828,0.0031002726697113864,0.004589483648543031
15.84,31,198,2.738698872708148e-05,-6.5621531626593065e-06,1.6580649361702617e-05,3.268068143296919e-05,-0.001941944611632578,0.0026942086305655503,0.003526769406777838,0.004844379368737218
15.92,31,199,3.032174283409688e-05,-4.824284931992884e-06,1.5663204396637005e-05,3.4467633884167155e-05,-0.0021771163987748224,0.0026422612065961594,0.003819806189837004,0.005129551581338697
16.0,31,200,2.369788629378087e-05,-1.001468330354888e-05,1.5257298150460534e-05,2.991101541765833e-05,-0.002477496301677354,0.00298327485996948,0.0035124107085290793,0.005232107204591725
16.08,31,201,2.2490646477947794e-05,-9.667635936850476e-06,1.4694955467394362e-05,2.8552304281654954e-05,-0.0026786005021819407,0.0029409108651654256,0.003709727841027899,0.0054392957284592385
16.16,31,202,2.199652978831139e-05,-6.401095993692031e-06,1.6821445012600568e-05,2.8421512362301818e-05,-0.002816098497999069,0.002884565592608082,0.0037262495881411296,0.00548963253794031
16.24,31,203,1.5290843202039303e-05,-4.9232644698454944e-06,1.8593169687353358e-05,2.457141383584002e-05,-0.0031365561670237043,0.0028556865537280457,0.0038858677838190135,0.005752642759233367
16.32,32,204,1.1477985889321158e-05,-5.901141214346625e-06,2.035161502430014e-05,2.4098876774746893e-05,-0.002824702463908494,0.002706253954802652,0.002434411896156324,0.004607506457688707
16.4,32,205,8.283270510061476e-06,-6.76085344406831e-06,2.3129308778488972e-05,2.5481103473078076e-05,-0.00299371254313527,0.002974734991294833,0.0022217165181064786,0.004769422118683404
16.48,32,206,6.304900038570115e-06,-1.1830982011416552e-05,2.5147817295098957e-05,2.8498010712302387e-05,-0.003562360225973707,0.002910734269582961,0.002372459843703296,0.005176036135664893
16.56,32,207,8.040264565335013e-06,-1.0247662793468967e-05,1.753629225081162e-05,2.184449571208055e-05,-0.003712625633156715,0.002727130811939563,0.0027526609134655706,0.005366374349775046
16.64,33,208,8.051666193934817e-06,-7.923010460884988e-06,2.1122885790356983e-05,2.3953699659432793e-05,-0.002809719522644742,0.00265426666336994,0.001984722744277388,0.004344971770663183
16.72,33,209,4.4885548009120606e-06,-7.76470726629e-06,1.933343713859735e-05,2.1312428175223554e-05,-0.0032790516756175526,0.0027517897307647306,0.0019830465526905097,0.004717732532038057
16.8,33,210,2.6380503739627237e-06,-5.657899266070086e-06,1.8972306691262932e-05,1.997297061200215e-05,-0.003438286665954004,0.0028563215157797754,0.001820055490871225,0.004826281155158086
16.88,33,211,2.1748629006899094e-06,-4.393421357254181e-06,2.144739418726477e-05,2.2000520386642973e-05,-0.0034937152858971142,0.0030699760645701334,0.001216235315018107,0.004807289036186806
16.96,33,212,-8.327984061693204e-06,-8.319400453606948e-06,2.2937340650987044e-05,2.5781569746210455e-05,-0.004078681289052021,0.002687031840791143,0.0014386344030504292,0.005091704048423156
17.04,34,213,-1.0854375076294474e-05,-4.498706088832063e-06,3.669742700386641e-05,3.853254421232371e-05,-0.0027765468261557167,0.002685821975692948,0.0009331205697655099,0.003974111971330207
17.12,34,214,-1.395471012028661e-05,4.162812695912017e-06,3.6816659546183775e-05,3.959203662634799e-05,-0.0030447590209124104,0.0027691317647590185,0.0008155057369697175,0.004195676087718809
17.2,34,215,-1.6217442029377318e-05,2.4317568462465494e-06,3.472256642133134e-05,3.8400201642950355e-05,-0.003509645705907267,0.0028802006070356746,0.0006774623044663022,0.004590438289720796
17.28,34,216,-2.0585302071436854e-05,2.992878317439516e-06,3.3852917407103525e-05,3.973326061333848e-05,-0.0037739405774965262,0.0027603785484973838,0.0006854039296862205,0.004725684686932534
17.36,34,217,-2.1577655641744313e-05,1.3327304018841422e-05,3.491266348830435e-05,4.315213004304546e-05,-0.003833675867125528,0.002914324710196457,0.00024964047923790026,0.004822103227795571
17.44,35,218,-3.231593973070116e-05,1.5682396787093216e-05,4.21180250339144e-05,5.535508614773878e-05,-0.0033481621861406077,0.0029659190740594856,4.81742481789985e-05,0.004473162945473744
17.52,35,219,-3.6624566167839174e-05,2.328715190786597e-05,4.142342516234301e-05,5.9996253575891614e-05,-0.003361360755616709,0.0030788760343766716,-0.000283138968024123,0.004567098798983105
17.6,35,220,-3.750215986818062e-05,2.7633907627839434e-05,3.4126652344757326e-05,5.7746629735617215e-05,-0.003945540923146634,0.003012900990766462,-0.0005610344058741657,0.004995960884650809
17.68,35,221,-3.375327859962583e-05,2.513557346212228e-05,3.661382711668472e-05,5.5782194342139165e-05,-0.004225358234162335,0.0031384929283944487,-0.0008453744930804974,0.005330895619137231
17.76,36,222,-4.156590136202978e-05,2.0304721287281964e-05,5.400993910472161e-05,7.111314495005777e-05,-0.0035594856781762025,0.003033342690851275,-0.001084521566203489,0.004800759648310132
17.84,36,223,-4.482858144431926e-05,1.8959531639828785e-05,5.614514342772531e-05,7.430573789978456e-05,-0.003860329092023405,0.002996748959832994,-0.001179239037109145,0.005027250713225319
17.92,36,224,-4.718703675440907e-05,1.2751857724985338e-05,5.175857701817159e-05,7.119112731265196e-05,-0.004180720188524546,0.0030381419844999766,-0.0013216399014189808,0.005334365945615369
18.0,36,225,-4.907886626998328e-05,8.533270624207688e-06,4.905766326601637e-05,6.991570744128047e-05,-0.00455403957587362,0.0033024181070711364,-0.001617321339284785,0.005853287121527562
18.08,36,226,-5.574918359626063e-05,1.2360309622483145e-05,4.4896895055316496e-05,7.263938264620183e-05,-0.004729438026980088,0.003225063512929475,-0.0017795480799096023,0.005994615090411082
18.16,37,227,-6.18845624830673e-05,1.5375530258980474e-05,5.683947238401494e-05,8.54214939307355e-05,-0.0035151441829574426,0.0031037925513585024,-0.0018974078350495079,0.005058648369016701
18.24,37,228,-6.679389106788211e-05,1.4108065274163415e-05,5.815178449543006e-05,8.967770865589228e-05,-0.003605032100643986,0.0031450867971304476,-0.002426131721170964,0.005364134835798764
18.32,37,229,-6.945863946606895e-05,1.2891293074873043e-05,5.5092024350942026e-05,8.958693643999894e-05,-0.003997650293522572,0.003096333134990803,-0.0027571894241711806,0.005759390616454529
18.4,37,230,-7.112139171445673e-05,1.5922575344284453e-05,5.582690507868958e-05,9.180644909624065e-05,-0.004219128564791857,0.003213725314761954,-0.0029632365626902886,0.006075347493884525
18.48,37,231,-7.22970752101852e-05,2.010990115590945e-05,5.3626036226103576e-05,9.223354579420112e-05,-0.00472425573187064,0.003280872441511411,-0.0032852018413978127,0.006623840829632399
18.56,37,232,-7.494684082326388e-05,2.809464736016408e-05,5.7616119130787e-05,9.86202582808049e-05,-0.004807824589655452,0.0033163536312369075,-0.003625452272477164,0.006874393273033168
18.64,37,233,-7.663134469828395e-05,2.0420740143643735e-05,5.128301690404944e-05,9.44421380585089e-05,-0.005196671378130529,0.0033118974469134865,-0.003731795516502591,0.007204190161853167
18.72,37,234,-7.953425976487797e-05,2.5453300609035933e-05,4.420106098426213e-05,9.448440495857237e-05,-0.005244128353648989,0.0033244128056264346,-0.003861810474044165,0.007312057359539482
18.8,37,235,-8.14677633627159e-05,1.6802432185711683e-05,4.2885100358761815e-05,9.358659106656246e-05,-0.005502180744607433,0.003155090337121909,-0.00428638671597022,0.007655174659050883
18.88,37,236,-7.922920547837983e-05,2.1538218739088453e-05,3.228900989720728e-05,8.822551800545068e-05,-0.005374211644536575,0.003284632279599479,-0.004822037786386666,0.007932402437206536
18.96,38,237,-8.450259059211137e-05,1.3041244307621043e-05,4.3474587176036096e-05,9.592080900407277e-05,-0.004470944516791439,0.0032770340542609125,-0.0036200177340015537,0.006620636333427391
19.04,38,238,-8.439526941562327e-05,8.230557746241776e-06,4.4862343155554e-05,9.593192072483767e-05,-0.0048139714846807905,0.003256284235669079,-0.004023111671656442,0.0070684606528865265
19.12,38,239,-8.799698852890801e-05,2.3571988425480484e-06,4.4341376761265925e-05,9.856563330910328e-05,-0.004928010062195028,0.003359197930624066,-0.004289013673546267,0.007346096392103175
19.2,38,240,-8.400577602672437e-05,4.573177057328694e-07,5.0441299342642735e-05,9.798726562523442e-05,-0.0047595150406664405,0.003469768748531749,-0.004754363806578922,0.007569428894964617
19.28,38,241,-8.386146608853185e-05,-2.7262884820336094e-07,4.522173269006696e-05,9.527762029195902e-05,-0.005200235363198779,0.0037599499931726577,-0.005067411039560534,0.008176694101388542
19.36,38,242,-8.41281934190234e-05,-4.311243104160756e-06,4.9661918686316905e-05,9.778775952366502e-05,-0.005176221150110188,0.003538409318842751,-0.005239231690413627,0.008170872328482173
19.44,38,243,-8.271144681774781e-05,-4.510246385176512e-06,5.0908422337253665e-05,9.722753325066058e-05,-0.005308470421337103,0.003529868675427382,-0.005456962300378516,0.008391559368063052
19.52,38,244,-8.876694230396458e-05,-1.388541788075594e-06,5.067895841424461e-05,0.00010222453189056599,-0.005582782036704885,0.0037522483742246054,-0.00567645143732092,0.008801643258590335
19.6,39,245,-9.624016490391671e-05,-2.120443519736159e-06,6.892281077246234e-05,0.00011839349418878609,-0.0041306209373041134,0.003581894509366971,-0.005319649276011666,0.00762828067284495
19.68,39,246,-9.631677263411342e-05,-2.0420934456303345e-06,6.970277727412366e-05,0.0001189099154655249,-0.004368887681588741,0.003481475875036316,-0.005617644598169318,0.007922486016026702
19.76,39,247,-9.903921236815168e-05,-5.433656688085784e-06,6.8334697327466e-05,0.00012044883175167874,-0.0046927522441373125,0.0034327523076044084,-0.005551562612993522,0.008039002393096214
19.84,39,248,-0.00010310368973256512,-2.2393043062272543e-06,6.834734307166822e-05,0.0001237204292960595,-0.004739258048406425,0.003356633786366759,-0.005366346088766581,0.007907289521042233
19.92,39,249,-0.00010384945013465438,-3.3328559633127397e-06,5.5868641853806034e-05,0.00011797084963977798,-0.0049441593676165345,0.0034280937429301455,-0.005995419249105182,0.008493620578719541
20.0,39,250,-0.00010357518825825746,-3.7349753751753514e-06,6.086814715118809e-05,0.0001201944299932627,-0.005344653241005928,0.003614727202738818,-0.00644597449888074,0.009120425333121037
20.08,39,251,-9.920122330155959e-05,-6.141566928039357e-06,6.775632823626162e-05,0.00012028932440128467,-0.005230440215900121,0.0033375998175757446,-0.006957047435533287,0.00932188749206121
20.16,39,252,-0.00010119819872914702,-3.606338125638431e-06,6.158490934654002e-05,0.000118519121494896,-0.005522649425053823,0.00321374066355838,-0.007066247754182221,0.009526785556951581
20.24,40,253,-0.0001243767664721258,-5.0834041470774275e-06,7.385475936991614e-05,0.00014474096350851218,-0.003853524273338038,0.003570564046192027,-0.004835176391490621,0.007139853476787385
20.32,40,254,-0.00011691887688530515,-6.369394722558326e-06,8.280654892644407e-05,0.00014341379817284136,-0.004156520694212193,0.0035391948549210904,-0.005263817475417657,0.007583557141409725
20.4,41,255,-0.00013474389404874795,-7.576955942250365e-06,6.962161234604358e-05,0.0001518568278031442,-0.0029668666887642412,0.0033231938444884604,-0.0037696323666331446,0.005835755602877239
20.48,41,256,-0.0001345361840126137,-4.706742479326317e-06,7.118300756669061e-05,0.00015227986997525997,-0.0029834319108849143,0.0031239225414828797,-0.004129894996223171,0.005976268960806605
20.56,42,257,-0.00015396759109733362,-9.155035860993396e-06,6.726368818012204e-05,0.00016826834977952477,-0.0016010140628945936,0.0029636870687667597,-0.0018478967532290435,0.0038420579748041283
20.64,42,258,-0.000155238314628057,-1.081583926418678e-05,6.49466460762394e-05,0.0001686237929359337,-0.0020907638955202728,0.0030877385555619736,-0.002373015898216188,0.004420025736067815
20.72,43,259,-0.0001571473695229507,-6.361677573172763e-06,6.703409516445021e-05,0.00017096589310164876,-0.0019810207168479534,0.0028853476604258025,-0.002149778515250941,0.004107459295810485
20.8,43,260,-0.00015673736673507403,-7.793629158976111e-06,6.776695012912472e-05,0.00017093771472766333,-0.002069072856207671,0.0029443225507645174,-0.0028009079337723607,0.004560173573528183
20.88,44,261,-0.00016204498685214362,-6.851096430402352e-06,6.42619257567572e-05,0.0001744566146300479,-0.0019015356764644545,0.0028623575578922912,-0.002089020603906464,0.004021558877057003
20.96,44,262,-0.00015934367810714451,-7.513385151621644e-06,6.0523950925459235e-05,0.0001706165506179787,-0.0020664775102091355,0.0027761564327520227,-0.002173722371042789,0.004086862217604414
21.04,44,263,-0.00016479915370107555,-5.5252827861634734e-06,6.425320657949213e-05,0.00017696825807529635,-0.0022067559003073906,0.002743689264930138,-0.0026858509442455425,0.004428475773981273
21.12,44,264,-0.00016036349072697832,-6.704017185026451e-06,6.667463064912035e-05,0.00017380132156216596,-0.0027066337753589805,0.003066249803863415,-0.003304614746636578,0.005258158696472975
21.2,44,265,-0.00016251316605170416,-6.289536630014901e-06,6.543750549847313e-05,0.00017530588848362102,-0.0026773426524545007,0.0030163558539051593,-0.003750786617220939,0.005507718816712026
21.28,45,266,-0.00016313606458982972,-8.38047968347719e-06,6.246954706346739e-05,0.00017488868551137618,-0.002683952850766042,0.0029631083711868554,-0.003409299872792068,0.005254230652260404
21.36,45,267,-0.00016598963380463303,-8.480929569573141e-06,6.305472067504327e-05,0.00017776496419814552,-0.002936866462246487,0.0030524540688313564,-0.0035665504548126454,0.005537412988582085
21.44,45,268,-0.00016800258646300259,-8.443670649963717e-06,5.35297656485013e-05,0.0001765264865188428,-0.0032074163773982167,0.003099770940675795,-0.004056653078011149,0.0060293062534588285
21.52,45,269,-0.00016536422930249887,-7.476732299270266e-06,6.197483234829885e-05,0.00017675437675849538,-0.0032659960721230547,0.003156397408318891,-0.004917964574203226,0.006694471636767413
21.6,46,270,-0.00017153932177100306,-7.233766768392395e-06,5.824130004999423e-05,0.00018130117298801096,-0.002726087869409321,0.0029727701881606854,-0.003801226650563637,0.005542403965096086
21.68,46,271,-0.00016879055854410752,-8.795501944194433e-06,6.281742963160894e-05,0.0001803153986036807,-0.0031589189376698967,0.0028501739095380518,-0.003959800448092548,0.005812252554569086
21.76,46,272,-0.00016946001637448122,-4.063740129315228e-06,6.0244498566822925e-05,0.00017989611096698557,-0.003430918959385679,0.0027622393832531533,-0.0042766173136311,0.006139269253218673
21.84,46,273,-0.00017151361680315576,-1.0253758064630616e-05,5.811474134231029e-05,0.00018138187192944988,-0.003651270044331022,0.0030564131423829743,-0.004593048805553714,0.006615854560354152
21.92,46,274,-0.000167948193704756,-8.555266843759822e-06,5.572483050474054e-05,0.00017715824873327303,-0.0036514391374784095,0.003264919499314065,-0.005509820075694207,0.007372301158948487
22.0,46,275,-0.00016855320972723132,-9.641916780249579e-06,6.162846540575257e-05,0.00017972539836321778,-0.004028781832332101,0.0029561659090714594,-0.005693387320148596,0.0075752662733209785
22.08,46,276,-0.00016857463158220467,-1.3357275213547865e-05,5.829032020061418e-05,0.0001788675058340576,-0.004320912447777008,0.0031032943086850644,-0.00532118500981729,0.007524342486647962
22.16,47,277,-0.00018379737520509367,-1.0238679081636224e-05,5.5944663493787674e-05,0.00019239571475230903,-0.003195917852839062,0.0029524176706952525,-0.004272378080985369,0.006097858270836839
22.24,47,278,-0.00017888010550958978,-7.995610821196082e-06,6.246079848980094e-05,0.0001896401151853413,-0.003170540091886103,0.003339072585432937,-0.0053382420841934,0.00704972047350109
22.32,47,279,-0.00017782376675579072,-7.032112797802389e-06,6.612848436025414e-05,0.00018985183453789235,-0.0031573136710848645,0.00320520636360275,-0.005553957754519942,0.007147616678998052
22.4,47,280,-0.00017665453285772023,-5.551646257031951e-06,6.201459996190343e-05,0.00018730578038004457,-0.0033221114836649336,0.0031718432029903348,-0.005676311318057015,0.007301884975385231
22.48,47,281,-0.0001778544085832939,-8.921090305941334e-06,6.025007278568374e-05,0.0001879942759113697,-0.0038400592595873462,0.0031512838981984773,-0.0056215507186981855,0.007501898280241048
22.56,48,282,-0.00018770414851409102,-7.484861006803875e-06,5.9393420870586875e-05,0.00019701890507360398,-0.0030918397536393917,0.003304759282485477,-0.004975848396832733,0.006726066773800398
22.64,48,283,-0.00018536852676607837,-9.054168509134613e-06,6.195503290430217e-05,0.0001956575957763748,-0.0031929496968038976,0.003331525754399412,-0.005522820680455454,0.007196911829876277
22.72,48,284,-0.00018692304186233928,-6.4204198082625695e-06,5.518696675780972e-05,0.00019500524779992912,-0.0033620880578231743,0.0032823966717058155,-0.00570165109111713,0.007388273762105718
22.8,48,285,-0.00018642626494793702,-7.312274706186637e-06,5.6665572444863274e-05,0.000194985150009741,-0.003595727538231478,0.003264387179014345,-0.005775497237692617,0.007545982277099814
22.88,48,286,-0.0001912625626191942,-8.530822662147605e-06,6.53213215203323e-05,0.00020228944075288956,-0.0036874153436165773,0.0033310227670121785,-0.006094995110108118,0.007863950024188498
22.96,48,287,-0.00018653710297374633,-4.23307037448807e-06,6.265306843314289e-05,0.00019682331329068086,-0.004188049427088558,0.003582395499132232,-0.006654288553021626,0.008640189330264373
23.04,48,288,-0.00018005329913039234,-8.258666059637221e-06,5.926546703486002e-05,0.00018973611062653105,-0.004543546051680757,0.0034732503116245376,-0.007060200540288641,0.009085907226030638
23.12,48,289,-0.0001809228703029386,-1.0141685450868747e-05,5.511317604112841e-05,0.00018940274801538314,-0.004287093771713294,0.0032689683185895355,-0.007213388318913144,0.009005459339469453
23.2,49,290,-0.00018846394715969729,-9.45952941877497e-06,4.506998089172023e-05,0.00019400887931591654,-0.0032759517885385084,0.0033657184212697077,-0.004860037221432288,0.006758689400010196
23.28,49,291,-0.00019440683678543917,-1.4263645429674628e-05,4.806200857474673e-05,0.00020076709500837752,-0.0035452567173452055,0.003292345716137675,-0.0053379710031727255,0.007204326473527156
23.36,49,292,-0.000193720279035959,-1.7508576675347353e-05,4.9070259346625314e-05,0.00020060405559038782,-0.0034451575415197075,0.003337103087623961,-0.005896682049270424,0.007601067470658811
23.44,49,293,-0.00019317744482360227,-8.252053948448497e-06,4.942170622437969e-05,0.00019956985400874775,-0.0033018816256074313,0.003420038701688632,-0.006160031756181755,0.007781071791709656
23.52,49,294,-0.00019384867234827584,-1.0872790662345119e-05,4.5146131841069804e-05,0.0001993331346469714,-0.00379999720783839,0.0034381560063565368,-0.006166215364244343,0.008017674689201856
23.6,49,295,-0.0001966667649243062,-6.78305941434249e-06,3.784735661621736e-05,0.0002003902410888463,-0.003696089601051923,0.0032868665949158326,-0.006215485129132052,0.007943351039847064
23.68,50,296,-0.00021141013326734002,-3.107012581034202e-06,2.4193678778322748e-05,0.00021281266895587262,-0.0030249569758987655,0.003232563147474525,-0.0050277252287812295,0.006699093235996367
23.76,50,297,-0.00020809425075304954,-7.933004737986186e-06,3.218086109288365e-05,0.0002107172455717031,-0.0034103175552977648,0.003514800697447679,-0.005918464519840318,0.007681947151820266
23.84,50,298,-0.00020791705875750804,-1.1746355778577457e-05,3.9463360930536365e-05,0.00021195479955024314,-0.0036509498120610327,0.003680796112623353,-0.006255031001908371,0.008124229648879117
23.92,50,299,-0.00020462362088369767,-1.2168948379413043e-05,3.6376835802976246e-05,0.0002081878567814481,-0.0038708029478147455,0.0033204450651623026,-0.00631519458970251,0.008117275010579588
24.0,50,300,-0.00020758340468262805,-9.449820847200848e-06,3.543197963455243e-05,0.00021079751942207302,-0.003966251337694259,0.003470016952630717,-0.0065876271418351525,0.008436172039802724
24.08,50,301,-0.00020489337481159004,-8.050889548712483e-06,4.473409546915452e-05,0.00020987436994938593,-0.004116190905466007,0.0034386692850530923,-0.007356886178235899,0.009104463095741946
24.16,50,302,-0.00020439025418448277,-7.534372884790579e-06,4.247162599952194e-05,0.0002088922731826331,-0.004207778534018857,0.003672517185352537,-0.007806236800891621,0.009598443397741857
24.24,50,303,-0.0002053528042286079,-9.194969281978503e-06,3.6829161364776714e-05,0.00020883177150874877,-0.004446412481452863,0.003677779388396782,-0.00792583348001157,0.00980385034248322
24.32,51,304,-0.0002128201497510941,-8.5238417235754e-06,3.711943202907519e-05,0.00021620111991376876,-0.0031776314357039683,0.0033749569170329753,-0.0052361895353300976,0.006993236488415304
24.4,51,305,-0.00022565437995984364,-6.174181380505075e-06,2.6227798554281963e-05,0.00022725738079935897,-0.003286564850664211,0.003417254658912334,-0.005901926933206066,0.007570460979780735
24.48,51,306,-0.00021492830891530425,-1.189245532116013e-05,3.915100114352942e-05,0.00021878850371374382,-0.0034992991506561924,0.003643498767676706,-0.006486508645302761,0.008221616156293864
24.56,51,307,-0.00021774754905304496,-1.5456691265721828e-05,4.487015014318948e-05,0.00022285922641291842,-0.0037144793139824964,0.0036516520960711545,-0.007166944944033964,0.008859854368755658
24.64,51,308,-0.00021100874661051454,-1.680871218935958e-05,4.195603382204358e-05,0.00021579511747414843,-0.004155502536113613,0.0035060536205771074,-0.007061139120866275,0.008911806719304265
24.72,51,309,-0.0002188547621677025,-8.124780248552581e-06,4.14206663681014e-05,0.00022288806737900182,-0.004285288936654499,0.003658260856951403,-0.007303519045645864,0.00922431375324084
24.8,51,310,-0.0002191020023653659,-1.0465214700078217e-05,3.3501594900665266e-05,0.0002218953920659909,-0.004411131096878558,0.0036056092610769796,-0.0081809091859759,0.009969241235249449
24.88,51,311,-0.0002148788393188889,-7.383117006201658e-06,2.0659709334511034e-05,0.0002159959480952053,-0.0044378489389934155,0.0037989980007110975,-0.008589422796733756,0.010387736663767591
24.96,51,312,-0.00022332998267494676,-6.6977944774784235e-06,1.7720438207732623e-05,0.00022413200472651965,-0.004417599407176956,0.0038267667528650725,-0.008686995057994931,0.010470110383408192
25.04,51,313,-0.00022009009557834378,-9.366580250029392e-06,8.631840810205197e-06,0.00022045836721031357,-0.0043498750582833985,0.003703115860986871,-0.008981230194469551,0.01064410521878754
25.12,51,314,-0.000218780300633811,-1.2061342326639709e-05,1.4865037142989963e-05,0.00021961617712136687,-0.004296290991747586,0.0036809925823314818,-0.009056917493162283,0.010678744174990795
25.2,52,315,-0.0002299122833635106,-9.441928217038806e-06,1.5085294672478645e-05,0.0002306000307138627,-0.0030053649795701532,0.00386305045164779,-0.0071834992540080935,0.008692412725172323
25.28,52,316,-0.00023131417384428778,-1.3346258881647274e-05,1.4092038792888267e-05,0.00023212702385707186,-0.0033957870645811455,0.0038622417924592182,-0.007833348729729872,0.009370679472319808
25.36,52,317,-0.00023452658953206554,-1.2582343225635502e-05,1.5539464019246622e-05,0.00023537738103011322,-0.0033447009950420673,0.003832933861923752,-0.00817465831616284,0.009628262840311715
25.44,52,318,-0.00023514117986137839,-1.2466507162970809e-05,1.6729819384446807e-05,0.00023606498072370182,-0.003732573221589443,0.0038628810627472565,-0.008507984764593005,0.01006179694259453
25.52,52,319,-0.00023490354274518415,-8.966813805295916e-06,1.489898875787174e-05,0.0002355462969568076,-0.003685580430906433,0.0037970857848123635,-0.0090388941579269,0.010473918615690575
25.6,52,320,-0.00023140745183621893,-4.0395896131918425e-06,1.688675228140318e-05,0.0002320579441695295,-0.0036068807171712614,0.003996133236770241,-0.009422173191791469,0.01085154445275121
25.68,52,321,-0.00022943333643561613,-4.333716496683823e-06,1.636022593838823e-05,0.00023005671900513437,-0.003881976261415818,0.004142899033282137,-0.009912224335811445,0.011423026892099074
25.76,52,322,-0.00022034552089312704,-1.2201926248788739e-06,1.7882248131687292e-05,0.0002210733187111202,-0.004017785201604744,0.00402369682895721,-0.009989982301886736,0.011494889320459096
25.84,52,323,-0.00021958635924381546,-4.075048069995029e-06,1.9231568319704732e-05,0.00022046457403120852,-0.0039798350857524955,0.003935228763147052,-0.009915931231164696,0.011386430736155816
25.92,52,324,-0.0002191022775397703,-1.0774757526558061e-06,2.9096856768865744e-05,0.0002210284960156495,-0.004079086147871341,0.004035733576412782,-0.010357760513609721,0.01184100047119474
26.0,52,325,-0.00021211897234478,-2.7931191890288745e-06,4.058474875676524e-05,0.0002159846794915311,-0.004231453927700347,0.00419716458294851,-0.010729261138791291,0.012273485139233478
26.08,52,326,-0.00021017245110834326,-7.152730153450307e-06,5.180246736668927e-05,0.00021658050784595996,-0.004495184707833099,0.004118419403971385,-0.010788068015638363,0.012391548549498728
26.16,53,327,-0.0002091320697467286,-1.2353852063208076e-05,4.285370787311127e-05,0.000213834703768645,-0.0031957971767874334,0.003977202528524628,-0.007658763139861159,0.009202603565326564
26.24,53,328,-0.0002062555043110594,-1.1788771396589725e-05,4.4532264845544726e-05,0.00021133724423755564,-0.0033519376232103116,0.004070250011950359,-0.008026310653894343,0.009603337112821382
26.32,53,329,-0.00021338153246906651,-1.5210081356592075e-05,4.834754555496246e-05,0.00021931828499901826,-0.0035832466464566,0.0041403841773707956,-0.008649097421577198,0.010236665661898812
26.4,53,330,-0.00020900739154120735,-1.352960916822457e-05,4.742110827065181e-05,0.00021474613280038674,-0.003833810480609635,0.004087395698723448,-0.009044988135224398,0.010640334429214401
26.48,53,331,-0.00020921527928133038,-1.1190118429799348e-05,4.4675591506188975e-05,0.0002142245558092393,-0.004353292516630085,0.004081161170575586,-0.009236789374567799,0.010996604484371073
26.56,53,332,-0.00020516579039213346,-9.580078044600537e-06,4.215297153663308e-05,0.00020967034232799277,-0.004158715112647565,0.0041997659996458585,-0.00970464425885219,0.011362793055882756
26.64,53,333,-0.00020808502424290344,-1.1735533950207273e-05,4.7716033390939626e-05,0.00021380813809074585,-0.004495351095237701,0.004093554620676744,-0.00981108797326063,0.011542218942689404
26.72,53,334,-0.000204306010584847,-1.3137239463875739e-05,5.048693502267386e-05,0.00021086124259761565,-0.004526074879093861,0.004385932759236519,-0.010146372681031754,0.011944481510810592
26.8,53,335,-0.00020447560958419155,-1.7306485365895933e-05,5.1640921645741686e-05,0.00021160475925405915,-0.0048820641215456565,0.0042826933886403774,-0.010380729518136322,0.012244817600793167
26.88,53,336,-0.00019672057905478966,-1.559032861532295e-05,4.610704871263052e-05,0.00020265217618119571,-0.0050173696965289906,0.00407644600772998,-0.01032180919709828,0.012179127876284399
26.96,53,337,-0.00019636885482478302,-5.226496749946192e-06,5.692548398698369e-05,0.00020452030251450894,-0.005114360912357592,0.004254591293510399,-0.010320901520649569,0.012279219959574478
27.04,53,338,-0.0001918755095686112,-5.9885980442940905e-06,5.2894428405646135e-05,0.00019912281394935728,-0.005076229071360429,0.004196018204719687,-0.010834431329954703,0.0126790998340879
27.12,53,339,-0.00019593154264354017,-1.308921362861597e-05,5.997252738737133e-05,0.0002053221881758568,-0.005355056427203292,0.004435517123285593,-0.010573668948261408,0.012655153753191564
27.2,53,340,-0.00019262990457150203,-1.5546892553396863e-05,6.104172460439587e-05,0.00020266740770526412,-0.00514775243431693,0.0042781209554291835,-0.01060447974234434,0.012540201937771564
27.28,53,341,-0.00018485513295673134,-1.4872679908810873e-05,5.80811791140477e-05,0.0001943348660312885,-0.0051285020137198005,0.004068103505491088,-0.010720121083085673,0.012560732266557347
27.36,53,342,-0.00018848525564337272,-1.625528539483173e-05,6.056240567361465e-05,0.00019864221826990976,-0.005089848880875093,0.0042430535643694835,-0.010795577283249747,0.012667065724108011
27.44,53,343,-0.00018246741150256606,-1.5610102234883206e-05,6.179982142875029e-05,0.00019328023561879189,-0.005342179358150899,0.004293324789973149,-0.010650099587139672,0.012664759739641497
27.52,53,344,-0.00018447120249586346,-1.199106731409879e-05,6.973045588638051e-05,0.00019757466113781792,-0.005525218596011905,0.004412902192933008,-0.011082609664033911,0.013146329649885042
27.6,54,345,-0.0001925565907549491,-1.8527616128623195e-06,6.280586907948713e-05,0.00020254888437015077,-0.004289784756954263,0.004279023779579592,-0.007019845058796668,0.00927310748437204
27.68,54,346,-0.00019226959463570722,-2.0027938393933175e-06,6.713237773574953e-05,0.00020366237832500543,-0.0046630649800942,0.004460149577422208,-0.007029249036211004,0.009541878812615142
27.76,54,347,-0.0001927006277156483,-7.563184992139936e-06,6.261767821842175e-05,0.0002027602212335941,-0.004816575270581278,0.004444220599257539,-0.007477315725899434,0.009942874058179714
27.84,54,348,-0.00018668730863884852,-1.0519191780904429e-05,6.558950693054353e-05,0.000198153445647387,-0.00481576442430495,0.004554843801759194,-0.007656812891864384,0.01012743663074946
27.92,54,349,-0.00018786052972966915,-1.096170108199695e-05,6.626987487526154e-05,0.00019950797938154198,-0.0054930205439884154,0.004531257727894493,-0.007757533630817141,0.010530189899832829
28.0,54,350,-0.00018284993267487793,-8.819622448069287e-06,6.739798643192417e-05,0.0001950752987807829,-0.005897601533190892,0.004190421055718529,-0.007763799048983706,0.010612158505295002
28.08,54,351,-0.00018011637010577133,-4.977497130325009e-06,6.375025531378811e-05,0.0001911302626753146,-0.005634730250631085,0.0044370796094069685,-0.007816581350805103,0.010608336555339215
28.16,54,352,-0.00018325597312138022,-4.880729558033268e-06,6.682645066799886e-05,0.00019512136662745363,-0.006058319808820982,0.004452565601425136,-0.008310458712254398,0.011206797194070752
28.24,54,353,-0.00017795155859684028,-9.282936056797407e-06,6.786460880818878e-05,0.00019067914211462085,-0.006065657803154464,0.004564298766285811,-0.00876193354642291,0.011592950758319384
28.32,54,354,-0.00017525440234681755,-9.895261540381953e-06,7.180962120757307e-05,0.00018965400982016672,-0.006158792422890003,0.004627811195297358,-0.008815264166706556,0.011707102241647482
28.4,54,355,-0.0001714871714875301,-1.1162802124220068e-05,7.514477987745896e-05,0.00018756117956253584,-0.00632323085845395,0.004499271603282067,-0.008507324992367452,0.011515262566488205
28.48,55,356,-0.00019253101606889832,-7.353343836454228e-06,5.1167915747355116e-05,0.0001993499922649307,-0.005070349783958928,0.004481690092085819,-0.005652732417627667,0.008817447294908616
28.56,55,357,-0.0001858823000996767,-1.130119058450589e-05,4.7535063072369963e-05,0.00019219658847198037,-0.005348179663728533,0.004614310622241916,-0.006248205639137557,0.009430533491961332
28.64,55,358,-0.00018301406832513532,-1.1167011800835884e-05,4.557535551571321e-05,0.00018893375661289586,-0.005701064052064673,0.00473197381353894,-0.006383304761662421,0.009779585225254928
28.72,55,359,-0.00018424658289385742,-1.4674441461628674e-05,4.660164876968176e-05,0.00019061441762974443,-0.005729787998723475,0.004692090943356305,-0.006335905832816551,0.009746275732471384
28.8,55,360,-0.00018845421739668348,-1.2752331049370565e-05,5.0339876763499036e-05,0.00019547817574950267,-0.00601967588828475,0.004651673205075685,-0.005951710209353615,0.009659058744149967
28.88,56,361,-0.00020533605268629708,-5.640132554971897e-06,1.3503069631239696e-05,0.00020585683986084488,-0.0037938880038392415,0.004719473772282552,-0.0033597484327063895,0.0069249497040780915
28.96,56,362,-0.0002001908610790541,-7.896746322915173e-06,1.2142585397542639e-05,0.0002007141794746904,-0.004098077025007403,0.00477347212165776,-0.0036803406788346446,0.007288702141768616
29.04,56,363,-0.00020170661978147978,-1.368634696093869e-05,1.4066066768525828e-05,0.000202659149290483,-0.004254213245049209,0.0048798588675402,-0.003736822042225231,0.007474971028487214
29.12,56,364,-0.0001926928547280262,-1.188473927195796e-05,1.7409524524472202e-05,0.00019384239689749721,-0.004232221408674527,0.00444808740788685,-0.0036846399271318352,0.007160569183581613
29.2,57,365,-0.00020103198736179202,-1.0589641655625199e-05,1.3846935699037806e-05,0.0002017863674316963,-0.002348917173262385,0.00463417331920174,-0.0018832945831455785,0.005526280188893222
29.28,57,366,-0.00020850646603118528,-1.3929058489360118e-05,1.9992925953111083e-05,0.00020992542041253705,-0.0024390174779883576,0.005046740895650998,-0.0024957913058858455,0.006135745608180337
29.36,57,367,-0.0002140917900141753,-1.1239947151701728e-05,2.4664319207177227e-05,0.00021580074051170516,-0.002787358944135672,0.005004126008690766,-0.0029540742583584554,0.0064449361298778264
29.44,57,368,-0.0002119429076884128,-1.671851628360095e-05,1.788252722142668e-05,0.00021335203229866167,-0.0030876353201942522,0.004787598070703127,-0.002852060215192176,0.0063709367151301545
29.52,57,369,-0.00021552353387250622,-1.9574100067384876e-05,2.3253828597249596e-05,0.0002176563336794305,-0.003455599584958187,0.004905251468873827,-0.0027314161493886824,0.00659266976615645
29.6,57,370,-0.00022428838586259213,-1.663115239216382e-05,2.1620592120349293e-05,0.00022594097739536513,-0.003556917161893095,0.004741249540423164,-0.0033993909169522636,0.0068327860721224135
29.68,58,371,-0.00022446597052773893,-2.055390453981187e-05,1.7421271923079023e-05,0.00022607727800955435,-0.002387206226669934,0.004980317526828288,-0.003242147004497805,0.006404204356160008
29.76,58,372,-0.0002192383305971361,-1.5556956770235214e-05,2.0611606319139088e-05,0.00022075394180404864,-0.002525416463301958,0.00482604890085133,-0.0036903981207336233,0.006579324782683946
29.84,59,373,-0.00021830876223630487,-2.2300908486095563e-05,2.214830837594314e-05,0.00022055972831042518,-0.0023108914029078493,0.004476554392298599,-0.002651190981163067,0.005692852705089222
29.92,59,374,-0.00021611483270793095,-1.7166414735909892e-05,1.4057493967730414e-05,0.00021725082243323043,-0.002409802774556554,0.00467158290954599,-0.003156380292757721,0.0061313597876435175
30.0,59,375,-0.0002269892516929756,-2.0974408305498403e-05,1.25631855379365e-05,0.0002283021677925188,-0.0026543856625120313,0.004545241337348152,-0.003355331560963106,0.006242053503782467
30.08,60,376,-0.00021208647830512148,-2.189735404990024e-05,9.739688036703227e-06,0.00021343624321400466,-0.0016583875964081996,0.004814864673785786,-0.0031980495451021484,0.006013376101635331
30.16,60,377,-0.0002259299672006929,-2.1641242543272825e-05,2.4791246417076875e-05,0.0002283140367061017,-0.0016952706036497415,0.004706198493457653,-0.0032328097969234865,0.005955947100378454
30.24,60,378,-0.000231660496645277,-2.1727533186141523e-05,1.2503022351428161e-05,0.00023301286868370938,-0.001868603270259522,0.0048387239634697975,-0.0038024685466527446,0.006431461328855588
30.32,61,379,-0.0002470128595650735,-1.9658477797155665e-05,1.015442438385991e-05,0.00024800185659463016,-0.0010167581922343302,0.004901617719559911,-0.0031565873895288924,0.0059180822432534815
30.4,61,380,-0.0002451270368142966,-2.7171700942368995e-05,2.083405540913355e-05,0.00024750681480365324,-0.0011347981309825542,0.00489823103481844,-0.0037121976089352195,0.006249867611103805
30.48,61,381,-0.0002490720778294705,-2.2262900981794263e-05,7.899178978536754e-06,0.0002501897954412808,-0.001464501204636718,0.004634502966612626,-0.004273363175180266,0.006471863282927908
30.56,62,382,-0.00025818895546462573,-2.6545541910148436e-05,7.412833291396825e-06,0.00025965583493660214,-0.0010658356520636145,0.005111771039121493,-0.0040197588922283,0.006589739778265875
30.64,62,383,-0.0002605249666795678,-2.581040504200775e-05,1.2070015658445745e-05,0.00026207846258290195,-0.0009898286425253356,0.005057928181936663,-0.004587767205627352,0.006900000446972629
30.72,63,384,-0.00027327387242060005,-2.2813860069796537e-05,9.530232402257071e-06,0.00027439006339274695,-0.00044985994222843014,0.005063174711560833,-0.003669871019089974,0.006269454954313603
30.8,63,385,-0.0002735974892919245,-2.478996123086614e-05,-2.7178842868805795e-06,0.0002747317149869477,-0.0007672455454337679,0.005152459539222323,-0.004332188003977454,0.006775275487544195
30.88,64,386,-0.0002939103728079153,-1.7015755393805456e-05,-4.540841319405408e-06,0.00029443753567708997,-0.00048496298115086934,0.005287460304489003,-0.0035326605425748596,0.006377469409859916
30.96,64,387,-0.0002853636862579781,-2.500913616560469e-05,-9.001623107132854e-06,0.00028659888266539764,-0.0006158996471607508,0.005130506004129853,-0.004308366740063316,0.006727811546161873
31.04,65,388,-0.0002926442325557234,-1.662292097638754e-05,1.1848747486076322e-05,0.00029335534964766594,-5.6040378732614225e-05,0.005064095032814638,-0.0037067463517251684,0.006275999326119645
31.12,65,389,-0.0003047849823453702,-1.3478498930389528e-05,1.544378068768072e-05,0.0003054735107314762,-0.00021472110822561623,0.005055392745834806,-0.0038128119690752204,0.006335663823190122
31.2,66,390,-0.00030318826712603486,-1.361200701123752e-05,7.956627370717803e-06,0.0003035979577943144,-0.0004852992732593325,0.004919043193419643,-0.003467235227860146,0.006037733138245558
31.28,66,391,-0.000301927790395342,-1.2842967747428063e-05,3.604118318401671e-06,0.0003022223057658519,-1.9132509175256468e-05,0.004946270076601655,-0.00437949426852028,0.006606506169799152
31.36,66,392,-0.00031052601054171755,-7.551830844336857e-06,-2.8759493679126677e-06,0.0003106311389040435,0.00034784973151519126,0.00483220320245071,-0.0047662646659745915,0.006796209685670975
31.44,67,393,-0.00031327440226516963,-7.771505282926886e-06,-2.753945984573747e-07,0.00031337090364478117,0.0004722412904010849,0.005116682888076622,-0.00400907808578544,0.006517373912199671
31.52,67,394,-0.00032485716206966987,-5.400071577213164e-06,3.2573098402307752e-06,0.00032491836911506566,0.0006332624097802904,0.005120261256256972,-0.004604427331412537,0.006915117328160509
31.6,67,395,-0.0003064904826467207,-4.966997596625662e-06,2.5371181064116975e-06,0.0003065412272214466,0.0005090045823318891,0.005245417721124659,-0.005273510098356336,0.007455427653152415
31.68,67,396,-0.00030153834750516767,-6.896666660426001e-06,8.565868250069659e-06,0.00030173881607451473,0.0008924627602456566,0.005197299401709272,-0.005986592306027549,0.007977950757432706
31.76,67,397,-0.0003049083965295414,-8.481579193952418e-06,3.789276618738459e-06,0.0003050498747371201,0.0009614295734472543,0.005028609823252655,-0.005881559378932668,0.007797692242396009
31.84,68,398,-0.00032034607042330396,-7.401333526319844e-06,8.463883327580496e-06,0.00032054332296056824,0.0015024372227740435,0.004917974395310767,-0.005438725458042693,0.007484886396550785
31.92,68,399,-0.00032459050224413667,-5.207613049848435e-06,9.877967692315336e-06,0.0003247825235854113,0.0018500699941990976,0.005064698488730839,-0.006273282459044282,0.00827212201168122
32.0,68,400,-0.00032633488542154675,-2.588738082885331e-06,4.0309121579438985e-07,0.00032634540212860984,0.0018653649314892679,0.005200154308331898,-0.007145146171078837,0.009031849476390498
32.08,69,401,-0.0003120586361848107,-3.3203160784559586e-06,2.3648303605263547e-05,0.00031297101971235555,0.001572024904191511,0.005054866420257902,-0.005504795821609905,0.007637127330591204
32.16,69,402,-0.00031326908809554147,-5.7222852023660255e-06,2.1479455418649538e-05,0.00031405673549413186,0.0019395308061720342,0.005206624546127233,-0.005663946402407288,0.007934167112039385
32.24,69,403,-0.0003115610790804824,-8.998818728041949e-06,2.789074253725284e-05,0.00031293638052417954,0.0019935331687344422,0.005043988323143679,-0.006346206417492429,0.008348073346124616
32.32,69,404,-0.00032429079261419864,-6.807173678132114e-06,3.430027793139016e-05,0.0003261707602682988,0.0022765907192269924,0.0050247577885193535,-0.007514084672095359,0.009321615986274848
32.4,69,405,-0.00031991230113827084,-7.752764442348472e-06,2.7700395439079582e-05,0.00032120289177335186,0.002223242143984803,0.005387595544130951,-0.008225197555057545,0.01008081674258859
32.48,70,406,-0.0003247390003917055,-6.608029846190906e-06,1.5956432276131436e-05,0.00032519792767610775,0.001380913948943559,0.005427459724530525,-0.005901051925711188,0.008135518190363018
32.56,70,407,-0.0003229426057734544,-7.95362996882234e-06,9.934350391886777e-06,0.0003231932520507483,0.0014726948793847656,0.005313377037890017,-0.005986262293748578,0.008138558963606456
32.64,70,408,-0.0003322624873544425,-8.264816280632337e-06,1.7443312287807798e-05,0.0003328226807696309,0.0019437334368945993,0.005403340062706688,-0.006470446635486929,0.008651061389773935
32.72,71,409,-0.0003205899447441185,-4.743153803365897e-06,-1.3129362539854475e-06,0.000320627718671743,0.0015152036749059518,0.005403426711903032,-0.005495872413392865,0.007854774089154215
32.8,71,410,-0.00031855371584575546,-4.3129147577367966e-06,8.136082670761702e-06,0.0003186867850320613,0.0017574013019496485,0.005639522996572745,-0.006206611581231944,0.008568238225285853
32.88,72,411,-0.00031758670415919674,-7.11941855758748e-06,-4.026480047024988e-06,0.0003176920101621512,0.001838042675798211,0.005600925710643166,-0.004086760295774185,0.007172891983664289
32.96,72,412,-0.00031813887991178345,-5.838898952176543e-06,-8.196040715546802e-06,0.0003182979967513286,0.0018852691808262073,0.005629844371611254,-0.00448853510141333,0.007442871414269872
33.04,72,413,-0.00031912322541718615,-2.808775436128038e-06,-1.7317789296646583e-05,0.00031960511267225037,0.002053075208048907,0.005812576427921806,-0.004959143939272202,0.00791165413493016
33.12,72,414,-0.0003179921608248098,-3.882377380204077e-06,-1.113080822778901e-05,0.0003182105939342024,0.002611060258573933,0.005838349969779554,-0.005667854232234436,0.008545673621276844
33.2,73,415,-0.0003193093084366853,-2.8817139747207356e-06,-7.5841750047402e-06,0.0003194123642570038,0.001987661250105831,0.005702381817862462,-0.004352312635183266,0.007443828377672109
33.28,73,416,-0.0003186832499407063,-3.6351410978412626e-06,-1.0333436456840996e-05,0.0003188714599216736,0.002217688950591911,0.005510282826331289,-0.005298771937571348,0.007959795547257016
33.36,73,417,-0.0003182858853042902,-5.141774886489591e-06,-8.088762504943271e-06,0.00031843016614601776,0.0026952780241178654,0.005668600413561583,-0.005895443643476206,0.008611260652734144
33.44,73,418,-0.00032333856437937207,-3.616558365028778e-06,-8.464673057056461e-06,0.00032346956178176,0.0027184521388578273,0.005771433564596496,-0.006625857900004813,0.009197903039979704
33.52,74,419,-0.00031470044264042015,-1.6414892435533303e-06,-6.0853722163959365e-06,0.0003147635538623002,0.002406557143905651,0.005694715579297512,-0.005601060172604522,0.008342252565890926
33.6,75,420,-0.0003280048423621961,-2.111654772984004e-06,-2.1735392157678785e-05,0.0003287309887600764,0.0013874124670574795,0.005789329958798355,-0.0038690344498312043,0.00710004804910272
33.68,75,421,-0.0003246828469678918,-1.2633403844600539e-06,-1.6394240188794868e-05,0.0003250989361032582,0.0018371142337405744,0.005442268345875093,-0.004290474279099797,0.007169479966911349
33.76,75,422,-0.0003242115714754098,-1.6069977758375385e-06,-2.194957199131985e-05,0.00032495770375697887,0.001973722274798902,0.005370988963331889,-0.0041231363174849475,0.007052896933518429
33.84,75,423,-0.0003288987507471876,-2.5041105547986515e-06,-2.370816946626481e-05,0.0003297616352946055,0.0018165967079475612,0.0056957672354547104,-0.005134255599845729,0.007880505603345038
33.92,76,424,-0.000328778900289392,-1.2980962387889767e-06,-3.911125133247724e-05,0.0003310995927362933,0.0014449000995062522,0.005580900579934371,-0.0037907090196901035,0.006899540742152689
34.0,77,425,-0.0003209448278874345,4.438190500357535e-07,-4.0738111426054705e-05,0.00032352028258766984,0.0016740721583274015,0.005332091134753214,-0.0035406701180766627,0.006615894372315945
34.08,77,426,-0.0003229743373727277,-3.145829907936763e-06,-4.058194928761753e-05,0.00032552912842807934,0.0015307070682171972,0.005690539696977496,-0.004526952236929403,0.007430922064387901
34.16,78,427,-0.0003238115753556977,-6.445238061092962e-06,-5.01253269390294e-05,0.0003277316369054831,0.0009228250408266065,0.005746714978951409,-0.0028737225095963456,0.0064911185605750436
34.24,78,428,-0.00033068826662950384,-8.814503610004584e-06,-5.171123599668355e-05,0.0003348230534007796,0.0012838206392436807,0.005743880161974198,-0.0031457650797774525,0.0066735442372112905
34.32,78,429,-0.0003325554807520002,-6.973318144290365e-06,-5.705868274108901e-05,0.0003374869897052088,0.0018295524187087347,0.005792386141119432,-0.0039062223349831207,0.007222019952267954
34.4,79,430,-0.0003370600638469572,-3.96005267633589e-06,-6.078557073207005e-05,0.0003425201516216786,0.001510470950284174,0.005775403506844178,-0.004065940036307112,0.007222788695328522
34.48,79,431,-0.0003289739680094267,-3.0560416024265857e-06,-6.17865742463436e-05,0.0003347398867407976,0.0018217356549787142,0.0058226593387525425,-0.004414084943309679,0.007530353806995799
34.56,79,432,-0.00032846048682149873,-2.1307068229697847e-06,-6.122887642435205e-05,0.0003341254354621479,0.002426375375627977,0.0057074134110707145,-0.004672053493992055,0.007764660273253881
34.64,80,433,-0.00033283670212960086,-8.979242182244825e-07,-6.121126434808252e-05,0.0003384197030840568,0.001919000179623263,0.005731843342269612,-0.0045574322343974304,0.007570124065088983
34.72,80,434,-0.0003300671892206865,-1.1972863168882024e-06,-5.705564355774938e-05,0.00033496437027892686,0.00235074237183782,0.005883694159450762,-0.005212711220185882,0.0082046453260187
34.8,80,435,-0.00032941707697324465,-1.9011125791902115e-06,-6.042426814547364e-05,0.000334918373654763,0.0026138425141859923,0.005818121053426237,-0.005834400214303236,0.008644242658668798
34.88,80,436,-0.0003294321435459095,-4.1163628148294605e-06,-5.938341429537178e-05,0.0003347668913400066,0.0027067707140104786,0.005793911558393605,-0.006149523912364324,0.008872015734513348
34.96,80,437,-0.00032709475219874415,-3.7928599577496018e-06,-6.127231090314762e-05,0.0003328057373093633,0.0029780543126142187,0.005770347207450378,-0.006803360311079283,0.009404861822790345
35.04,80,438,-0.0003341309080147421,-4.241962427152272e-06,-6.198455964705036e-05,0.0003398581227080326,0.0032003670148261034,0.005910905752859958,-0.007551780186262985,0.010109922839983207
35.12,80,439,-0.0003360706794547803,-3.958627286509717e-06,-6.392877662187316e-05,0.00034211995089377723,0.0035101027488346273,0.0058258242751115736,-0.007827134403514794,0.01036943020433334
35.2,81,440,-0.0003310410212773421,-5.0238963537704486e-06,-6.774818824840547e-05,0.0003379396607589297,0.003525851171906188,0.0057698621170407935,-0.006162489373114343,0.009148727267212742
35.28,81,441,-0.00032757480361946385,-3.6222975594681095e-06,-6.641631968720517e-05,0.00033425963041733395,0.0038234889902804734,0.005635472658515051,-0.0066138040893559975,0.00949315672872037
35.36,81,442,-0.0003339302121937725,-4.262616554483988e-06,-7.300376328996687e-05,0.00034184368645649434,0.004058186662001332,0.005669394050712178,-0.007011816492150919,0.009888198946496564
35.44,81,443,-0.0003299563406197168,-6.827361163217476e-07,-6.191481166428631e-05,0.0003357157975835858,0.0047412293227128335,0.005890411624085643,-0.008102798150839594,0.011082939252065077
35.52,81,444,-0.00032979839850203277,-2.7462739585681758e-06,-6.780632352491533e-05,0.00033670791969469117,0.004872696246438159,0.005845143067275934,-0.00881968467521971,0.011648849898478468
35.6,81,445,-0.0003275865066432444,1.1899894264196392e-07,-6.317582633896603e-05,0.0003336227188443316,0.005294845109086802,0.005654121032456583,-0.009088256140806324,0.011941560578910621
35.68,81,446,-0.00032723267620497613,-2.4601177682095454e-06,-5.822303690552426e-05,0.00033238110443014994,0.005360000882422557,0.0056433395119704745,-0.009326020272079953,0.012147079666412992
35.76,82,447,-0.0003348747365799358,-1.3435828015619368e-06,-5.578820202523713e-05,0.0003394925888726214,0.004210621790864134,0.0056795635745005004,-0.008043873489828253,0.01070937341691168
35.84,82,448,-0.000329436535864345,-3.568849696336597e-07,-5.504974291683745e-05,0.00033400453997571843,0.00471485393086171,0.005841502049154525,-0.008770671567631831,0.011544594991895732
35.92,82,449,-0.00033375124684423523,-3.605927712181151e-06,-5.760548556709222e-05,0.000338705313587147,0.0049193501102195785,0.005898823415719146,-0.00954358747318005,0.012250558560938887
36.0,82,450,-0.0003299054799875291,-1.1613260145112603e-06,-5.712644878782396e-05,0.00033481697321823727,0.005305562341391072,0.005689927544804691,-0.009815995200837991,0.012525095967951252
36.08,82,451,-0.00033066779975869437,-3.4893877018550626e-06,-5.826657229491927e-05,0.0003357802303155874,0.005276498228788787,0.0057886898100930305,-0.009946928765510097,0.012660638022707163
36.16,82,452,-0.00033417184764402997,-9.233171209649657e-07,-5.4009107541453143e-05,0.00033850946806515605,0.005855450917348567,0.005651803269471367,-0.010664121711037367,0.013414644143998154
36.24,82,453,-0.0003317764847903008,-3.408630305371351e-07,-5.663200192927453e-05,0.0003365753046346859,0.0060754308895499326,0.0060900271848310945,-0.011300154282180478,0.014201858273013467
36.32,82,454,-0.00033197076744245486,-2.4735948857289806e-06,-5.285640372567503e-05,0.0003361614322357678,0.006280986621575626,0.005813544226435287,-0.011588305537703512,0.014406141560053508
36.4,83,455,-0.0003290936295198826,-5.119935814617319e-06,-8.540170837325033e-05,0.00034003276684223423,0.004417950019453244,0.005910096867440658,-0.00790894159423302,0.010816602262166615
36.48,83,456,-0.0003294290615844669,-2.6510176900252866e-06,-7.453765719841054e-05,0.0003377667787865513,0.00449246148395659,0.005813540297243985,-0.008783055123534432,0.01145083046226594
36.56,83,457,-0.00033147271280849444,7.568843606657636e-07,-8.259918672210001e-05,0.0003416099498810162,0.00473603694898898,0.006025736937950154,-0.009643872415519691,0.012318434429520147
36.64,83,458,-0.0003300154937080508,-3.1594345675807206e-06,-8.178125621278498e-05,0.0003400123262205306,0.004902246907275195,0.00605167194253252,-0.010294290948881202,0.012908415246657584
36.72,83,459,-0.0003311391826505469,-2.195930314502498e-06,-8.074353237557579e-05,0.0003408482043621531,0.005418592000485323,0.005704060242501671,-0.010577947511121124,0.013182959306083188
36.8,83,460,-0.0003283728154073102,-2.1167578850001413e-06,-8.158172534444041e-05,0.0003383618838945114,0.005626974278208876,0.0058805630563656,-0.010961788321050246,0.013653009359955401
36.88,83,461,-0.0003342744397421632,-3.0313629375845176e-06,-8.271583776885842e-05,0.0003443697141793984,0.005845726940754128,0.005837953471361302,-0.011267576533138982,0.013971846876121366
36.96,83,462,-0.0003314943448793665,-3.8720655186839234e-06,-7.769713753469019e-05,0.00034050013033692944,0.006020354890177406,0.005861698637920709,-0.011450327148620347,0.014202611581533752
37.04,84,463,-0.0003302995643584629,-2.3529912821824993e-06,-9.483203302695483e-05,0.00034365164523306136,0.004415245511454431,0.005981231764612843,-0.00870466552022309,0.01144730222224402
37.12,84,464,-0.0003304443466133863,-4.593733318143814e-06,-9.985245728114743e-05,0.0003452319246819874,0.0045006316366994915,0.006116117289989683,-0.009321758596497762,0.012023217504709421
37.2,84,465,-0.00032871955449035266,-6.76222179191999e-06,-9.639462725025931e-05,0.0003426283661791818,0.004962153893595603,0.006114101270321874,-0.00980658723300196,0.012576738796920074
37.28,84,466,-0.00033742704519340057,-5.397516653032201e-06,-0.00010642318569853608,0.00035385313121151556,0.004847735356161262,0.006032745688906658,-0.010283978344436296,0.012870694201138979
37.36,84,467,-0.00033074303216161814,-5.43596119557376e-07,-9.771998160075882e-05,0.0003448774327558343,0.005309630803287406,0.006155391004835007,-0.011069506266845514,0.01373371714727496
37.44,84,468,-0.0003278340416833221,-2.860485878159028e-06,-9.621686154880158e-05,0.0003416738586901002,0.005802381610153039,0.006141697848702347,-0.011293220075127914,0.014104074038371656
37.52,85,469,-0.00032204661471973094,-2.1100017991294033e-06,-0.00011354471405691452,0.0003414833469589661,0.003990138002853661,0.00632673726462886,-0.00771145915407873,0.010743156332404602
37.6,85,470,-0.00032210435164498665,-2.6396498021247156e-06,-0.00010795198972568515,0.00033972314196334863,0.0040746006428024105,0.00638608042701409,-0.007843959557327905,0.010904682258351872
37.68,86,471,-0.0003242322738915811,-2.7370019806829874e-06,-0.00012466545232948662,0.00034738384190584196,0.0024208847537876533,0.006291966548127457,-0.005387802960485177,0.008630060647231241
37.76,87,472,-0.0003241412887299932,-2.5457879258821327e-06,-0.00013332960981837,0.000350500843009005,0.0012888257286922228,0.006405446393408325,-0.0031297562776142402,0.007244735303310433
37.84,87,473,-0.000326500911560307,-1.0779409734119671e-06,-0.00013339528813053386,0.00035270144612955834,0.0015565758142996717,0.006396128699814238,-0.00367803791612524,0.007540646757586842
37.92,87,474,-0.0003236352101689324,-2.1439045393429975e-06,-0.00013021999467438026,0.0003488575534523489,0.0016285298566481056,0.006306767072548446,-0.0038554994729690425,0.0075691674963261416
38.0,87,475,-0.0003285657390204027,-1.585436643024578e-06,-0.00012607672069137195,0.0003519279726984808,0.002017387809578501,0.006375396027368355,-0.00419824186237099,0.007895616683640638
38.08,87,476,-0.00032347464794628324,2.779337754793582e-07,-0.00012205108953929085,0.00034573457097733724,0.0024037516450324628,0.006597316711827356,-0.005169896488302294,0.008719543535467507
38.16,88,477,-0.0003191844828566615,-2.867553016611299e-06,-0.00013192285426122296,0.0003453847078739957,0.0019171662193487044,0.006502109262865061,-0.004680364550279298,0.008237643079325455
38.24,88,478,-0.0003183255066463523,-1.3923571932928447e-06,-0.0001341869184471621,0.00034545505629901546,0.0022580217597368713,0.00638908678659889,-0.004989260006252165,0.008414975201634587
38.32,88,479,-0.0003179471692079368,-3.06209674134036e-06,-0.00014102416458418443,0.0003478327095608762,0.002267289427193979,0.006583118324971471,-0.0052739561132224295,0.008734567036289609
38.4,88,480,-0.0003241831174188246,-3.588290984519396e-06,-0.00014070522186318568,0.0003534197630455112,0.0025479783516592328,0.006668693121999538,-0.0057894327362961,0.00919136513495275
38.48,88,481,-0.0003226019842557909,-2.4006870524787475e-06,-0.00012318923747077246,0.00034533084393480965,0.0025528665426715605,0.006623110766900762,-0.006597083959203177,0.009690420041469024
38.56,89,482,-0.0003179840237769337,-1.128877444608896e-06,-0.0001335141337878236,0.0003448784389647566,0.0022986797210040313,0.0064039270828763345,-0.00607736302202348,0.009122968368026414
38.64,89,483,-0.00031538695776786493,-3.4550530313962223e-06,-0.00013572603490139148,0.00034336922848673046,0.0027534049560535125,0.006501874328319084,-0.006425846117507853,0.009547099400297744
38.72,89,484,-0.0003201891540169459,-2.032658069760796e-06,-0.00013673369839147987,0.0003481685372412738,0.003099094929902997,0.006356459623109539,-0.006791888827101296,0.009805035551413148
38.8,90,485,-0.0003163486668171148,-7.513705908423276e-07,-0.00014617492989815937,0.00034848838386015464,0.002242754492689695,0.006530985742504571,-0.004838740379790233,0.008431911464566639
38.88,90,486,-0.00031146954364011175,-2.6565791578067326e-06,-0.0001437092844450544,0.00034303453538078456,0.0023738736576872227,0.006548055680320156,-0.005729647122865847,0.009018933722330997
38.96,90,487,-0.0003158452487148445,-4.629859910648101e-06,-0.00014045608744712675,0.00034569866826397977,0.0027351886865750884,0.006657751027990493,-0.0063354560981101924,0.009588790845198284
39.04,90,488,-0.00031348609133880796,-1.8672936029935688e-06,-0.0001423864083735323,0.00034431222101139185,0.002978924270957415,0.006718170552696396,-0.00639815933439319,0.009743933920932493
39.12,91,489,-0.00031592546604840456,-1.5744637887023257e-06,-0.00014872804432528678,0.00034918678411839703,0.001983198513286933,0.006511222768861077,-0.004179251483975188,0.007987192326164884
39.2,91,490,-0.00031454089334425624,-1.1886565549257427e-06,-0.00015104315321464872,0.0003489289621444918,0.002469908759683859,0.006577766482329861,-0.005024411968482741,0.008637834034424245
39.28,91,491,-0.00031301473728936137,-2.6184758940599924e-06,-0.0001577868013276377,0.0003505449426957164,0.0027328719730164023,0.0065946780257965685,-0.00547363306431246,0.008995500342257639
39.36,91,492,-0.0003103808070384858,-4.423735342285027e-06,-0.00015798707938624625,0.0003483040798860048,0.003012807526768984,0.006512951092750265,-0.006015466735265093,0.009363833679267995
39.44,91,493,-0.00031101632939909253,-5.805071339154629e-06,-0.00015421426649656498,0.0003471986405463176,0.0029756003718697543,0.006604687641588526,-0.006547620051298311,0.009764600593582275
39.52,91,494,-0.0003156616244430953,-6.820147925988956e-06,-0.00014875538882316267,0.00034902283774520604,0.003250069506591361,0.0065965837397979135,-0.007042288444574648,0.010181929845094731
39.6,91,495,-0.0003120681548065141,-3.886797769539253e-06,-0.00014768887817158735,0.0003452732905639035,0.0035188642926768984,0.006729526522452888,-0.007727966197492449,0.01083468479819599
39.68,92,496,-0.00031320398150533747,-5.497469136326056e-06,-0.0001440337491479661,0.0003447791714870837,0.002795259613088167,0.006880929244251216,-0.006829745136132893,0.010089900009092476
39.76,92,497,-0.00031433204758616993,-3.9797957782785435e-06,-0.00015195406183242656,0.00034915685847699445,0.0031211391156154566,0.006826704044851198,-0.007102115550343206,0.010333704214145057
39.84,92,498,-0.0003163762994652456,-3.91798399481754e-06,-0.00015825437944993676,0.00035377077617716106,0.003311251663417222,0.0068283433220495135,-0.007154774938449014,0.010429835306567386
39.92,92,499,-0.00031576112242974187,-1.1220984850507308e-06,-0.00015010660985645042,0.000349625999985266,0.0036085369382293595,0.006960786135380937,-0.007821824772866295,0.011074972922517783
40.0,92,500,-0.00031465977551163,-1.8270293897508424e-06,-0.0001488792505877452,0.000348107948224382,0.003987270685293155,0.0068643135594679446,-0.008577152496336702,0.011686944558177238
40.08,92,501,-0.00031367716751811,-3.86527654524139e-06,-0.00015161951364200024,0.0003484204108573324,0.003881271843110743,0.006956657044451394,-0.00934306779792082,0.012278121364068056
40.16,92,502,-0.0003153028038285678,-3.4750841015728507e-06,-0.00014783437005392764,0.0003482569960257955,0.004087240367948315,0.0069505076345407184,-0.009655122296765375,0.012579208113736372
40.24,92,503,-0.00031108190400344296,-1.4424660010398118e-06,-0.00014554636536693016,0.0003434498160985028,0.004416739326373353,0.00697065757912195,-0.009793937656401533,0.01280698513234021
40.32,93,504,-0.00031377388750298234,-4.987876484202835e-07,-0.00016542736968988778,0.0003547118773178694,0.003286374707421317,0.006885913342387,-0.008279208288238471,0.011258834360469046
40.4,93,505,-0.0003148743783760219,-2.3091701873774766e-06,-0.00015997007343529932,0.00035318781238816204,0.003535580485991738,0.006859563180656719,-0.008867613163338452,0.011755360463080674
40.48,93,506,-0.00031637333433144757,-2.9994052171456573e-06,-0.00016274783437733538,0.0003557919907785547,0.004060012617714952,0.006791096745458147,-0.009173407151155586,0.01211421050762489
40.56,93,507,-0.00031508008443108883,3.199134251561326e-07,-0.00016229920861805588,0.00035442431500639016,0.004352521314939442,0.006972313021468458,-0.009175594348614877,0.012318649370636136
40.64,93,508,-0.0003186391609663063,2.2458774240294575e-06,-0.00015562863857628473,0.00035462125149492,0.004452306387602229,0.006830391635606631,-0.009857676381523588,0.012792617625321903
40.72,93,509,-0.00031530754358390735,-1.3077813032694793e-06,-0.00014553373950736538,0.00034727600934681985,0.0048648802866468385,0.006942900690330014,-0.010913512772766282,0.013819395473048841
40.8,94,510,-0.00031739789984712837,5.008721876063124e-07,-0.00016114862328857812,0.00035596426293677306,0.003458650982708715,0.007098947977080325,-0.007829657348021817,0.01112029060721512
40.88,94,511,-0.00031504985200899436,1.6166040734676303e-06,-0.00017150781953607268,0.00035871152033582315,0.0035433049786196815,0.006957079602333281,-0.008164686746566336,0.01129681709306957
40.96,94,512,-0.00030985075708407395,4.1015736610720875e-06,-0.00017822416002815711,0.0003574747065035695,0.004127256445340469,0.006960860819083363,-0.008319287938499866,0.011605963161751104
41.04,94,513,-0.0003151404338124723,6.492724066639371e-06,-0.00018350991953998712,0.0003647348887327497,0.004125091281407669,0.0069256091799361486,-0.00916665596112857,0.012206884209447362
41.12,94,514,-0.0003058516975097674,7.11910367686777e-06,-0.00016833698524483295,0.00034918946591798466,0.004682251569851414,0.007054609282851167,-0.0098377435608585,0.012979683750626544
41.2,94,515,-0.000306574876299535,3.194559317503338e-06,-0.0001659006649064576,0.000348599183309016,0.004889593281058186,0.006954726244023355,-0.010419111015343329,0.013447461244916277
41.28,94,516,-0.00030750722418169035,7.0463863105839594e-06,-0.0001614272692866734,0.0003473745928436887,0.004870127480530263,0.0068896052316872805,-0.010588098759688866,0.013538561122587353
41.36,95,517,-0.00030820859481815206,1.5323385964299795e-06,-0.00016303932665998785,0.0003486785167157509,0.003388470215337514,0.006995475370344893,-0.007652213520455232,0.010907555996646057
41.44,95,518,-0.0003059782632360016,1.2246500444418496e-06,-0.00016818172193272795,0.00034915510727026274,0.003449970622870329,0.006870756088925696,-0.008191727753551058,0.011234499994235456
41.52,95,519,-0.0003035754295830268,-4.496889498994566e-07,-0.00017006247895684615,0.0003479647832979922,0.003467323558724176,0.006796215112052193,-0.009099876544720858,0.011875126342036581
41.6,95,520,-0.00030409781207291436,-8.198680632686276e-07,-0.00016399104922478679,0.00034549850320518197,0.003763684737166715,0.006836445804187117,-0.009740874252844095,0.01248146406653043
41.68,95,521,-0.00030235723265198877,2.139821106165061e-07,-0.00016755298930002085,0.0003456789639950418,0.003847678323044505,0.0069873507743851366,-0.009931318112895236,0.012738083795510537
41.76,95,522,-0.00031213099391326265,-6.294495765535186e-06,-0.0001718840029047633,0.0003563839060518702,0.004028719829201326,0.0070249223180600725,-0.010299450103564062,0.013101862061279085
41.84,96,523,-0.00030808264198658856,-5.354653136211675e-06,-0.0001732005810217391,0.0003534713961127741,0.0027502536784579116,0.007160777515698385,-0.007937709455107115,0.0110384718742632
41.92,96,524,-0.00030910916314582504,-6.66933508100254e-06,-0.00017292584901629842,0.00035425457517037457,0.0027959094456570096,0.0072206056483637635,-0.008660168209588143,0.011616917361152996
42.0,96,525,-0.0003074249572434652,-1.1806250586941282e-05,-0.00016846550121340584,0.00035075649243905966,0.0031988984042010684,0.0071814565720336645,-0.009051535731846938,0.011989018667151517
42.08,96,526,-0.0003106366842980033,-1.0555212740225914e-05,-0.00016839247592223227,0.00035350047821024,0.0031235067173614713,0.007187444167239309,-0.009280591727541202,0.01214681154393575
42.16,96,527,-0.0003154258382044581,-1.0248221561657814e-05,-0.00016636866404254972,0.00035675904729588087,0.0033097837123508863,0.007239899970464804,-0.009848088729600062,0.012663161983918363
42.24,96,528,-0.00031319811860197714,-6.948644931802492e-06,-0.0001695732802215436,0.0003562252693553625,0.0033968212109080193,0.007229232715648498,-0.010313064831410127,0.013044520160310442
42.32,96,529,-0.00031169596650283064,-3.715675012969166e-06,-0.00017126302798886625,0.000355667269411807,0.0035810120824186875,0.0071862049601804055,-0.010346734580590572,0.013096568472135701
42.4,97,530,-0.00030670023577684095,-4.305015706602161e-06,-0.0001902550196476159,0.00036094395726610885,0.0022583358046534075,0.007433503487869808,-0.0073902436636885645,0.010722534967042128
42.48,97,531,-0.00030686928862160755,-3.979999841328626e-06,-0.0001801745128139056,0.0003558756183915902,0.0026766288480402924,0.007339098636139709,-0.007790437424583852,0.011032571144003828
42.56,97,532,-0.00031329879654695675,-1.4500856153455038e-06,-0.00018388295704960408,0.00036327837887681916,0.00262789624465832,0.007355345087844235,-0.008322228999999879,0.01141343224286203
42.64,97,533,-0.00030997343452562307,-4.105797243765377e-06,-0.00018434454415291418,0.0003606706234801545,0.0025975268355873378,0.007534750804115013,-0.009298104315079153,0.012246401887730199
42.72,97,534,-0.0003101950472873431,-4.864090298132812e-06,-0.00018746692904130126,0.00036247548361261855,0.0026599257389328924,0.007258252926971521,-0.009681674779248655,0.012389199611745217
42.8,97,535,-0.00030751787057746736,-7.695708182871146e-07,-0.00019264531626691372,0.0003628774598171172,0.0028782437313110212,0.0073984588157573715,-0.01037988024047755,0.01306764682840585
42.88,98,536,-0.0003088109463893401,-8.834251013572597e-07,-0.00019930357513027198,0.0003675416930220265,0.002200038919971288,0.00774025062692803,-0.0075900597181803,0.011061675168915033
42.96,98,537,-0.0003076700515339759,-3.520550068563224e-06,-0.0001944363865078392,0.00036397632241937176,0.002632195005944555,0.0076162960150366705,-0.00826358234761905,0.011542235864591579
43.04,98,538,-0.0003058119198026206,-1.9634379116680957e-06,-0.00019795121180733,0.0003642931067667735,0.002977457299283498,0.0074834931316041095,-0.00859289750474518,0.011777343034270438
43.12,98,539,-0.0003052706243297981,-3.5684231362793376e-06,-0.00020284360221702586,0.0003665356935999048,0.002983338016334828,0.007686726281060272,-0.009269545452535678,0.012406068657567399
43.2,99,540,-0.0003122022327198847,-5.456777439711368e-06,-0.00019744464976745869,0.00036943795183643765,0.0021514136134559957,0.007644353156856069,-0.006200736013500238,0.01007540782460035
43.28,99,541,-0.00031360531080154656,-4.702880641290662e-06,-0.0002081598079774185,0.00037643181813770286,0.002363644866121375,0.007401159092143145,-0.006931163162532339,0.010411771979158994
43.36,99,542,-0.00031141179199369664,-5.620351755290921e-06,-0.0001981192394426142,0.00036913429207254434,0.0029533107657952417,0.007666480558340441,-0.007398475745202043,0.011055967256785676
43.44,99,543,-0.0003107508199522384,-4.666671253363718e-06,-0.00019884574607863207,0.00036895457803792504,0.0031119085288408076,0.00753315231676218,-0.00799625909111541,0.011418078558656768
43.52,99,544,-0.0003079450262856914,-2.2888251339698616e-06,-0.0001982824805075841,0.0003662667334209176,0.003379473630132954,0.007530052076191828,-0.00819535011165537,0.011631263462734156
43.6,99,545,-0.0003076677495985183,-1.1744210770947072e-06,-0.0001985598252126858,0.0003661786826077881,0.0033952694322305645,0.007641099982347058,-0.008812102841795373,0.01214773311988873
43.68,100,546,-0.0003151509088805632,-5.074646037451074e-06,-0.0001998965982149163,0.000373235177037945,0.0027314832077758085,0.007933424520273463,-0.006440732455134086,0.010577488345153352
43.76,100,547,-0.000311633304482716,-3.6477763881814064e-06,-0.0002041416485132706,0.0003725619886584125,0.00321488065722781,0.007731537781435952,-0.007039155058634078,0.010939005349915631
43.84,100,548,-0.00031059965005762464,-3.03615446671982e-06,-0.0001963690143444144,0.0003674808167026702,0.0032637671684724516,0.007540275444834282,-0.007431996079882457,0.01107892123111983
43.92,100,549,-0.0003115728887367541,-5.088601351237498e-06,-0.00019391349923143585,0.00036702316554089286,0.0034636032108722116,0.007641240004813815,-0.007745535147725449,0.01141833660119466
44.0,100,550,-0.0003206726106883445,-5.029419484283012e-06,-0.0001918812558109115,0.0003737306980134223,0.003612717582173757,0.007248213129739398,-0.008351231853951379,0.011633202284028511
44.08,100,551,-0.00031330088485251724,-2.468586047932285e-06,-0.00019059343088030151,0.00036672795674882845,0.0036273613897394984,0.007625874088974504,-0.009226141660003446,0.01250733369680032
44.16,101,552,-0.00031782982403910523,-2.6874044306059823e-06,-0.00019479825105662247,0.00037278596782338945,0.0028381468884147503,0.007650491736233457,-0.007437322204473026,0.011040781817405063
44.24,101,553,-0.00031316548629260326,-1.6371558819938379e-06,-0.00018881530786709426,0.00036568637186694587,0.003454889824810378,0.007647044830754897,-0.008041326266699202,0.011622241026267697
44.32,101,554,-0.00031526470644374725,-6.843439817581567e-06,-0.00019031060188142915,0.0003683161590075445,0.003506018298174461,0.007844181093730552,-0.008501337237687711,0.012087020979847337
44.4,101,555,-0.0003207353459137147,-5.7452466844912164e-06,-0.0001920248865221356,0.0003738685959286965,0.0035916301192107534,0.007819911181147525,-0.008811323678330688,0.012316259284318797
44.48,102,556,-0.0003176599572996301,-2.1842985251985255e-06,-0.0002016907874290001,0.00037628684984381276,0.002623629820571989,0.007827950200996558,-0.006584997743983309,0.010560418224338558
44.56,102,557,-0.0003157113504104146,-2.3226163964339174e-06,-0.00020165442780245487,0.0003746245581608713,0.002952441615263808,0.0077371444811175916,-0.007169026531372702,0.010953321761947637
44.64,102,558,-0.00031618914129349056,-5.032969347467562e-06,-0.00020246651609607435,0.0003754911370358153,0.0031376555071668333,0.007704815099168454,-0.007423677434253438,0.011149889884742012
44.72,102,559,-0.0003174817698081847,-6.870166179384359e-06,-0.00019660593274837572,0.00037349132002729106,0.003525406168372296,0.007723706610573968,-0.007857183496767508,0.01156803634849481
44.8,102,560,-0.00031486325890293373,-1.836600126401921e-06,-0.0002021660786524488,0.00037418360234610533,0.003367922087318796,0.007906867262172747,-0.008623364014950688,0.012174722010059015
44.88,102,561,-0.0003163952044447142,-7.733914172697301e-06,-0.00020397808367436188,0.00037652728645279896,0.003758620298890136,0.007708970030505031,-0.009037259236263624,0.01245903286719663
44.96,103,562,-0.00031266275121590053,-4.5175259367287656e-06,-0.00020661894635730507,0.00037479300024451903,0.0026086601525368383,0.007835667532892377,-0.006461101464200129,0.010485639017634848
45.04,103,563,-0.0003114647815443114,-2.8719999255252e-06,-0.00020531196756043895,0.000373057049993103,0.0028453820415980523,0.007831074982678828,-0.006739978446832778,0.010716773946050988
45.12,103,564,-0.00031515869201956763,-2.8100275553834542e-06,-0.0002043235049799088,0.0003756074973927191,0.0028381288428778635,0.007799771235756741,-0.007394146289476439,0.011115970763234836
45.2,103,565,-0.0003131847807198279,-3.815681286118383e-06,-0.00019956535272346905,0.0003713833549122073,0.0033035535344267514,0.007905321566500227,-0.008274737860134692,0.011911291352265024
45.28,104,566,-0.0003086676133307743,-4.673576833368162e-06,-0.00020304556226009447,0.0003694929474201797,0.002652436982030468,0.007911741374907449,-0.006783482113847158,0.010753915710844567
45.36,104,567,-0.00030862382936085734,-5.904547775961986e-06,-0.0002048282623329288,0.0003704566759880638,0.0028124111970999396,0.007796516817172388,-0.007068634161810035,0.010893159327556575
45.44,104,568,-0.00030962638843492693,-5.842196475836431e-06,-0.0002041686971944745,0.00037092787518466113,0.0029740267035590646,0.007974718484231124,-0.007125704382513693,0.011100298765492522
45.52,104,569,-0.0003138860006277446,-4.564476093686015e-06,-0.0002076021397267498,0.0003763560870388776,0.0031937709884632196,0.007903780279199557,-0.007825194021272202,0.011571671326959099
45.6,104,570,-0.0003156565813671424,-3.7161666717766754e-06,-0.00020947744605069276,0.0003788584005390995,0.003501627111300377,0.00780014529157142,-0.008303011667518557,0.011918207153224301
45.68,104,571,-0.00031107774825918626,-4.5178934685504435e-06,-0.00020884088397273224,0.0003747056066326084,0.00391937338109213,0.00788259568548383,-0.008908956764974637,0.012524628261206365
45.76,104,572,-0.0003082940186591375,-2.9058618467735904e-06,-0.00020857688773117148,0.0003722337492352015,0.004119237779194914,0.007939865507392696,-0.009147701151117803,0.01279414008471038
45.84,104,573,-0.0003094038185477274,-5.332377882921869e-06,-0.00019880664306121937,0.00036780869825368785,0.004248494049476106,0.00800883793708355,-0.009314485951499753,0.01299810891366851
45.92,104,574,-0.000308853886593224,-9.124149550432559e-06,-0.00019688728410209973,0.0003663858294337537,0.004380487321331785,0.00799613774051501,-0.00985597459245127,0.013426359264695773
46.0,104,575,-0.00030761557987056385,-1.4395193621154881e-05,-0.0002115579176954453,0.00037361921674095754,0.004322071259404157,0.008071428566688537,-0.010434980545486328,0.013882257671690199
46.08,105,576,-0.0003098507730775192,-1.3744270698953636e-05,-0.0001943437919266147,0.0003660135462168002,0.0035455655872400744,0.007988899141262641,-0.007301166622209911,0.011388616196358541
46.16,105,577,-0.0003087653894758721,-9.547065695292888e-06,-0.0001837851136887837,0.0003594498299000521,0.003915415775097865,0.008027521515923059,-0.007754836266419413,0.011828316359459896
46.24,105,578,-0.0003176524167019835,-5.50795179631694e-06,-0.00020223674551536432,0.00037660735070660443,0.00390700584792266,0.007764241199628924,-0.008481244366564422,0.012144119651382632
46.32,105,579,-0.0003146129567183871,-4.741811902575955e-06,-0.00020118165982597262,0.00037346734471107175,0.004228835048161332,0.008104445363712983,-0.009116154744666849,0.012910048715890984
46.4,105,580,-0.0003108296965228894,-5.090413278850074e-06,-0.00020257099654238435,0.0003710471953647348,0.0048393819825037244,0.008203205529706853,-0.009616611704543978,0.013534822481701302
46.48,105,581,-0.00030852203810922713,-9.270026187748226e-06,-0.00020230521712578234,0.00036905173385435116,0.005206573149501577,0.00804530188651343,-0.009864615098927231,0.013753033027526344
46.56,106,582,-0.0003161244195511787,-1.0546226803138775e-05,-0.0002018935000654392,0.00037524239753128434,0.0045142112861526135,0.008150303597224575,-0.007980879555571625,0.01226784376911854
46.64,106,583,-0.00031264712554345583,-5.642999139502754e-06,-0.00021078167688623624,0.0003771060644710551,0.004507501672031524,0.008290827379234316,-0.008743631926393191,0.012864932538488909
46.72,106,584,-0.00030808443950765377,-5.0909987848956584e-06,-0.00021810221720630285,0.0003775056519916997,0.004619340475842412,0.008381496359603752,-0.009080364501087058,0.013192452657880148
46.8,106,585,-0.0003102425400845586,-6.585692841875091e-06,-0.000208878441776662,0.0003740641769367562,0.005165776259466548,0.00795073745029592,-0.009510032155778917,0.013429079714200645
46.88,107,586,-0.0003079314133217748,-5.2342667476093045e-06,-0.0002064355416801111,0.00037076243839889137,0.0034897765325752417,0.008074419110430607,-0.005762110307073541,0.01051554560681865
46.96,107,587,-0.00030977828700916494,-8.113431606087243e-06,-0.0002049540135779378,0.00037153002914497334,0.0038348276823971872,0.008158447603469551,-0.005898168018679934,0.010772862044453026
47.04,107,588,-0.0003165136100608948,-2.7160119225507457e-06,-0.00021288096590555967,0.00038145320515028795,0.0040385148194455565,0.007845881742419557,-0.006731269563870532,0.011098533786244185
47.12,107,589,-0.00030336803090303804,-6.044688403423464e-07,-0.00019048768045018332,0.0003582151364192428,0.004340353269067281,0.008347027689126804,-0.007403923077171933,0.011972034692400105
47.2,107,590,-0.00030617101504422665,-8.717151201657533e-06,-0.0001868670451512658,0.0003587979539265098,0.004985497304437573,0.008091824503029695,-0.007853639816265164,0.01232933353932854
47.28,108,591,-0.0003195543322965128,-4.476155932773121e-06,-0.00021250401975813645,0.0003837876570120137,0.0030199983595822666,0.00824632987605058,-0.005547253453072594,0.010387221350734265
47.36,108,592,-0.0003213167989171028,-2.8007418698544986e-06,-0.00019846540601895402,0.0003776782318424292,0.0032824201181730806,0.008354451836928962,-0.0056374013980316235,0.010599596306005337
47.44,108,593,-0.00032401829705364766,-3.4546632796851506e-06,-0.00018329407236110503,0.0003722855201141187,0.0038474501299012183,0.00834490419696668,-0.006652001293368905,0.011344135919743318
47.52,108,594,-0.0003196854665998535,-6.582491232439747e-06,-0.00020525795621967276,0.0003799644132513837,0.0042245819313160215,0.008298701262469392,-0.007248790562950827,0.011800868602083401
47.6,108,595,-0.00032033941254293454,-6.655115918843662e-06,-0.00020939200653978396,0.000382761860951431,0.00423212443507906,0.008373311296467408,-0.007725830757454239,0.012153669412748064
47.68,109,596,-0.00031541295830515864,-8.055327412581312e-06,-0.00020512283917893562,0.000376331770807838,0.00334749983595058,0.008437726006935188,-0.005763352790036508,0.010752544382713386
47.76,109,597,-0.00032472399461255563,-6.350406331874677e-06,-0.0002085915638133959,0.000386000571025268,0.0034240325871076694,0.008262291358785118,-0.0063044755192111805,0.010942388643589823
47.84,109,598,-0.00031465317389918376,-6.586464222800348e-06,-0.00020174213113183522,0.000373831364159567,0.003982694121821708,0.008456299180034552,-0.007159706409038601,0.011774219471110374
47.92,109,599,-0.0003152157523690153,-7.340672104030085e-06,-0.00020219008244792182,0.0003745606565681995,0.004368523694451803,0.008394268354927393,-0.007879580464165984,0.012314037874506823
48.0,109,600,-0.00031392276049441354,-7.2477753412507485e-06,-0.0002024706689160017,0.0003736233418499483,0.004385084176716651,0.008313957374371047,-0.007850936328816381,0.012246960916851098
48.08,109,601,-0.00031981215969300084,-6.345482264436676e-06,-0.00020976911428927867,0.00038252210908962925,0.004676167606682742,0.008307555691796007,-0.007940631196495166,0.012407080593630134
48.16,109,602,-0.0003137436309194766,-6.785484395622541e-06,-0.00019989886078022515,0.0003720761525309729,0.004753665990283245,0.008234895658443703,-0.008572429004704927,0.012802241440206353
48.24,109,603,-0.0003124974236725518,-3.2519402808031017e-06,-0.00020164840534556136,0.0003719237748463791,0.0051157755872499894,0.00851316920248884,-0.00945779790738678,0.013714778561328548
48.32,110,604,-0.0003202667109420152,-1.4960048649887477e-06,-0.00020581371496350832,0.00038069973658416505,0.003736209073488485,0.008477416317337652,-0.007285373439701129,0.011785690977375193
48.4,110,605,-0.0003203182737193985,-5.708938481800942e-06,-0.00020608200577684955,0.0003809280529997416,0.0039532241031392315,0.008395717653140738,-0.007216226953614094,0.011755423734045768
48.48,110,606,-0.00032305957065637946,-2.095709776549751e-06,-0.00020968824826642088,0.0003851506713653657,0.004317324369507746,0.008392690175869329,-0.00772886252030422,0.012198846419126781
48.56,110,607,-0.00032133343564058977,3.6607906881256195e-06,-0.00021133910105279442,0.00038462032432367714,0.004309810608538525,0.008491743501099097,-0.008429202566803096,0.012717532428978896
48.64,110,608,-0.00031690746526337883,2.685605156122368e-06,-0.0002102951020380732,0.00038034403367992757,0.004615515702752634,0.008586530622680924,-0.00894604829364529,0.013231147849254318
48.72,110,609,-0.00031474257687118213,2.3242525821510887e-06,-0.00021114479297698689,0.00037901242123032365,0.004978697903601761,0.00856457741145706,-0.00954621736805426,0.013757531940370332
48.8,110,610,-0.000313828131433428,1.5364989594806356e-07,-0.0002115503253972646,0.00037847279937001547,0.005333630761767368,0.008469847086946657,-0.009627522567342171,0.013887948644915587
48.88,110,611,-0.00032412754894548126,-4.595112335249438e-06,-0.0002004732221055627,0.00038114209400716317,0.005371716796390312,0.008498972787086789,-0.01006374312046618,0.01422556871871891
48.96,111,612,-0.0003043997903471998,-6.297751849505013e-06,-0.00018918207236823782,0.000358453275263762,0.0047451808585743036,0.00868271475081906,-0.008202145655548087,0.01285229435468614
49.04,111,613,-0.00030448332858973987,-6.770599178256148e-06,-0.00019080944929459034,0.00035939419074662983,0.005093701515303514,0.008647199200614563,-0.008986318471181013,0.013471220019270841
49.12,111,614,-0.00030208762855464955,-8.533507016906483e-06,-0.0001889371533473127,0.00035640847911177066,0.005016569716057855,0.008560096110436842,-0.009234119620364134,0.013553972934131844
49.2,111,615,-0.0003043872323478306,-4.6584611568926775e-06,-0.0001932150798729244,0.00036056255430510673,0.005246508745214895,0.008616082172397338,-0.009420507940253535,0.013802488756289552
49.28,111,616,-0.00030671353581242466,-4.65189247313373e-06,-0.0001947598365626432,0.0003633541345465173,0.005452323988538091,0.008654890723965037,-0.010247082197393632,0.014478869564986953
49.36,111,617,-0.0003083115534570542,-7.413953725020295e-06,-0.0001919474206857322,0.0003632558230955757,0.005638869178533238,0.008574611626794836,-0.010697254890506746,0.014824036979023217
49.44,111,618,-0.00030437323626511385,-6.839242957414752e-06,-0.0001884785528700971,0.00035806983549404903,0.006156507317815077,0.008575034809817222,-0.01107593551695583,0.015300658545293118
49.52,111,619,-0.00030345737256547086,-4.651007100928811e-06,-0.00018862081644507148,0.00035733152845473517,0.006147426302718468,0.00848556615822554,-0.01129280250404277,0.015405293621618903
49.6,111,620,-0.00030427029363982024,8.516530547814409e-08,-0.00018540612651923345,0.0003563086451317982,0.0060602812563346105,0.008439097706210253,-0.011221258841435955,0.015292548152199761
49.68,111,621,-0.0003051798032685861,-3.2555684943139863e-06,-0.00017869555921153882,0.00035366285347941,0.0064057420368895225,0.008506597850308967,-0.01202836343298359,0.016064783375632285
49.76,112,622,-0.0003157783575210518,-5.257837500833161e-06,-0.00020731779018445405,0.00037778867381228315,0.00450341983002078,0.008620613085811578,-0.008647986582598376,0.013014739032093258
49.84,112,623,-0.0003124372578319818,-3.482893404637568e-06,-0.00021683408815523344,0.00038032379943167885,0.004717570063515069,0.00853435155247354,-0.009077539252356761,0.013322625214403461
49.92,112,624,-0.00031228646546822565,-4.1659978916586745e-06,-0.000210887494684294,0.00037684708764602215,0.00500014723587747,0.008471618866465464,-0.00908326696737974,0.013389381516701908
50.0,112,625,-0.00031804419638782437,-7.399328498195297e-06,-0.00020251206743766576,0.0003771180165095257,0.005509886172786177,0.008302893720453251,-0.009769051655653484,0.01395461429137432
50.08,112,626,-0.00031099424157472624,-3.985110706807147e-06,-0.00020381597096104763,0.0003718524565184145,0.00578391218182543,0.00852007630245074,-0.01065853307832094,0.0148205825698018
50.16,112,627,-0.0003111106197203091,-4.859604314497187e-06,-0.00020023043940239682,0.0003700076517048332,0.0056547265466428,0.008545486448655942,-0.011261770165071204,0.015225923230213564
50.24,112,628,-0.0003088496504583584,-6.2510548261907175e-06,-0.0001991342019723163,0.00036753450541390185,0.00580133310806294,0.008410488386879526,-0.01122873266828281,0.015181443214408312
50.32,112,629,-0.00030699747044722457,-8.146851813806253e-06,-0.00019893357094253448,0.00036590761635065623,0.005809306596205726,0.008533254479214256,-0.011165647757888883,0.015206451426582026
50.4,112,630,-0.0003117089719484203,-7.927940328093867e-06,-0.00019873627077203785,0.00036975862498576505,0.006084631592780495,0.008587329471799276,-0.011702422743395707,0.015738858508234962
50.48,112,631,-0.0003109793455663723,-1.2679754058484685e-05,-0.00019803048508758403,0.0003688970080603755,0.00590710034668424,0.008716321218810967,-0.012413190660175887,0.016277450428773214
50.56,113,632,-0.00029632224778020934,-1.4076101948100077e-05,-0.00021682011839237915,0.00036744519988054597,0.004441222320251643,0.008942412169642899,-0.009120271472526083,0.013522963537710656
50.64,113,633,-0.00029581859571165133,-1.439779024408891e-05,-0.0002141443202470029,0.000365477397148958,0.004859241865566833,0.008777003226962603,-0.009519841472873053,0.013830234951830108
50.72,113,634,-0.0002936319253508997,-1.2391118659509632e-05,-0.00021303760062868718,0.00036298521552335765,0.005245977147102996,0.00879682840542201,-0.009843901918264276,0.01420587453129069
50.8,113,635,-0.00029879288814697137,-7.528999141931089e-06,-0.00021490841108605467,0.00036812973391295143,0.005421226329630792,0.008561405042625649,-0.010430232220863329,0.014542252074631137
50.88,113,636,-0.0002968782729408175,-8.012359006842438e-06,-0.00021404213964852423,0.0003660805162617855,0.005647640526751627,0.008606707742145737,-0.010758882692197148,0.014890427074552903
50.96,113,637,-0.0002962079930860712,-7.234773819726583e-06,-0.00021458753075332836,0.0003658405738502924,0.005889194946168066,0.00860307662079391,-0.011274420296674179,0.015356044330597673
51.04,113,638,-0.00029454928826261063,-6.529032833083677e-06,-0.0002142025503425431,0.0003642590342860362,0.005771762141870988,0.008511949343493353,-0.011490837815695279,0.01542095566283571
51.12,113,639,-0.0002971342687578689,-3.810228594351609e-06,-0.0002115663605403206,0.000364778859618388,0.0059870026918659395,0.008424337776084123,-0.011746650850094112,0.01564600506173971
51.2,114,640,-0.00029059299619254393,-3.356501092571616e-06,-0.00021442523481801849,0.0003611561114843644,0.004178752766566877,0.008688259456331568,-0.008645618556835436,0.012949692942109573
51.28,114,641,-0.0002908919228976412,-2.974869011518475e-06,-0.0002073088427528249,0.0003572169046059248,0.004535088966594657,0.008919416251758404,-0.009223367635716725,0.013608582907512717
51.36,114,642,-0.0002904692010556316,-5.496686217102449e-06,-0.0002134670728116176,0.00036051457875656935,0.004447679681466117,0.00879508087389694,-0.009212266674963646,0.013490780534052137
51.44,114,643,-0.00028968837847071204,-3.000747757813723e-06,-0.00021450153809264558,0.00036047090167197574,0.004817553653695406,0.00876319226016865,-0.00961385928066351,0.013871865486058952
51.52,114,644,-0.0003004930926266211,-3.171851347505981e-06,-0.00022190550423415172,0.000373561523937751,0.00502363058319882,0.008750441951899134,-0.010010490385282837,0.014213269023832869
51.6,114,645,-0.00028685174920337796,-3.693345000603973e-06,-0.00020757714625363675,0.0003540986281604813,0.004886608482746239,0.008842831681239876,-0.010344675613158083,0.014459838455109196
51.68,114,646,-0.00028627145393499533,-4.6079697815909835e-06,-0.00019942497201916524,0.0003489167496529925,0.00559682979235075,0.008872573935065445,-0.010865541258021963,0.015103213525191424
51.76,115,647,-0.00027941651930657625,-3.821229686762276e-06,-0.00020967858679501618,0.0003493612783610634,0.0032214007321126775,0.00893711168739985,-0.00706732494976743,0.011840459025541209
51.84,115,648,-0.00028134912137468035,-2.9237785909142386e-06,-0.00021822187015867482,0.0003560711462546535,0.0031475900231092615,0.008811266212676883,-0.007445841469461072,0.011957687502714913
51.92,115,649,-0.0002789548976578454,-7.634125999044145e-06,-0.00020976392247889098,0.00034910602684685705,0.0033562413492067896,0.00890282476935595,-0.007879465769032565,0.01235356732581076
52.0,115,650,-0.0002747963960813311,-4.099032647833638e-06,-0.00021054547930160253,0.0003462069615450812,0.004034811567030494,0.008927160833302125,-0.008688623981138484,0.013094506161390788
52.08,115,651,-0.0002736805010010901,-3.1458770717713994e-06,-0.00021076451673232184,0.0003454455017570319,0.003957051683061292,0.008723265586783758,-0.00884124422826103,0.013035383386143384
52.16,115,652,-0.0002788379414792571,-7.630314142633239e-06,-0.00020878269257846365,0.0003484236387253571,0.004374515168009633,0.008747879771949737,-0.009116679925941356,0.013370700667193767
52.24,115,653,-0.0002824263507752207,-1.1811719931987866e-05,-0.0002027283448135727,0.00034785477160851274,0.004777657538320914,0.00878043034064085,-0.009775022992536119,0.013981167441416715
52.32,116,654,-0.0002759764736605993,-9.525873548471151e-06,-0.00020900125909251727,0.0003463167373709484,0.003047813590160637,0.009022317304835598,-0.007069918487261545,0.01186065447797997
52.4,116,655,-0.0002786210117535551,-9.606309198336576e-06,-0.0002145344452441391,0.0003517768860559194,0.0033322808163355386,0.009063641367553625,-0.007594507266324783,0.012285366534898628
52.48,116,656,-0.00027562709950452395,-1.188517014852911e-05,-0.00021292828842834876,0.00034849678802502946,0.003501075146357934,0.008935696190298935,-0.008178638319471,0.01260929491868945
52.56,116,657,-0.00027552528859917075,-1.21755088657202e-05,-0.0002172966382044657,0.0003511128830572271,0.003784014238277989,0.008955894010729593,-0.008262902294588412,0.01275940263557927
52.64,116,658,-0.0002802184327387284,-1.421938445424877e-05,-0.00021323760621926933,0.00035241287951340706,0.003954690133721453,0.009027086967307986,-0.008908864774839095,0.013285170106004074
52.72,116,659,-0.0002770061835866743,-1.2755524543454446e-05,-0.00020574070790189576,0.00034528881829507045,0.004254980680944389,0.009280289755665246,-0.009518636755628161,0.013958262220989785
52.8,116,660,-0.0002767778610541301,-1.2629555707547187e-05,-0.00020934138719752723,0.00034725971036222216,0.00438685759293714,0.009303531086414029,-0.009983864848008795,0.014334495719064836
52.88,116,661,-0.0002760294331398915,-1.2560354556761155e-05,-0.0002102478094188541,0.000347209089500186,0.0045923110376972385,0.009282035589989267,-0.010238085986954571,0.014562414292865688
52.96,116,662,-0.0002710362516013466,-1.3151087312425597e-05,-0.00020801305938826614,0.00034191085629981655,0.0046841945562916204,0.009201860896291669,-0.010464985657695016,0.014701423312443463
53.04,117,663,-0.000277232177744784,-1.1562536164139034e-05,-0.00022080408086405128,0.00035460656331472634,0.0036445593109016325,0.009310666921993293,-0.00796238741923399,0.012781664387588793
53.12,117,664,-0.00027451800816580746,-1.1589131581668384e-05,-0.00021746298270997272,0.00035040632646580095,0.0038743228700999183,0.00929874992567424,-0.008721492176329037,0.013324471984426796
53.2,117,665,-0.0002754043068021427,-1.2774872873499137e-05,-0.00021659978991984236,0.00035060832644907716,0.004145936910670471,0.009170032687972987,-0.009264405941337974,0.01367872471437492
53.28,117,666,-0.00027241904796185723,-1.362720719874221e-05,-0.00021853406531205307,0.0003495067612654937,0.004341978832667458,0.009363176878752306,-0.009525500232101,0.014044821683378193
53.36,117,667,-0.0002803782972972386,-1.3436077284679776e-05,-0.0002203356656423703,0.00035684775930663345,0.004574825238979958,0.009456611547597346,-0.009844835491749748,0.014397128664736417
53.44,117,668,-0.0002753204624639897,-1.5043326432231507e-05,-0.0002212765555224075,0.0003535406238968768,0.005181734911804473,0.009386729757336778,-0.010103188266186,0.014732124265545805
53.52,117,669,-0.0002759583072705139,-1.4687208018694675e-05,-0.00021812723615806368,0.000352062767961833,0.005371662448933894,0.00945553545283815,-0.010918359303659263,0.01541014205155061
53.6,117,670,-0.0002763625288789383,-1.3817595531267478e-05,-0.00021550799597381458,0.00035072905446124274,0.005430206208654011,0.009211717280283223,-0.011139151321410495,0.015440970399610716
53.68,117,671,-0.000272507038595957,-1.700337750713991e-05,-0.00022227485509397288,0.0003520728790151769,0.005260472351818066,0.009397095610314939,-0.010992380737551675,0.015388645474925326
53.76,118,672,-0.00026694613671923836,-1.503498133956471e-05,-0.00022289932959043324,0.0003480953916745695,0.003894492380654588,0.009210487345138761,-0.008887114528252414,0.013378376309411133
53.84,118,673,-0.0002610574111908546,-1.3498464971149196e-05,-0.0002141936953719671,0.0003379528364008021,0.0044628786704525945,0.009479088079259654,-0.009679127496260917,0.01426379703762001
53.92,118,674,-0.0002624389553424257,-1.2213605640334875e-05,-0.00020983009831641256,0.0003362321335081415,0.004823034775104897,0.00944412152067138,-0.010142908260469066,0.014674184260781622
54.0,118,675,-0.0002613815795717729,-1.548365691200964e-05,-0.0002152126800711215,0.0003389344648072821,0.0046721758471340805,0.009368463870128919,-0.01023769832746015,0.014642670845051947
54.08,118,676,-0.0002604711055215652,-1.1281048204565408e-05,-0.00022234532287307323,0.0003426512825946392,0.005082913379478694,0.009382540991486986,-0.010603268741798878,0.015043184233766011
54.16,118,677,-0.0002603205208376626,-9.883037317775579e-06,-0.0002034245360522306,0.00033052381134175755,0.005128109980945725,0.009229482919557063,-0.01093523275731109,0.015200663880095508
54.24,119,678,-0.0002600997629183125,-1.2782749210793188e-05,-0.0002182417209293057,0.00033977159107514174,0.003530245628690281,0.009750107057738827,-0.0076118858373514665,0.012863437636849924
54.32,119,679,-0.0002598675310848106,-1.302478537157421e-05,-0.00021973477668986172,0.0003405644591454516,0.0036192730138662967,0.009673444987266482,-0.008055533628841522,0.013098331844779645
54.4,119,680,-0.00026193001074705175,-1.5420630561796437e-05,-0.0002163171219077191,0.00034005620654137904,0.004096195124475178,0.009573114258095837,-0.008304451234790271,0.013318680167619527
54.48,119,681,-0.00027170239348966747,-1.3630136810434243e-05,-0.00021638800209634065,0.00034760859987740687,0.004367671461929714,0.009508027903866637,-0.008726348883489679,0.013624548192745453
54.56,119,682,-0.0002639496798060128,-1.2083016491053964e-05,-0.00021068172693637822,0.00033793819379009885,0.004375133462207088,0.009789264619173446,-0.009832424580876277,0.014548129355176399
54.64,120,683,-0.0002594218830453855,-1.4695287520609002e-05,-0.00021403847465271695,0.00033664244163472435,0.002801573402495113,0.00966894425404851,-0.006513793223513941,0.011990279341039635
54.72,120,684,-0.0002577632100753171,-1.3526620243211275e-05,-0.0002138241613640528,0.0003351799724126974,0.002986825544651302,0.009708084351608725,-0.006988043050970554,0.012328859407680404
54.8,120,685,-0.00026067766876807815,-1.4741407673586404e-05,-0.00021967503201859702,0.00034121441321686627,0.0030209025649691615,0.009534277341643811,-0.00718449098958049,0.012314430864387648
54.88,120,686,-0.0002596575975794908,-1.3777138907063519e-05,-0.0002152279502108112,0.000337542513010087,0.0033893702670179326,0.009692294041799348,-0.007759703977082312,0.01287017483997756
54.96,120,687,-0.0002591303599058004,-1.3774742018019735e-05,-0.0002100883853430681,0.00033387934437252944,0.003696222306638587,0.009576493647548772,-0.008419074937024333,0.013275997616633785
55.04,120,688,-0.000257392227581253,-1.5353369132065714e-05,-0.0002138517801942407,0.0003349911471295784,0.003676235973520359,0.009580510457985995,-0.008874635428782413,0.013566873094504283
55.12,121,689,-0.0002570018128438282,-1.6367985761911447e-05,-0.0002153476806429954,0.0003356969858685564,0.00266232653573923,0.009738942457538003,-0.006562084670357189,0.012041425912036932
55.2,121,690,-0.0002593502453148006,-1.7015459163794628e-05,-0.0002080681772604091,0.00033293308934960345,0.0029786716784533395,0.00965150918750344,-0.006765188878471712,0.012156968994197555
55.28,122,691,-0.00025846752360567663,-1.2166250889414131e-05,-0.00022485662304895702,0.00034280312038914687,0.0016751581658468978,0.009740594258017694,-0.005104721204008522,0.011124006020790578
55.36,122,692,-0.0002565451408890413,-1.4315838849718716e-05,-0.00022279485944548676,0.0003400851392682182,0.002229542315337106,0.009881957609568882,-0.005899091442172992,0.0117227652444427
55.44,122,693,-0.00025705881576738946,-1.4891670395545875e-05,-0.00021894197382188687,0.0003379890301650722,0.002591401422412284,0.009808207257911533,-0.006294171242322357,0.011938713606327386
55.52,122,694,-0.00025674840766146204,-1.45870284081012e-05,-0.00021925331940350469,0.0003379416285454195,0.0028409311986907584,0.009688483983729927,-0.0064530614919909,0.011982471139047306
55.6,123,695,-0.000263884865961447,-1.446877028398739e-05,-0.00021714834870334491,0.0003420496647295698,0.001917621200293049,0.009800040462233123,-0.004090707369458718,0.010791290511878717
55.68,123,696,-0.00025989511088038176,-1.4630354013955493e-05,-0.00021413514752289265,0.00033706583529445784,0.0024159530147449104,0.009939448200440178,-0.004895959442588032,0.011340188638737692
55.76,123,697,-0.0002596444417151837,-1.3776168492957405e-05,-0.0002106055261215479,0.0003346038053651957,0.0023492220506888596,0.009907273761626954,-0.005314428652435214,0.011485472107540421
55.84,123,698,-0.0002593855990356372,-1.3563136889717708e-05,-0.0002135137114993951,0.00033623347939729694,0.0025646039712034917,0.00989826756145072,-0.005679453085179185,0.011696541437276732
55.92,124,699,-0.0002590237690000041,-1.5175556186561726e-05,-0.00021460405524238518,0.00033671725666947294,0.002356834130708991,0.009696620764087125,-0.00477682878053851,0.011063327463325915
56.0,124,700,-0.0002596853593964392,-1.1920065572355865e-05,-0.0002290343593529543,0.00034646112568703186,0.002521804776684505,0.009717653182150413,-0.00556374722890203,0.01147813425289066
56.08,125,701,-0.00025990751002000976,-1.349792845128973e-05,-0.00022369354837728877,0.0003431805813604552,0.0018196910339797077,0.00990058120759025,-0.004258592826925864,0.010930159951838755
56.16,125,702,-0.0002535871207621471,-1.4353239722635925e-05,-0.00021730876212720695,0.00033426866650081074,0.002193864796275116,0.009916590887484611,-0.004861567700883652,0.01125995817418312
56.24,125,703,-0.00025338903238274993,-1.3602013554598415e-05,-0.0002178924904583056,0.0003344669698232227,0.002228351980623635,0.009781083981111407,-0.0050097888181397385,0.01121307898828245
56.32,125,704,-0.00024936375673181014,-1.2868846890477476e-05,-0.00021656495597627344,0.00033052726143042603,0.0023532647775715587,0.009898280325523492,-0.005629394499881563,0.01162772079778755
56.4,125,705,-0.0002555070864943113,-1.720852440394589e-05,-0.00020669252462993253,0.00032909239477518765,0.002602294642383922,0.0100396875647093,-0.005986148756160969,0.011975025709101679
56.48,126,706,-0.00025554031612656954,-1.5999207898671765e-05,-0.00021297669211530458,0.0003330403867458559,0.0020372919201618283,0.010062243679453416,-0.0048599858957261936,0.011358642926833928
56.56,126,707,-0.0002543169224077718,-1.6564312875280428e-05,-0.00021428450503548598,0.00033297045301692164,0.0020729353427046647,0.010012895708102546,-0.005293168798720561,0.01151402524437572
56.64,126,708,-0.0002527480109872874,-2.0636059210583526e-05,-0.00022047158288655537,0.00033602845542941135,0.0024363168772232875,0.010109895800028235,-0.005489579599414223,0.01175929917945693
56.72,126,709,-0.00026333475249473796,-1.9713834407739388e-05,-0.00022297523864709678,0.00034561797434197553,0.002674705780823537,0.009860486562606113,-0.006055250453667055,0.011876417992052218
56.8,126,710,-0.00024864792382941385,-1.9322444317660168e-05,-0.00019295864236610174,0.00031532869286326646,0.00277290425450678,0.01014061857341147,-0.0067134595900980604,0.01247363951394937
56.88,126,711,-0.0002488451473045767,-2.2439648639828836e-05,-0.00020213046263579146,0.0003213785448555559,0.0030893453980447363,0.01014061374087155,-0.007256347375410576,0.012846426711837071
56.96,126,712,-0.00025090136505093744,-1.7774749795365576e-05,-0.00020846071827111857,0.00032668533449915115,0.002761085225405697,0.010054573292123437,-0.007331494196592077,0.01274632664195057
57.04,127,713,-0.00025516866993228804,-1.6132879873561875e-05,-0.00021328922247174138,0.00033296187822426116,0.0024361319085337706,0.010258355555833097,-0.006319174291818365,0.012292296820205991
57.12,127,714,-0.0002532628441742516,-2.1150994061752413e-05,-0.00020834177107454893,0.0003286270323079209,0.0026804271735470014,0.010216541072180082,-0.007072617657812689,0.012711582192860005
57.2,127,715,-0.0002481945665890603,-1.9484620237370807e-05,-0.00020731055499298583,0.00032397200422509635,0.0029614324139630895,0.010073506345250399,-0.007537909920556376,0.01292538966533286
57.28,127,716,-0.0002482564342659618,-2.091533099303806e-05,-0.00020676437037738465,0.00032375949882984816,0.0029573650596775624,0.010132932239660261,-0.008134247153212176,0.013326226045632288
57.36,127,717,-0.00024856256745482144,-1.8542534838355342e-05,-0.0002067039068062817,0.0003238111805156583,0.003205675602049022,0.010050463160274747,-0.00809564044609324,0.013297652425673977
57.44,128,718,-0.0002567685521942822,-1.6551306531049205e-05,-0.0002140775881333289,0.00033471368195043324,0.002222403954903695,0.01013940496645082,-0.006350202097636578,0.012168470696570179
57.52,128,719,-0.00024881927235633644,-1.6069524126514787e-05,-0.000206362784145678,0.0003236585524622284,0.0024403859042550317,0.010525848884829032,-0.007204547657791544,0.012986704164696015
57.6,128,720,-0.0002441563739381817,-1.5282344827523686e-05,-0.0002055733138778479,0.0003195407209993567,0.0028554031843665527,0.01029058887544538,-0.007766026705059605,0.013204571842071584
57.68,128,721,-0.0002447472548633087,-1.915653480946198e-05,-0.00021068827998503174,0.00032350848970634857,0.0027246680226644666,0.01040962114930487,-0.007909542093521621,0.013354582900075013
57.76,128,722,-0.0002500872997994858,-1.997092350143937e-05,-0.0002116716030810491,0.00032824893428219903,0.002969437028019629,0.01023036490410808,-0.00819233829172394,0.01343846453359262
57.84,128,723,-0.0002467210568280592,-1.5722377354490625e-05,-0.00020409315520557444,0.0003205814857938588,0.0032957519905292606,0.01019272309871369,-0.008415804730325351,0.013622751359732576
57.92,129,724,-0.0002484560944348218,-1.8457985485717533e-05,-0.0001912329355942447,0.0003140719085591524,0.0023510890468293882,0.010482603345110027,-0.005879237022222152,0.012246551374182884
58.0,129,725,-0.0002478787531543807,-1.8003845706748315e-05,-0.00019436714396574853,0.00031551006541631095,0.002665250872954101,0.010414848637366315,-0.006734680912896612,0.012685762151071868
58.08,129,726,-0.00024452184282207763,-1.910345642326646e-05,-0.00018804781624886735,0.0003090596299428126,0.002907702475797894,0.010338034838884262,-0.006846453522545241,0.012735918649791938
58.16,129,727,-0.00024682128932244826,-2.4371495791738872e-05,-0.00018797606750927163,0.00031120687753674836,0.00293199880004898,0.010298318679376174,-0.007003898545253738,0.01279478719704569
58.24,129,728,-0.0002469592565555433,-1.9115450811785484e-05,-0.00018683447355949666,0.00031026020590539595,0.0029975533884217236,0.010220791326500509,-0.007173548425574995,0.012841717123125556
58.32,129,729,-0.0002421806855133508,-2.6014854690045536e-05,-0.00018593561448103295,0.000306431574470876,0.0030575904823356135,0.010310277903930352,-0.008051513249006742,0.013434193522979893
58.4,130,730,-0.00024288546513929202,-2.4558818586415006e-05,-0.00020186138038946703,0.0003167720026123391,0.0026099535433555454,0.010246346082073435,-0.005811974515694364,0.01206559212401847
58.48,130,731,-0.00024344978824093213,-2.6759053156546672e-05,-0.00020169982338062327,0.00031728010506832006,0.0028945898892857804,0.010494274837590287,-0.006531063442451735,0.012695008652354893
58.56,130,732,-0.0002510932203327337,-2.276950187837025e-05,-0.00020055110119183812,0.0003221598977248887,0.00290351104689291,0.010469931920787335,-0.006369790267197224,0.012594605149564286
58.64,131,733,-0.00024744353860480764,-1.8699622458201978e-05,-0.00019223944014718153,0.0003139012313219717,0.0018029705064985027,0.010859293027860182,-0.004963017537225094,0.012075035850341816
58.72,131,734,-0.0002418653643175229,-1.580744602375566e-05,-0.00019887065616171958,0.0003135255455117412,0.002239531824455762,0.010805256209925576,-0.005483497728987908,0.012322248654312284
58.8,131,735,-0.00024065817406412204,-1.9957166916106647e-05,-0.00020306269435958838,0.0003155140299507618,0.0021858330211505586,0.01076712679266436,-0.0054169857590350146,0.012249596731290831
58.88,132,736,-0.000245970506892182,-2.0544188034902327e-05,-0.0001990873568540438,0.0003171109105375275,0.0015032432331383494,0.010823363775305387,-0.0030683661938526252,0.011349881705557409
58.96,132,737,-0.00024629298294991976,-1.6800059910847925e-05,-0.0001898450324857311,0.00031142191930383747,0.0017323315841352807,0.0106279585033919,-0.003491171043745011,0.011320015455991941
59.04,132,738,-0.00024408441765278073,-2.087369415947684e-05,-0.0001895758642694678,0.00030976107302609237,0.0013846641974174802,0.010796514531434766,-0.004446578848294823,0.011758149702278618
59.12,132,739,-0.00023914363884855274,-1.5448454488149476e-05,-0.00018782828082781106,0.0003044795523947881,0.0017308935499071867,0.010363007816290265,-0.004257261465836922,0.011336322096257824
59.2,132,740,-0.00023830006366479562,-1.5524803602248268e-05,-0.0001931642756944971,0.00030714878686739707,0.0017877119067722152,0.010372729297454978,-0.004624058210977182,0.011496579546908789
59.28,133,741,-0.00023722596108374783,-1.7331984003167448e-05,-0.000190748033853513,0.00030489566527022786,0.001524167318813812,0.010784929304834361,-0.004284355124339895,0.011704421598587117
59.36,133,742,-0.00024085426971936374,-1.927426305401135e-05,-0.00019390629433195945,0.0003098095018553752,0.0019686586771770916,0.010619392016321533,-0.004829056505500817,0.01183076035243965
59.44,133,743,-0.0002398787992544684,-1.6496801108829928e-05,-0.00019675853856533976,0.0003106894032260484,0.0022902966491274105,0.010778268955710166,-0.005668569441875807,0.01239149788927868
59.52,133,744,-0.00024074785639199815,-1.5820301441327643e-05,-0.00019556756031428898,0.00031057444025920695,0.002291623580525532,0.01083260578348763,-0.006251811350569275,0.012715424957836728
59.6,134,745,-0.00024615652754834765,-1.5533576618990774e-05,-0.00018945599295675292,0.0003110110951790429,0.0020800694595465613,0.010999003936026139,-0.0046594750719176695,0.012124994205651357
59.68,134,746,-0.0002531979842753112,-1.5349319948749442e-05,-0.000190138106125144,0.00031701312317446157,0.0021343450285000614,0.010854582916873487,-0.004881748812472252,0.012091686006014169
59.76,134,747,-0.00024841520851897676,-1.4057386272187069e-05,-0.00018329114321180136,0.00030903619385473484,0.0023528606593745944,0.010961821054103862,-0.005810382870297437,0.012627668953693442
59.84,134,748,-0.0002462189376832669,-1.4064830272359605e-05,-0.00018444909255766135,0.0003079659923917111,0.002469095891951523,0.011014433805613387,-0.006544524458314017,0.013047796249457656
59.92,134,749,-0.00024377276061270242,-1.613281263450751e-05,-0.0001819768221494597,0.00030463254957383354,0.002520816342058022,0.010872220634134734,-0.00671835043375689,0.013026739004772194
60.0,134,750,-0.00024648851123518326,-1.5214947834559544e-05,-0.00018258561503789618,0.00030712471021933786,0.002356949904299769,0.011137122538521563,-0.006722543660514239,0.01322056370042306
60.08,135,751,-0.000242021632604271,-1.7283913553382533e-05,-0.00018181873254424506,0.0003032016751605328,0.001788960222761716,0.011014048750549411,-0.005427496335777731,0.012408358676028968
60.16,135,752,-0.0002381649223199714,-1.576556103335987e-05,-0.00018476685058086364,0.0003018441190613887,0.002120839519205537,0.011124958980950058,-0.0059384545613851486,0.012787803375548178
60.24,135,753,-0.00023830501963818966,-1.6547737210277547e-05,-0.00018222225461887284,0.0003004464346101043,0.0019583747472401722,0.01095712774945865,-0.00628157492252862,0.01278092577538596
60.32,135,754,-0.0002374288025713574,-1.67954286593271e-05,-0.00018349309003212256,0.00030053990883717224,0.0023179188037672693,0.01110527553675106,-0.006377134325670641,0.013014135950406625
60.4,135,755,-0.00023858489104023413,-1.7430926790339457e-05,-0.00017928257692866707,0.0002989461988914293,0.002244702504023648,0.011026975269502642,-0.006770367836910031,0.013132812096914305
60.48,135,756,-0.00023540976395372974,-1.7056225949432417e-05,-0.00018174110028363092,0.00029789007929216716,0.0024139479954294863,0.011109331246235574,-0.0075310562981184565,0.013636758948835818
60.56,136,757,-0.00023762004984895886,-1.9100751071302405e-05,-0.00018177588396586585,0.0002997842537113674,0.002158461393100034,0.011181043185997296,-0.006495915325777458,0.013109980863155762
60.64,136,758,-0.0002367230283299826,-1.895666818103621e-05,-0.0001824863192511962,0.00029949691838830855,0.0024031261070326694,0.011123447215856444,-0.006972591000334515,0.01334627732021901
60.72,136,759,-0.00023741815901683384,-1.9354216323017748e-05,-0.00018408193884657782,0.00030104505996600574,0.0024687273458479566,0.011331963492907389,-0.007175760905711598,0.01363816541506453
60.8,136,760,-0.00024329016905843659,-1.904343898585068e-05,-0.0001855823745847552,0.0003065837188850818,0.0025071807377274324,0.01095972645389892,-0.007467766338226781,0.013497003122111082
60.88,136,761,-0.0002392572577142564,-2.1475578210424836e-05,-0.00018703696542257193,0.00030444714198511134,0.003003203826781261,0.011102730612864873,-0.007963485283012724,0.013989530304474153
60.96,136,762,-0.00023930849346659734,-2.1910864084202358e-05,-0.00018129309297717662,0.0003010246278486198,0.0031863577199473317,0.01107869279972493,-0.00879705223392708,0.014500980576381255
61.04,136,763,-0.00023936898361553885,-2.5936357168952712e-05,-0.00017953556604257938,0.00030033851636871513,0.0033756231083260963,0.011115159709524453,-0.008896533437066135,0.014631811710602917
61.12,136,764,-0.00024197617409124202,-2.514104438787843e-05,-0.00018017648846178086,0.00030273438512195243,0.0034251933014929035,0.011095131621397848,-0.008936946711652084,0.014652744158540518
61.2,137,765,-0.0002432878938052474,-1.5998906835614913e-05,-0.00018311322673388258,0.00030491870735824375,0.0022241483920766255,0.011210080090649272,-0.00648757262532832,0.01314158781417442
61.28,137,766,-0.00024420847972338324,-1.2886665971544594e-05,-0.00018401164678939741,0.0003060459669442063,0.0022166766509506817,0.01147154722247622,-0.007451229659899391,0.013857520503211828
61.36,137,767,-0.0002428776278476055,-1.645258119674549e-05,-0.00018783613133954052,0.00030747787200629666,0.002690118064586544,0.011383021625320146,-0.0077350175385545025,0.014022853234833012
61.44,137,768,-0.00023910330950183982,-1.3832092616446031e-05,-0.00018361669539054397,0.0003017893474379544,0.0027943027648675936,0.011380606127951751,-0.008116628496039915,0.01425503356446581
61.52,137,769,-0.00024527577297906225,-1.5759069950191384e-05,-0.00018210185046061285,0.00030589154456661747,0.00290629974211423,0.011385867491986565,-0.008226342595000855,0.014344241674846917
61.6,138,770,-0.00024375155620924818,-2.066966304912127e-05,-0.00018577043045319943,0.00030716886065446395,0.0023383637111047246,0.011544020374360383,-0.006357657599365247,0.013384773490792654
61.68,138,771,-0.00024368079113788914,-2.2571917548498597e-05,-0.00018750907766261802,0.00030830094653972357,0.002635306028936261,0.01155565551796591,-0.007084515952435044,0.013808272107557498
61.76,138,772,-0.0002431683118545618,-1.8327670954824536e-05,-0.00018425894782660992,0.00030564373258255286,0.00271826174089557,0.011460745727232095,-0.007465321388671535,0.013945202148138335
61.84,138,773,-0.0002421186525112702,-1.6783088295331108e-05,-0.0001823109153964545,0.0003035463454224005,0.003034251506151189,0.01142028159236024,-0.0077581232800457145,0.014135699157797967
61.92,138,774,-0.00025188711558800885,-1.853711320281484e-05,-0.000181991299576149,0.00031130624260775194,0.002932059661755558,0.011401289148454414,-0.007976601357361501,0.014220145474678514
62.0,139,775,-0.00024082665752092242,-1.877359475530763e-05,-0.00018019197339953872,0.000301362031633642,0.0020405309404539123,0.011448315553267942,-0.005817935070176169,0.013002925209618495
62.08,139,776,-0.0002419184078804224,-2.1048287418823783e-05,-0.0001824240789181545,0.0003037204159153627,0.0021856028122362705,0.011624204434130639,-0.006457300091189816,0.013475745354042482
62.16,139,777,-0.00024245039363355767,-1.8353464283535827e-05,-0.000186624659528422,0.0003065090644146981,0.0025126529908930917,0.011571770752455883,-0.0069307195170262076,0.013720574930509485
62.24,139,778,-0.00024088319068169095,-2.662460983228873e-05,-0.00018804670697067504,0.00030674932013653825,0.002758084199899028,0.011845949242723395,-0.006958511699421722,0.014012652389390833
62.32,139,779,-0.0002451762398694782,-2.7543582241014036e-05,-0.00018400304587663584,0.000307777774394258,0.002820429236042066,0.011560095664195365,-0.007364593158672186,0.013993850979399146
62.4,139,780,-0.000244346030324246,-2.427032588834503e-05,-0.0001830660954350033,0.000306279654159008,0.0030793171222393595,0.011697253233199312,-0.008160416157609866,0.014591104105114473
62.48,139,781,-0.0002450003208903516,-2.35395038322756e-05,-0.00018801040189082456,0.0003097211273003415,0.0033888283841317915,0.011799652391498288,-0.00858800985809574,0.014982318502155737
62.56,139,782,-0.00024012516613032217,-2.812778414959105e-05,-0.0001879063625401732,0.0003062026595791745,0.003744521889861929,0.011738137891251135,-0.008825524918407775,0.015155699107039483
62.64,140,783,-0.0002409610033394317,-2.5616496322357802e-05,-0.0001878954709161285,0.00030663189332646513,0.0030239094081607352,0.011546848420579719,-0.006132424237063493,0.013419402504580116
62.72,140,784,-0.0002493186863058346,-2.0510229258490486e-05,-0.0002046319661449503,0.00032319455195570836,0.003002441235415375,0.011598700439847199,-0.007110178830604009,0.013931947037962914
62.8,140,785,-0.0002516273850932986,-2.6541398689090628e-05,-0.00019481042999502254,0.0003193303781479458,0.0036594155867951264,0.011592275154979856,-0.007902358818758405,0.014498946189501191
62.88,140,786,-0.0002445382858784593,-2.983841194546742e-05,-0.00018331861778453953,0.0003070749415276938,0.004333014895749543,0.011611905192511368,-0.008537278749683784,0.015049800288922848
62.96,140,787,-0.0002464058429529597,-3.0138270530052985e-05,-0.0001807368391984785,0.00030706670258326277,0.003959274920905536,0.011551405704716095,-0.008748083987015832,0.015021311696990442
63.04,140,788,-0.0002454145289603023,-2.964579697086211e-05,-0.00018249786112476023,0.00030726638868896306,0.0038063193928583416,0.011530135393141416,-0.008778529258944668,0.01498314604663418
63.12,140,789,-0.00024235254313734593,-2.921807429158651e-05,-0.00019711218112231454,0.0003137541441594739,0.004035184019044379,0.011679326729239067,-0.0094374940715537,0.015548494372976455
63.2,140,790,-0.00024072478400073114,-1.7243066281221763e-05,-0.00019757547497010553,0.000311900325868121,0.0042048016761543575,0.011701717828770337,-0.010086836966466171,0.016011084824833717
63.28,140,791,-0.00023813712353474247,-2.2032018483886776e-05,-0.00020292078230220242,0.0003136423812784448,0.004624264434114638,0.011625234458471388,-0.009949189921029368,0.015984876535518205
63.36,140,792,-0.00024172026289565534,-3.064664454063454e-05,-0.00019805324879679624,0.0003139952096368835,0.004800011191826635,0.011627779442404418,-0.009951455879942612,0.016039851505961898
63.44,141,793,-0.00025031236646510537,-3.161609695315586e-05,-0.00018802704856923943,0.0003146585917873079,0.0044029341579721005,0.011451779630750562,-0.007902146740238395,0.014593594794120167
63.52,141,794,-0.0002463633348732944,-2.850151269087097e-05,-0.00018627172364734686,0.0003101683156386423,0.00448355421609647,0.011720293353904494,-0.008934736174062815,0.015404448877203006
63.6,141,795,-0.0002450661839199907,-3.537792003638368e-05,-0.00017995707051772004,0.00030609406880324736,0.004594454306368095,0.011791311939817296,-0.009420342727940595,0.015776149870841284
63.68,141,796,-0.0002468260166796559,-2.460051260362954e-05,-0.0001854830137413994,0.00030972926260994336,0.00498386939617762,0.01154610894010993,-0.00972139298903478,0.01589519007317298
63.76,141,797,-0.00024193270718565472,-2.001612436268261e-05,-0.0001963630567270954,0.0003122347355562648,0.004979965266848131,0.011740881510013337,-0.009972068055612082,0.016189209183803444
63.84,141,798,-0.000247426771460304,-2.0094605012218436e-05,-0.00018655247921552643,0.00031052476211620544,0.005382410972035768,0.011747260551609568,-0.010374531471259713,0.01657104044975606
63.92,142,799,-0.0002460256847270023,-2.5262061668107076e-05,-0.00019450628048316206,0.00031464186379518555,0.00413490571120928,0.011793456340710192,-0.00728118816264684,0.014463704876714577
64.0,142,800,-0.0002476798851254074,-2.421408172922469e-05,-0.00019492318030523613,0.00031611183696602085,0.004317097501165347,0.011713395719606466,-0.007781582099535194,0.014710336165107503
64.08,142,801,-0.00024901337948102546,-2.727739785168848e-05,-0.00019287798285796701,0.00031615444938428225,0.0045309341137123515,0.011865071749665397,-0.0082110039044177,0.015123818191378556
64.16,142,802,-0.000253514261695634,-2.8235049735135992e-05,-0.0001865868446798213,0.0003160401074613786,0.004914247178271165,0.01183954418945007,-0.00851084733612105,0.015386980026042987
64.24,142,803,-0.0002500325363811723,-2.816941222361141e-05,-0.00018400534881040514,0.00031171742560380685,0.0051862425191874645,0.011868868654675156,-0.009257893400336935,0.015920921607173392
64.32,142,804,-0.0002511258699418686,-3.363515230195133e-05,-0.00018419795717032427,0.000313248165916668,0.005436822093845546,0.011815768768887418,-0.009492922123522278,0.01610239101882702
64.4,142,805,-0.0002509099657430406,-2.959498803577835e-05,-0.00018704311204489527,0.0003143513957173579,0.005490565478704849,0.011740583287463057,-0.009771099483302029,0.016231512262213508
64.48,142,806,-0.0002515576814108431,-2.6372708221443057e-05,-0.00019817578887433788,0.00032132604953800237,0.0057262886200031395,0.011795266998970965,-0.00979750751638003,0.016367952177047503
64.56,143,807,-0.00026171729249987335,-2.4836791604126972e-05,-0.00020440830195537718,0.0003330098516844986,0.0039011825577611853,0.011546126591726432,-0.006511513500601175,0.013817817218709463
64.64,143,808,-0.00026144207474060956,-2.4258616517926067e-05,-0.0001997684004528203,0.000329920979538308,0.004430536362510539,0.011769710556124512,-0.007192315025919921,0.014487412966660071
64.72,143,809,-0.0002540810278297577,-2.5934544328175415e-05,-0.00020062708768804624,0.0003247783822958714,0.004803939607942362,0.01173841644515067,-0.007576129099747284,0.014773827822625343
64.8,143,810,-0.0002533155028851531,-2.942725574276762e-05,-0.00020145334808989841,0.00032498947496671036,0.004981231604649381,0.011753782540331388,-0.0077578094841055,0.014938128406739382
64.88,143,811,-0.0002595226422993814,-3.265278187296627e-05,-0.00018673098305384633,0.0003213824296105063,0.0053954020820808244,0.011801492519243548,-0.008045608942148641,0.015268183014329691
64.96,144,812,-0.00026204911758213764,-3.3259233020569706e-05,-0.00018725393408314535,0.00032378998198880163,0.004090107717534835,0.011665151439432541,-0.005508081794633705,0.013533059679995074
65.04,144,813,-0.0002585400208498765,-2.9549840070256374e-05,-0.00017470935172199964,0.0003134317996125372,0.004190776910745502,0.011855538430770364,-0.006382918658183552,0.014101703911091678
65.12,144,814,-0.0002576493190684027,-3.0007478100250547e-05,-0.0001761168053485894,0.0003135295033717585,0.004570785626278832,0.01185902995976824,-0.006704560877205315,0.014369405324655226
65.2,144,815,-0.0002575709172400973,-2.8314879295411212e-05,-0.00018363709074673942,0.00031759579798124683,0.004919358242741748,0.011639645295478777,-0.0071021441306295145,0.014495581374240486
65.28,144,816,-0.0002563553544711182,-2.9455901018795542e-05,-0.00018748786044928695,0.0003189630318496064,0.005102344163929744,0.011967110744147363,-0.007325242022585089,0.014929997529113045
65.36,145,817,-0.0002583221026565703,-2.851139394747768e-05,-0.00017911377808777962,0.0003156342088662417,0.003808077724041285,0.011854962999332532,-0.0051524959926922895,0.013475526654739434
65.44,145,818,-0.0002556750077461427,-3.0995369046488136e-05,-0.00018273434948105314,0.0003157883230402635,0.004032628030724308,0.012004689736746675,-0.0056714206968419625,0.013875866719967503
65.52,145,819,-0.0002560465582657026,-2.973913554900885e-05,-0.00017696249676382126,0.0003126659262596416,0.004291259296702616,0.011896439560336737,-0.0059815106193585495,0.013989948171947623
65.6,145,820,-0.00025707648358249183,-3.05087681044982e-05,-0.00017539604311649667,0.00031270253482074177,0.00456553502555003,0.011999545604288233,-0.006272141690014911,0.014288910600830991
65.68,145,821,-0.00026561142211533744,-3.362768774737046e-05,-0.00017122622821255618,0.0003178028794225518,0.005035542425457154,0.011856202832511271,-0.006390496941547075,0.014379314458073087
65.76,145,822,-0.00025911959227845765,-2.846628857215341e-05,-0.0001606573968238263,0.00030620922886457166,0.005382302138319313,0.011876959020486782,-0.006738717301920371,0.014677930465759808
65.84,145,823,-0.0002556078525323942,-3.078227061809409e-05,-0.00016145188026609386,0.00030389082266841307,0.005291117057601757,0.011900965451938314,-0.007262498039019335,0.014912168727996384
65.92,145,824,-0.0002574317614187808,-3.239427193623862e-05,-0.00017018510914490709,0.0003102957814990706,0.005590544676366561,0.01174976190036461,-0.0074640734932209666,0.01500078289976607
66.0,145,825,-0.00025723188728352884,-2.935846240754166e-05,-0.00017800007594703996,0.00031418814456871715,0.00570270723252527,0.011652036086396627,-0.007355946189533568,0.014913106956026925
66.08,145,826,-0.00026123878820655933,-3.187677261160761e-05,-0.00017321345681683018,0.0003150630646683289,0.005693865611653187,0.011960380919237987,-0.007699586486341457,0.01532169864595603
66.16,145,827,-0.0002576236372736227,-3.1713987853223273e-05,-0.00017136087285957163,0.00031103096992878346,0.0059364700756915885,0.012038002157877791,-0.008016197560027829,0.015633764621294774
66.24,146,828,-0.0002622958960273339,-2.8196561444558673e-05,-0.0001684723703790711,0.0003130129753400354,0.004956767940030624,0.012137274127400344,-0.006011718397662265,0.0144230277593773
66.32,146,829,-0.0002627028288513772,-3.0246570129199203e-05,-0.0001727473668949688,0.00031586276143325524,0.0052241192515857515,0.011927543301620346,-0.006476286641259898,0.014543039566286638
66.4,146,830,-0.0002606551876469334,-3.039774044490692e-05,-0.00017384411634967318,0.0003147807590384341,0.005216078481791605,0.011767968133127952,-0.006649724504040706,0.014488318904902797
66.48,146,831,-0.0002572428429770862,-2.6884092958398698e-05,-0.00017696722994449895,0.00031339118556742915,0.0057316124076345915,0.011756796513594556,-0.006942452200138207,0.014807811708845561
66.56,146,832,-0.00025849159618153075,-3.026391829244083e-05,-0.00017720577626182833,0.00031485821759554613,0.006110523552907374,0.011887004071858005,-0.0072527019234565485,0.015206612018642249
66.64,146,833,-0.0002617984254499007,-3.015693408860458e-05,-0.00018278095221279425,0.0003207128509016866,0.006473647486428944,0.01193209700388784,-0.007541341823409746,0.015529162475363761
66.72,146,834,-0.00026172746447009233,-3.087477463764949e-05,-0.00017947795844808228,0.00031885240305752854,0.006155924867733139,0.011792192930980437,-0.007705362035747481,0.015372827625410325
66.8,146,835,-0.0002690698279871165,-3.2277976740918577e-05,-0.00017283746161289858,0.00032142375184838774,0.0065988211967222005,0.011681974790523648,-0.007667797389552695,0.015453416871357976
66.88,146,836,-0.00026571174076287044,-3.381324768575604e-05,-0.00016151379428780866,0.0003127823055154139,0.0067107167904532725,0.011803604669687396,-0.008200599163690274,0.015862176070245065
66.96,146,837,-0.0002637271121918684,-3.4498278770467784e-05,-0.00016760600137170686,0.00031437858171160426,0.006746567882861188,0.011884408780813588,-0.008626399312386238,0.016160758502133214
67.04,146,838,-0.0002635492510419923,-3.730902078238859e-05,-0.0001749208156455738,0.0003185081827875833,0.007000883362222167,0.01195492919964417,-0.008426454690101826,0.016215358110886206
67.12,146,839,-0.00026164040671889413,-2.9577060760417573e-05,-0.00018964983127374636,0.0003244958604565153,0.006927518161693873,0.011863020065798188,-0.008849287635340618,0.01634110291917658
67.2,147,840,-0.0002676898857702777,-2.7480552993773577e-05,-0.00019534798165018324,0.00033252652476358673,0.005772221613044923,0.012112102882051761,-0.006945742094093261,0.015108438430664122
67.28,147,841,-0.00026615665566767345,-2.735747264466064e-05,-0.0001799588043561361,0.0003224483957643361,0.005970053923430283,0.012054569383773021,-0.007290882328027143,0.015300691226150591
67.36,147,842,-0.00026099191263832675,-2.412421616211289e-05,-0.00017745015762472157,0.00031652379801380947,0.0064999396647721095,0.01212127419193598,-0.008049472028921721,0.015936389290744757
67.44,147,843,-0.0002611384011538476,-2.43766140299359e-05,-0.00017762874101426114,0.00031676403442162395,0.006706551621470956,0.01200807337537281,-0.008136149193055033,0.01598025608466404
67.52,147,844,-0.0002612612064946896,-1.8984405384029005e-05,-0.00017398248773763036,0.00031446419781307487,0.007170942681351896,0.011889568533322903,-0.00827576486877012,0.01616392721497428
67.6,147,845,-0.0002624235865050138,-2.0465529894185332e-05,-0.00016391388378042172,0.00031008504956541496,0.007093368864964921,0.012046478976743139,-0.008693332347173982,0.016462307398721166
67.68,147,846,-0.0002615361322390145,-2.148180887841407e-05,-0.0001721409297329203,0.00031383931600190916,0.007335778589238705,0.012152005063099458,-0.009062499362979697,0.0168408363589204
67.76,147,847,-0.0002604345191478657,-2.0926983275978108e-05,-0.0001804952564830526,0.0003175572625617245,0.007627156152275529,0.011949624395362287,-0.009411468680984077,0.01701595653774939
67.84,147,848,-0.000257819940457644,-2.459938536282091e-05,-0.00018081606344017313,0.0003158650032146841,0.007859639086340846,0.011990783814193677,-0.00958362626257735,0.01724525196646973
67.92,147,849,-0.0002698278316813412,-2.172970001073956e-05,-0.00018219842330317531,0.00032630584436472174,0.008111220708742232,0.011967734368195341,-0.009913686503384056,0.01752996712435571
68.0,147,850,-0.00026047435078941934,-2.1070914605104874e-05,-0.00017864663356941915,0.0003165525083570677,0.008382992484497571,0.012287210369579134,-0.01020368906552272,0.01803788713256915
68.08,147,851,-0.0002561789591002444,-1.8536321252627287e-05,-0.00017655720101234285,0.0003116788403478461,0.008776907589448336,0.012221622217702581,-0.010491161725812543,0.01834302676286308
68.16,147,852,-0.000256403746873015,-1.662206565337058e-05,-0.00017959538959974798,0.0003134863289564496,0.008835449032486412,0.01224612990509267,-0.01018277209410687,0.01821322884001054
68.24,147,853,-0.0002632445791346384,-1.7392460250067484e-05,-0.00019396408526171167,0.0003274481218280777,0.008671697567522849,0.012235545984499139,-0.010270813018164729,0.018176812820059427
68.32,147,854,-0.0002571309761027078,-2.6840810554626274e-05,-0.00017276905440031764,0.0003109435867502987,0.009112242371060043,0.012102493178277583,-0.0102519077369775,0.01829220911772814
68.4,147,855,-0.0002563266337400553,-2.7256367363604253e-05,-0.0001708267746154171,0.0003092378367080502,0.009485277654186266,0.012072430285405713,-0.010752855161927576,0.018744011291780074
68.48,148,856,-0.00026294146009487907,-2.8900407308188894e-05,-0.00017174731935194957,0.0003153895792254187,0.006618096022582364,0.012051437291293557,-0.007434757622754102,0.01563048165154234
68.56,148,857,-0.0002626749253049164,-3.301906297930944e-05,-0.00018015516285332077,0.00032022532318147723,0.006742157842338217,0.012093805780472078,-0.007784787532576854,0.01588457577507648
68.64,148,858,-0.00026166663291499545,-3.61560706860151e-05,-0.00017892384096032356,0.0003190461237697745,0.007088292861919545,0.012208101585625611,-0.008105430523119527,0.016278195354105192
68.72,148,859,-0.00026707918942740804,-3.630840325879342e-05,-0.00018385873463259,0.00032627232164727306,0.007443066546192887,0.012110055959116937,-0.008358939902255821,0.01649013557353377
68.8,148,860,-0.0002629326988060344,-3.615618051050886e-05,-0.00018438529472468153,0.0003231699404357419,0.00808564451621083,0.01191635589898219,-0.008767043087345003,0.016859366229164778
68.88,148,861,-0.0002593508416956868,-3.0313866783767292e-05,-0.00017441451785143698,0.0003140098941832795,0.008629929305576182,0.011811251536401573,-0.009354421134505787,0.01736336768708996
68.96,148,862,-0.0002589393013524923,-3.62377115616532e-05,-0.00018595260070876612,0.0003208443598296473,0.008838639056321382,0.011972391104730773,-0.00930095274910372,0.017549000289863417
69.04,148,863,-0.0002670232337291537,-3.5360892889991464e-05,-0.00019417824813442095,0.0003320496832489145,0.008401254457865359,0.011871776997671618,-0.009651339848186238,0.017454756555547693
69.12,149,864,-0.0002497565261550468,-4.008239814001301e-05,-0.00018574829396943951,0.0003138269422950305,0.006960693668981204,0.012153714408327871,-0.00688491214208784,0.01560660262442983
69.2,149,865,-0.00024935549750070105,-3.982853850126432e-05,-0.00018254740703498886,0.0003115895255430881,0.007458697946864318,0.012090154017146705,-0.007003925834043031,0.015838528224227842
69.28,149,866,-0.0002499611465105678,-4.005094263475121e-05,-0.0001851276295400039,0.00031361902364160024,0.007999770757264628,0.012067515120238619,-0.007361774270418842,0.0162424435893918
69.36,149,867,-0.00024898020426221537,-3.6571486924642384e-05,-0.0001826012590032794,0.00031092094744471064,0.008399746283659307,0.012186960168052896,-0.007555241377124225,0.016618044651347107
69.44,149,868,-0.00025626592087173644,-3.453166513593297e-05,-0.00017528092283962938,0.00031239087696155823,0.008675024456537646,0.012165408604304937,-0.008069251528899899,0.016981343765081616
69.52,150,869,-0.0002662585904072081,-3.549460369742453e-05,-0.0001937036811483748,0.0003311715868665395,0.004770092861971697,0.012496029041043669,-0.004822946855578589,0.014218485998100341
69.6,150,870,-0.00026590229787713956,-3.541622380700692e-05,-0.00019372512283600255,0.0003308893533236078,0.005217690842113162,0.012587366181994365,-0.005132949005117279,0.014560674799356705
69.68,150,871,-0.0002698750674985467,-3.830904375853179e-05,-0.00019883459475826963,0.0003373949184023428,0.005499671797283256,0.012401587681896203,-0.005307119939362449,0.01456747366431019
69.76,150,872,-0.00026580728474040867,-3.7364530286627946e-05,-0.00020286396470983964,0.00033645714277215767,0.005848046799275456,0.012387175816894318,-0.005178326557222874,0.014644345052558924
69.84,150,873,-0.000268325466553244,-3.567516808128713e-05,-0.0002013315891510253,0.0003373509780758333,0.00654097226826269,0.012404846000051695,-0.005829421002070978,0.015187056058320398
69.92,151,874,-0.00025000441787343926,-3.576576647375064e-05,-0.00017982159120767885,0.00031002774661657894,0.004552474822991465,0.012505258552656362,-0.0036215224660785957,0.013792097137675192
70.0,151,875,-0.0002534229587310288,-3.647122907773614e-05,-0.0001866906892883854,0.0003168702574073526,0.0048203547947265855,0.012641628997482274,-0.004325251312348703,0.014204027702451247
70.08,151,876,-0.00026003802721948863,-3.5889979925798974e-05,-0.0001828448777228965,0.00031990641689215725,0.005292423909821219,0.012697212548499183,-0.00458513150122248,0.014500082352404594
70.16,151,877,-0.0002606342687912256,-3.540017239013021e-05,-0.0001892837437739592,0.0003240551340909037,0.0053426151741873835,0.013073129944137958,-0.004814861584656341,0.014920896605605615
70.24,151,878,-0.00026316271377016016,-4.208365461889224e-05,-0.00019697568162103753,0.00033139865276586415,0.006025130091845639,0.012860855572631821,-0.005227459211832079,0.0151337413911804
70.32,151,879,-0.0002608947858651991,-4.627799968084877e-05,-0.00019161572756982556,0.00032699285863489795,0.006032198588784676,0.012606422734186442,-0.005539684960204742,0.01503321068254773
70.4,152,880,-0.0002805621019549549,-3.794061644001828e-05,-0.00018688961574168098,0.0003392378397250287,0.004543895536078215,0.01275482416587558,-0.0038269138387166867,0.014070458260986261
70.48,152,881,-0.00027944681258648734,-3.645703767325508e-05,-0.0001861439386184693,0.00033774132489977144,0.00509924195423766,0.01269489528790459,-0.0037360562338197008,0.014181704800939226
70.56,152,882,-0.00028365375058712894,-3.3032555975152e-05,-0.00018906944202754617,0.00034248774267848527,0.005293660078106415,0.012549334450304038,-0.0037557560259746064,0.014128493744726292
70.64,152,883,-0.0002825037945527451,-3.684183638825957e-05,-0.0001896474823949065,0.00034224535413046185,0.005554868911105981,0.01279175147224297,-0.004280111304220735,0.014587831474339154
70.72,152,884,-0.0002870117611377999,-4.220356794956501e-05,-0.00019625610310278457,0.0003502475555720352,0.005685502619544792,0.012837639497692475,-0.00477544540175278,0.014830199145483057
70.8,153,885,-0.000289387266445607,-4.0437844525979543e-05,-0.00018303360414683573,0.0003447919800368747,0.004504837786606675,0.01289062624961936,-0.0035076551856014866,0.014098420248101986
70.88,153,886,-0.00028554324416080217,-4.095379772891079e-05,-0.00017766482022833917,0.0003387874646161869,0.004906506533495394,0.01276437200190784,-0.00343314279180089,0.014099271910109974
70.96,153,887,-0.00028843105237175403,-4.0159592780262376e-05,-0.00018791950070290865,0.0003465818858639102,0.005064522275076616,0.012891339355880375,-0.0035444280369430446,0.014296817351154956
71.04,153,888,-0.00028259653118324515,-3.322824958297519e-05,-0.00017881800078394105,0.0003360666502518762,0.005794566982818855,0.01288353665574096,-0.0036980495618388043,0.014602674201666336
71.12,153,889,-0.0002758820868461738,-3.031746068102876e-05,-0.0001768047367997615,0.00032907444327929576,0.006330091282894145,0.012557555020457307,-0.0037902430344926414,0.0145646210387399
71.2,153,890,-0.00027058392344266724,-3.054946972439424e-05,-0.00017701373856814678,0.00032478114687884996,0.006313646769637855,0.012774908807227155,-0.003762745348428949,0.014738340582367207
71.28,154,891,-0.0002627234241026763,-2.534973659009981e-05,-0.00019297988338764724,0.0003269670352034469,0.004476188569731697,0.012749482760167862,-0.0015404194312857616,0.013599943631791163
71.36,154,892,-0.00026447654710511033,-2.6005303966867748e-05,-0.0001841398102185998,0.000323313453958218,0.004705561957273085,0.01280553131625707,-0.002015115444511156,0.01379074457308537
71.44,154,893,-0.00026413241958079555,-2.2126443936228996e-05,-0.0001862623820699581,0.00032395862323643057,0.005446581351366379,0.012800449969235728,-0.002401762552342254,0.014116842111102347
71.52,154,894,-0.0002696616683847606,-2.0458890959709933e-05,-0.00018893106009384926,0.0003298953274654547,0.005922105738732829,0.012837234411553534,-0.0022661661799049226,0.014317871101279387
71.6,154,895,-0.00026735107259896583,-2.4456059904124797e-05,-0.00018468832342814206,0.00032585958892834447,0.006193115485984766,0.012662896711356758,-0.0023239741053317944,0.01428651420702359
71.68,155,896,-0.0002719421145756633,-2.5648474571779307e-05,-0.00015728450418157327,0.0003151964041409511,0.0050458509748954345,0.012843783194745237,-0.0011791417112253133,0.013849684255954167
71.76,155,897,-0.0002720639741618578,-2.7324694781259446e-05,-0.00016422840348488386,0.00031896146082689497,0.005299845927257914,0.012933545732127287,-0.001387585633515814,0.014046008897478306
71.84,155,898,-0.0002736995429381508,-3.0117271952255525e-05,-0.00016025083252516875,0.0003185887932734114,0.0056753259390560475,0.013028062166407329,-0.0013736453110123098,0.014276786394940653
71.92,155,899,-0.00027353619255086594,-3.529064217477049e-05,-0.00015841965750270278,0.0003180633049309614,0.0060152279592884765,0.012814375941274953,-0.0013459268572529426,0.01421980018395501
72.0,155,900,-0.00026912132060327406,-3.715201900014924e-05,-0.0001622091970305257,0.00031641488795618574,0.006351942870610739,0.012787801563620438,-0.001270396112425092,0.014334885885297473
72.08,156,901,-0.0002681967263453027,-3.9205814196129356e-05,-0.00016428252998710409,0.00031694688758226097,0.004249802406687953,0.01292422930391726,-0.0006495632683001429,0.013620515997408067
72.16,156,902,-0.0002678981842767438,-3.907050615169957e-05,-0.00016185881040890512,0.0003154270376754537,0.004711017874027713,0.01307766107257978,-0.0006061764232423553,0.013913531485384004
72.24,156,903,-0.00027048564383691894,-3.8730313764302345e-05,-0.00016699880906326266,0.0003202360425603307,0.004937937633350088,0.013209441202058185,-0.0007714241845872879,0.014123302029414142
72.32,156,904,-0.0002687513347916028,-3.573939552402442e-05,-0.0001667033231605864,0.0003182680981460029,0.005184533091738693,0.013089992532602878,-0.0006205761314473518,0.014092991258702137
72.4,156,905,-0.0002639534270414441,-3.5440478860938735e-05,-0.00017277512776855316,0.00031745658595193056,0.0054271322553523125,0.01307545992709659,-0.0004972209491610908,0.014165756086227055
72.48,157,906,-0.000265697319290449,-3.599038908828836e-05,-0.00017004686666347133,0.0003175000951919882,0.003780253460738633,0.012999425240173487,-0.0006191610696445965,0.013552074868168689
72.56,157,907,-0.0002671034448591828,-3.858563560340456e-05,-0.0001653269039292388,0.00031649026318891543,0.004039182799452017,0.013128034178809436,-0.0004133182858735618,0.013741583281878958
72.64,157,908,-0.00026784184194381854,-3.872606174974494e-05,-0.00016473319272260247,0.00031682169265863824,0.0042403111157686595,0.013134977731978208,-0.0005010012445529437,0.013811548813406781
72.72,157,909,-0.00026774713913073887,-3.7580295479262026e-05,-0.00016430902329430237,0.0003163830972996685,0.004515252317791862,0.013149204183415518,-0.0003885456863479559,0.013908272426899631
72.8,158,910,-0.0002450584325830275,-3.524900086620477e-05,-0.0001609153214850725,0.0002952793052869777,0.003030898223009937,0.013312107135930128,3.227081817362722e-06,0.01365278546124503
72.88,158,911,-0.00024695922401825365,-3.587765571254398e-05,-0.00015597094009338,0.00029428387427913645,0.0035629496985905428,0.013596262491333841,-0.0003813190379636044,0.014060525185662571
72.96,158,912,-0.00024560074484959406,-3.385913205612764e-05,-0.00015904647065403222,0.0002945538092128052,0.0039793946194016435,0.013542139392825121,-0.0005501254877934398,0.014125429512901497
73.04,158,913,-0.00024564369175395927,-3.499947837694205e-05,-0.00015878268422934245,0.0002945805960959535,0.004011241813314586,0.013537678612279265,-0.00012948325880994497,0.014120041395426528
73.12,158,914,-0.00024344767329378616,-3.782837238641194e-05,-0.00015459626899240686,0.00029085694383310795,0.004452085449042197,0.013525561335388231,-8.264106634718255e-05,0.01423968763101106
73.2,158,915,-0.0002484980386645973,-3.954531293762385e-05,-0.0001527883531747252,0.0002943796661818388,0.004460112395225252,0.013344059011430744,-7.760809054991897e-05,0.014069916008786505
73.28,158,916,-0.00024185234175051057,-3.321524589174129e-05,-0.00015628625105706576,0.00028986410615894955,0.004705131905071379,0.013680240276011916,-0.00020104461343348353,0.014468160186773224
73.36,159,917,-0.00022825192542452814,-3.275457081344838e-05,-0.00014689724497246026,0.0002734055667861877,0.003869439506422393,0.013770522981802924,-0.0005816672796573823,0.014315662824698299
73.44,159,918,-0.00022428272626862132,-3.3242017930883806e-05,-0.00014677194967585537,0.00027009216625117866,0.004001238987945479,0.013846068099130516,-0.0004366362981113474,0.01441922905363678
73.52,159,919,-0.00022463537265978272,-3.519739016561239e-05,-0.00015125755487063847,0.0002730911108584716,0.004035187651833576,0.013814020075937853,-0.0004435553340837782,0.01439814680361047
73.6,159,920,-0.00022915191266858334,-3.0560711592832224e-05,-0.00014456001549666427,0.00027265757692227464,0.004368164744512438,0.013641191767941705,-0.0005183272450093904,0.014332886632422688
73.68,159,921,-0.00022560767359343896,-3.032289062784074e-05,-0.0001490052621386484,0.00027206776403182904,0.004744252363288945,0.013535162511686568,-0.0007767549700506273,0.014363561640061164
73.76,159,922,-0.00022587535840559283,-3.2106447552026994e-05,-0.0001478448629229627,0.0002718613709263891,0.0047642277446165145,0.013554395597427972,-0.0010549309004925817,0.014405984354391152
73.84,159,923,-0.00022669104533140947,-2.927202453907936e-05,-0.00014819749218169284,0.0002724117804776558,0.005012309266378594,0.013523917846150533,-0.0008037905064303743,0.014445264873635276
73.92,159,924,-0.00022635055124268274,-2.8281309686206216e-05,-0.00014656271620908277,0.0002711365602570365,0.005140175717840293,0.013593216118516646,-0.0006233566884261388,0.014545978977572508
74.0,159,925,-0.00022733794258490643,-2.354635994462426e-05,-0.00015767091202738395,0.0002776636233015176,0.0052000336919131454,0.01351908723141004,-0.0006413170347170392,0.014498874353084244
74.08,159,926,-0.00022224779367614275,-2.5580330949245157e-05,-0.00015201592426208573,0.00027047601807672785,0.005466179590437469,0.013399246406339568,-0.0006584456255153933,0.014486285728732515
74.16,160,927,-0.000213539907872312,-2.46170703377197e-05,-0.00014928326591923964,0.00026170744332105296,0.004471404033185017,0.013654002737564022,-0.0005076869446861288,0.014376473518189145
74.24,160,928,-0.0002084179429222802,-2.3469920856211036e-05,-0.00014964721959604733,0.0002576493090419209,0.0046749358819561885,0.013618375770585089,-0.0003320225909464104,0.014402271457313922
74.32,160,929,-0.000206904490596701,-2.260561512591772e-05,-0.00015052123529588044,0.0002568601260205625,0.004865391256355955,0.013596061301177678,-0.000673229505734701,0.014456076679037021
74.4,160,930,-0.0002072851206764276,-2.1163900759246896e-05,-0.00015101633228241227,0.0002573343439287115,0.0054716329811015955,0.013537970091099055,-0.0008211734821498783,0.014624969318092857
74.48,160,931,-0.0002078089226858016,-1.7535838153476844e-05,-0.0001480223047590259,0.0002557394312063596,0.005984611325242167,0.01359007072370448,-0.0006761629426760936,0.014864817231118412
74.56,161,932,-0.00019842010364688216,-1.9282168175309835e-05,-0.00015780317040469348,0.0002542521978873597,0.004511464795198382,0.013753682616054029,-9.557353781905099e-05,0.014475021050160599
74.64,161,933,-0.00019833771757798814,-2.058434868663839e-05,-0.0001635517135674882,0.00025789674025811297,0.004792494452196943,0.013771934859320115,2.940607415452788e-06,0.014581982083752092
74.72,161,934,-0.0002007664136356809,-2.272303406632745e-05,-0.00015824221051423049,0.000256639993589742,0.004965603962832864,0.013731248069581124,-0.00014309427660157397,0.014602221482913923
74.8,161,935,-0.00019470805105064608,-1.8133362314941023e-05,-0.0001586670112985728,0.00025182387584819543,0.0054316669564125905,0.013863100701825134,-0.00040811094716089723,0.014894801829481368
74.88,162,936,-0.00018117801282542816,-2.6411222489118104e-05,-0.0001567529910742537,0.0002410280589795839,0.0038204575538017035,0.013767844986275741,0.0001903194392770266,0.014289355233021724
74.96,162,937,-0.00018303250578979939,-2.4913372282977093e-05,-0.00017203296520073514,0.0002524220977053326,0.004104023489876322,0.013657570228827777,7.831710897135848e-05,0.01426107874357256
75.04,162,938,-0.0001891682770519007,-2.5471007266360003e-05,-0.00017418987615412247,0.00025840960161831476,0.004390281689166406,0.013637927400338116,0.00013219658517777094,0.01432777418248402
75.12,162,939,-0.00018807177806614433,-2.517911897621176e-05,-0.00017233923590849056,0.0002563314143270419,0.00489756112054123,0.013583467754993058,-0.00010702035056221665,0.01443981144391462
75.2,162,940,-0.0001850970386586827,-2.4105240140052067e-05,-0.00017359265167494998,0.00025490465872157763,0.005312492517426722,0.013633605408161185,-4.046441652465096e-05,0.014632136226202977
75.28,162,941,-0.00018743449008312634,-2.368601613401375e-05,-0.0001768032890121663,0.00025875107427514565,0.005416483951551639,0.013560978928869082,0.00020005047211200274,0.01460405656309369
75.36,162,942,-0.00018565512418052124,-2.402278005249076e-05,-0.0001746205105524912,0.0002560024253821588,0.005680604777094364,0.013529347626674805,0.00012382935086733448,0.014674053684823928
75.44,162,943,-0.00019055407809895946,-2.55652383435843e-05,-0.0001765284893673018,0.00026101100676027096,0.006007319409854947,0.013593048204168609,0.00043613109089027385,0.014867718597730877
75.52,163,944,-0.00020062629671007884,-2.283391647945083e-05,-0.00018472391954732576,0.0002736699200246859,0.004641298463812964,0.013607198272683975,-0.00017193737352443945,0.014378006076043396
75.6,163,945,-0.0002003869190680148,-1.829944103734696e-05,-0.00018684913912847984,0.00027459495200914466,0.004987339548205232,0.01358935308004573,-0.00044529841413846067,0.01448248471709446
75.68,163,946,-0.0001974354876804136,-2.367353614144718e-05,-0.0001826549479602444,0.00027000747790274765,0.005457466586897525,0.013561313751412592,-0.00016098558445224928,0.014619134330382104
75.76,164,947,-0.00020035652061378416,-2.3709749098840778e-05,-0.00019505930737646776,0.0002806296865069322,0.004324491601159007,0.013727231628127681,6.733602266813737e-05,0.014392451143593037
75.84,164,948,-0.00020548555132771245,-2.4262235419675984e-05,-0.00019594126528700825,0.00028496657227521874,0.004415548731752016,0.01366302943150078,-0.00011863792635944245,0.014359300777060985
75.92,165,949,-0.00019384971409925966,-2.708405539261706e-05,-0.00021114559668250363,0.00028791269633568706,0.0024502064523244183,0.013739297696145621,-0.00013214902745492323,0.013956692882190317
76.0,165,950,-0.0001948519607732606,-2.517525337875662e-05,-0.00021048892504795896,0.0002879351794548804,0.003224501969179716,0.013709624343395918,-0.00010115121808176668,0.014084084782306489
76.08,165,951,-0.00019549616776588522,-2.571092394387865e-05,-0.00021217657618421916,0.00028965272776629053,0.003590731159237351,0.013662758497420992,0.00012958334562575445,0.014127317928758844
76.16,165,952,-0.00019348668071012733,-2.4296930370976026e-05,-0.00021236127373874724,0.0002883136261462818,0.0036299190940750924,0.013742431969679192,0.00018754961816820737,0.014214989410128546
76.24,166,953,-0.0002012611532876192,-2.583187198194269e-05,-0.00022672588376368636,0.0003042662712184488,0.002519814872965283,0.013800347023223193,-3.9701527011290095e-05,0.014028564472769454
76.32,166,954,-0.00019964737791889245,-3.1989163551327166e-05,-0.0002144843266269459,0.000294764157358416,0.003490781730650495,0.013483591109152517,0.00019672474655464884,0.013929518545727526
76.4,166,955,-0.00019357323733901327,-3.3473984851256275e-05,-0.00020520640093118264,0.00028407881451959305,0.0036389872571046073,0.013766050067015421,2.8486974934923887e-05,0.01423893163873912
76.48,167,956,-0.00019856996975707884,-3.167895367678761e-05,-0.00022109500371938156,0.0002988588122593286,0.00310743341769714,0.013773488748328502,4.750686717487679e-05,0.014119751826720666
76.56,167,957,-0.00020545167550720144,-2.6656647397337457e-05,-0.00021507293592163676,0.0002986257450139469,0.0030785509253956254,0.013954693000503463,2.1171986984920067e-05,0.014290254749009463
76.64,167,958,-0.0002000425535451501,-2.969772164690066e-05,-0.0002186635486711172,0.0002978468153553553,0.003816254553362334,0.013913286969749583,-0.0003118204488952498,0.014430543479405462
76.72,168,959,-0.00019509093628293668,-3.1419956711410504e-05,-0.00021876124956066758,0.0002947951346424232,0.002857406234522451,0.01387729011898102,-0.0003163933034409987,0.014171946096352412
76.8,168,960,-0.00019715086936038782,-3.084818760218383e-05,-0.00022197999702445705,0.00029848818242415257,0.003214337685184056,0.013730699367714105,0.00010196919080894209,0.01410228597060821
76.88,168,961,-0.0001965956788596905,-3.064902764842828e-05,-0.00022257429772592783,0.0002985440367019356,0.0035962085682816627,0.013760435371721186,0.0003494495795500465,0.01422689047875697
76.96,169,962,-0.00021002834185932372,-2.540917154580504e-05,-0.00020100734915535392,0.0002918244074735413,0.002647122360641501,0.013834695980070406,0.0001868052104599214,0.014086907603865351
77.04,170,963,-0.00019270345943044395,-2.5152598670189908e-05,-0.00021210737856308573,0.00028767484515895467,0.0020092829102465975,0.01395312140010041,0.00021543029241231744,0.014098695855654094
77.12,170,964,-0.00019463835073942954,-2.850001993984762e-05,-0.0002099317304559672,0.0002876937089464658,0.002172809828422797,0.013992382677414964,0.00010961662793052923,0.014160504628961212
77.2,170,965,-0.00019355708508377102,-2.6994382936844868e-05,-0.0002081605292879647,0.00028552381310446384,0.0024202972908229175,0.013832415062431795,0.0006014809552370177,0.014055437551882459
77.28,170,966,-0.0001896765998708557,-2.8222718029034354e-05,-0.00020575357726232527,0.00028126192224998877,0.0027971827152899805,0.01390884217442226,0.0005065782902794612,0.014196363736530805
77.36,171,967,-0.00018845597517024715,-3.0610821615367924e-05,-0.00020699580227822497,0.0002816024487431576,0.0021031523782304557,0.0139592153420656,0.0001688137407195849,0.014117770396605542
77.44,171,968,-0.00018921139584348142,-3.1301755636987116e-05,-0.0002041803282623405,0.0002801256123104658,0.00236717054208632,0.013894618997932194,0.00036619028743807406,0.014099575482958112
77.52,171,969,-0.0001908662160032547,-3.156410364717643e-05,-0.0002006919380327014,0.00027875340184789217,0.002394332057398064,0.013891508902428127,0.0005688307548774412,0.014107813934661118
77.6,171,970,-0.00019361347485512934,-3.191105050706283e-05,-0.00020445276404672242,0.00028338211925999646,0.0025168070517991026,0.013977867458223714,0.0006837747264615554,0.014219094355555939
77.68,171,971,-0.00019115033148696904,-2.7177106696129353e-05,-0.00020622671600062318,0.00028250044734186286,0.0025103811133418237,0.013951779312357965,0.0006391397671586265,0.014190231110060422
77.76,172,972,-0.00019102903360876665,-2.829058708191276e-05,-0.0002056732274770401,0.0002821239541403049,0.0024764922123070767,0.01403884915736949,0.00039688847495846635,0.014261129681850119
77.84,172,973,-0.00018994942191647793,-2.5467811787735766e-05,-0.00020509974590882752,0.0002807050019068511,0.002842589080566058,0.01393742572410407,0.0002933380640639669,0.01422737487085021
77.92,172,974,-0.00019068562409734263,-2.4121436612443958e-05,-0.00021285583328349984,0.00028679340422062407,0.0028784377423477754,0.01394636049181826,0.0006006539448795916,0.014252970215566327
78.0,172,975,-0.00018941061172594477,-2.7521299984009448e-05,-0.00020409294279650486,0.0002797994479739798,0.003084410704123928,0.014001803908967655,0.0006316786217438251,0.014351415260456522
78.08,172,976,-0.00019388602202699928,-2.8395633588969086e-05,-0.000203485821188323,0.0002824970459474916,0.002992422819440932,0.01392459905672683,0.00069766838430739,0.014259586052735564
78.16,173,977,-0.00017995140948548385,-2.9585827818226842e-05,-0.00019863389311011926,0.0002696539531985102,0.002044971864174359,0.014138171996615849,0.0003332423889604611,0.014289187094476626
78.24,173,978,-0.00018245986316218896,-2.6151312623377405e-05,-0.0002023215148372175,0.00027369597765242507,0.0021454187845643038,0.014124415954521317,0.00042823855916948085,0.014292842127479659
78.32,173,979,-0.00018056769778073358,-2.517110033582724e-05,-0.00020152774203630345,0.0002717567084437871,0.002372220727272897,0.01406523100206358,0.0007843894409021606,0.014285426879001984
78.4,173,980,-0.0001853337933078339,-2.4293136975146496e-05,-0.00020927872512072857,0.0002805999932895965,0.0024526350388341324,0.014173225890786593,0.0009155935117890268,0.014412982420852753
78.48,173,981,-0.0001850053299411781,-2.303449029792029e-05,-0.0002031069529437218,0.0002756991008037792,0.002432207128122241,0.014161969412102763,0.0007127208377412858,0.014386972584111417
78.56,174,982,-0.00016337343739515798,-2.3353867165663188e-05,-0.00021099774127863435,0.0002678737202164232,0.002060761819658474,0.014111453843912946,0.0003080127730098239,0.014264457253417838
78.64,174,983,-0.00016347051163045014,-2.4534624920001616e-05,-0.00021048441968878615,0.000267634539856894,0.0019742156996155765,0.01412378415052116,0.0006069699208987373,0.014274005003642011
78.72,174,984,-0.00016216024650159199,-2.3572583037716584e-05,-0.00021072545816780826,0.0002669397515106355,0.0019962487590293445,0.014087947891340833,0.0009431513643504489,0.014259902502932372
78.8,174,985,-0.00016312787692349164,-2.2952481738507023e-05,-0.00021215895946270622,0.0002686055560255978,0.002099122366595896,0.014111414182815014,0.0007843898621881672,0.01428823265504868
78.88,174,986,-0.000164791494337863,-2.2779860678216542e-05,-0.00021118114942509923,0.0002688357054617764,0.0021218813745163723,0.014068247434616087,0.0007199880499382742,0.01424557296991439
78.96,174,987,-0.0001621660334522717,-2.1858986997765527e-05,-0.000216324794474709,0.0002712416900528694,0.0022997927506258156,0.014047460231018353,0.0006597387182505771,0.01424975230711861
79.04,175,988,-0.00016177848434878865,-2.444545787772995e-05,-0.00019008637962714874,0.0002508040871453247,0.0015566647452854821,0.014061194312566382,0.0008605775694767508,0.014173248899883554
79.12,175,989,-0.00016065898459375838,-2.4369536449163306e-05,-0.00018963711636947332,0.00024973469831477915,0.0017096241448100722,0.014038660763624299,0.001113032783811042,0.014186107737165965
79.2,175,990,-0.00016411130128157232,-2.1012313897428264e-05,-0.00018784940707688042,0.00025032266434102726,0.0017587973990690082,0.014130505433172565,0.0008986432771383537,0.014267869912058957
79.28,175,991,-0.00016032554183003769,-2.096673775130065e-05,-0.00018658688335904258,0.0002468978503281629,0.0019443694795233859,0.01430425710499357,0.0008950887907547563,0.014463524049898624
79.36,175,992,-0.00016061062793350307,-2.3470876045099738e-05,-0.00018792816435342686,0.000248321667972747,0.0021458605293017616,0.014280654330905761,0.000983596904221413,0.01447443499415527
79.44,176,993,-0.00013780703516755782,-2.4059373078928683e-05,-0.000200805475654252,0.000244729384070148,0.0015816081860168525,0.01423057843434097,0.0007788520973277518,0.014339367406532189
79.52,176,994,-0.00014078870907470483,-2.0593939773186978e-05,-0.00020753325508158127,0.0002516259583649116,0.0015139536676566092,0.014230077994420888,0.0008823609975732572,0.014337563822531043
79.6,176,995,-0.0001364936349629584,-2.5380886979673978e-05,-0.00020044932110852693,0.00024383320557738985,0.002159619923113906,0.014304350736384017,0.0006228292665377213,0.01447985927062333
79.68,176,996,-0.00013498311777826542,-2.7345676429651444e-05,-0.00019941259658001078,0.00024235018419493392,0.0022249365448212682,0.0143756282608381,0.0004458302001861313,0.01455361793815154
79.76,176,997,-0.0001366529433023634,-2.6055324292950373e-05,-0.0002006059684672361,0.00024412222639876008,0.0021292744462852596,0.01426244227705698,0.0008400586474444103,0.014444956486785685
79.84,176,998,-0.00013593181181958996,-2.66369137359992e-05,-0.00019961638283086736,0.0002429684813559464,0.002254581777329395,0.014039248835836836,0.0008763464687111055,0.014246109293362667
79.92,177,999,-0.00012638162885630235,-2.672788885385319e-05,-0.00019030944331946954,0.00023000952234966812,0.0019397199388110763,0.014019629541580196,0.0008549902118877703,0.014178982128015863
80.0,177,1000,-0.00012510571383677862,-1.9801914312407363e-05,-0.00019531313245450718,0.0002327891216406766,0.0017583227730169802,0.014229906856700182,0.000637532315927463,0.014352295829529323
80.08,177,1001,-0.000123434703261133,-2.218297085701767e-05,-0.0001971219633688243,0.00023363492591559886,0.0019386893825983095,0.014437306407633178,0.0007040889016129116,0.014583897764708168
80.16,177,1002,-0.00012491026044780115,-2.5713054749651216e-05,-0.00019937718094650508,0.00023667487114577987,0.0021299030118281286,0.014409089713064399,0.0008931651669030048,0.014593015357159797
80.24,177,1003,-0.00012147462688263532,-2.681594763096613e-05,-0.00019958111709227302,0.00023517610916804833,0.002273546783949122,0.014444719647419217,0.0012503251955320828,0.0146759072552918
80.32,177,1004,-0.00012758010188229171,-2.605959360190057e-05,-0.00020167789408348676,0.00024006198736356045,0.002128105832598259,0.014455676234507206,0.0008452020934712095,0.01463590709216355
80.4,178,1005,-0.00012045089737920488,-2.4577130238800876e-05,-0.00019819536126712862,0.00023322490269702838,0.00182627449709387,0.014611018931359025,0.00042218858241635304,0.01473076359020095
80.48,178,1006,-0.00011939213742557443,-2.519401197873022e-05,-0.00020283613013242176,0.00023671019497632204,0.0019104848562407197,0.014485336458466629,0.0007565573826943618,0.014630355558707965
80.56,178,1007,-0.0001179247361252544,-2.65884047206492e-05,-0.00020244443636564425,0.0002357900262335184,0.0019604900763310566,0.014533910214214749,0.0008425043059297224,0.01468972024783857
80.64,178,1008,-0.00011748016601373578,-2.5517406528096027e-05,-0.0002015796726669457,0.00023470639504506052,0.002011269906988771,0.0145166416238381,0.0011960769356147388,0.0147040365447593
80.72,178,1009,-0.00011995661385381549,-2.5553721499404093e-05,-0.00021288687976050692,0.0002456896527408247,0.0018971230211518645,0.014612316607429537,0.0007796740508525359,0.01475556722117853
80.8,179,1010,-0.00012454344771886802,-2.631691014078641e-05,-0.00022154290584425836,0.0002555091177609491,0.0017977900096905963,0.014474798422243192,0.00025973138843001994,0.014588327480477436
80.88,179,1011,-0.00012532976601712682,-2.6848486687444443e-05,-0.00022098897564428333,0.0002554692131033078,0.001982808795784522,0.014382567295556429,0.0006542337560865166,0.014533333909996457
80.96,179,1012,-0.0001211404105338692,-2.7459784706290153e-05,-0.00022127454638525901,0.00025375473142078025,0.0018633421428682969,0.01448380478100887,0.001015652898576181,0.014638449224086227
81.04,179,1013,-0.0001258130809431118,-2.7296614326366884e-05,-0.00021940119538914343,0.00025438341342993553,0.00195866846421258,0.014483090608448521,0.000985161074145381,0.014648100152144029
81.12,179,1014,-0.00012298503619157276,-2.7695211206276957e-05,-0.00022001928515433025,0.00025357608264705336,0.0023347411114759435,0.014584038490563597,0.0006012404372346112,0.014781971614612935
81.2,179,1015,-0.00012116565170474582,-2.8001487051889056e-05,-0.00022090256556151982,0.00025350175916907255,0.002462914683784204,0.014428374946073215,0.0007269951038940033,0.014655117679676236
81.28,180,1016,-0.0001224108244206324,-2.729168887259765e-05,-0.0002139252428887565,0.0002479783372834632,0.0019254442908698654,0.014522995834999962,0.0007359799589103995,0.014668551743119951
81.36,180,1017,-0.00012217211091086367,-2.9446639098824754e-05,-0.0002106072494945114,0.0002452519985204528,0.002014442386101946,0.01451718298609195,0.001074147897566542,0.014695590280231968
81.44,180,1018,-0.00013348262238760487,-3.0269080002184044e-05,-0.00021486525570923575,0.0002547565618284361,0.0021142836528421547,0.014482662325613977,0.0007586002190962013,0.014655824019646484
81.52,180,1019,-0.00012960693488833915,-2.9009987646677637e-05,-0.00021507634714175463,0.00025277929514549074,0.002056424973026998,0.014690529415935783,0.0003281425829661691,0.014837392484696203
81.6,181,1020,-0.00012515291784228922,-3.075186068896831e-05,-0.00021689353304308234,0.0002522929536395798,0.0019160014589565553,0.014521077714343722,0.0004655488810341954,0.014654333670875852
81.68,181,1021,-0.000124914366498204,-2.9764318544440542e-05,-0.0002192582134465676,0.00025409383656405983,0.0019966198410980487,0.014415052122330187,0.0007362342799264968,0.014571282009291472
81.76,181,1022,-0.00012691607493402942,-2.8713614849170805e-05,-0.00022196715380390356,0.00025729667530337904,0.002042625991689222,0.01434626434373115,0.0011946624457796241,0.014540111413654721
81.84,181,1023,-0.00012608681456036284,-3.0468151640886473e-05,-0.00021783258176377897,0.00025352953821648636,0.0024756233221992336,0.01440744281274606,0.0007133503226729054,0.014635982642748057
81.92,181,1024,-0.0001244167556267101,-3.1146343669088355e-05,-0.0002157123392020377,0.0002509610270313788,0.002453160850635803,0.014480174116501583,0.0006155901827093073,0.01469940107202816
82.0,181,1025,-0.00012460691967399503,-2.8341321863510886e-05,-0.00021543987997545077,0.00025048843653839435,0.002458079945406205,0.014374526856460181,0.0007730951478209533,0.014603658975499513
82.08,182,1026,-0.0001163851299434711,-3.092827846246224e-05,-0.00021477869735440447,0.00024623554925693635,0.0014854636994658262,0.014532824026772907,0.0006636856259227083,0.014623612932706984
82.16,182,1027,-0.00011522692550622321,-2.7506283944119093e-05,-0.0002087934261131736,0.00024005944015203503,0.0017964272103837904,0.014496214431401403,0.0007604872805666748,0.014626883621171028
82.24,182,1028,-0.00011355939510931174,-2.696253325531752e-05,-0.00021594551178932361,0.00024546930251884814,0.0017304186774437,0.01455371241509114,0.00047146368111379864,0.014663804822181499
82.32,182,1029,-0.00011355473429905971,-2.7697547365674917e-05,-0.0002166179168499573,0.0002461405161939392,0.0018542549959135108,0.014465686711826806,0.0005063201576038135,0.014592830902076156
82.4,182,1030,-0.00011541902592885845,-2.7258519942125496e-05,-0.0002176129269467376,0.0002478305155345643,0.0018526746540556084,0.01437716905938942,0.0009248476190631317,0.014525520185333509
82.48,182,1031,-0.00011357248442574236,-2.6220041435209904e-05,-0.00021773649371424286,0.0002469724285957284,0.0021705504392904285,0.01438063839019795,0.000973760637410563,0.014576085191096723
82.56,182,1032,-0.00011939874728968637,-2.6094468332385037e-05,-0.00021425437731020295,0.00024666155016232066,0.0022748838678925574,0.014504094643685284,0.0008037433983357165,0.014703396257183107
82.64,183,1033,-0.00011072335335103279,-2.803825314935564e-05,-0.00023256828017970466,0.00025910192890580847,0.002183334965681547,0.014535355788024664,0.00024352567282095907,0.01470043619115272
82.72,183,1034,-0.00011412319478470084,-2.8017042765067484e-05,-0.0002326029981538784,0.0002606016366474692,0.002248367494619161,0.014418592940859655,0.0005163262039194464,0.014601971494764733
82.8,183,1035,-0.00011303976933936218,-2.822836914233831e-05,-0.00022822460187990165,0.0002562446080993158,0.0026103924303244284,0.014235081166618438,0.0007841856627454683,0.014493675572958211
82.88,183,1036,-0.00011371199507382628,-2.9407786855412426e-05,-0.00022229070917482627,0.0002514127982757649,0.00261733184984605,0.014325589556045439,0.0009537392495632211,0.014593922046408705
82.96,183,1037,-0.00012121902865329979,-2.8014414934099087e-05,-0.00022447482644301413,0.0002566472444005014,0.00249331294525469,0.01437880307321402,0.0011414450922545122,0.01463794671939598
83.04,183,1038,-0.00011389367170738712,-2.49392949925788e-05,-0.00021974133643141948,0.0002487568930228532,0.0027188521822352697,0.014532199150038949,0.0008825466476701383,0.014810667031249877
83.12,183,1039,-0.00010866819261027598,-2.9304345449420025e-05,-0.000213105859876056,0.0002410013034423594,0.0027614975392960526,0.014450135672819624,0.0007893434221955441,0.014732798534582484
83.2,183,1040,-0.00011429980395775058,-2.7675780334802663e-05,-0.00021936853221496554,0.00024890348918419936,0.002677348899758669,0.014379204478571958,0.0009470516043943692,0.014656965078385386
83.28,183,1041,-0.00011185925109633914,-2.889959829686743e-05,-0.00023034423289331152,0.0002576938968325837,0.002629023466052014,0.014417490463132883,0.0010127265983660516,0.014690180761400379
83.36,184,1042,-0.00010300445663751925,-2.9193104084545195e-05,-0.00021792161279056012,0.00024280029805278346,0.0022176655387633327,0.014507559389512415,0.000496868103761849,0.014684488339556956
83.44,184,1043,-0.00010090492023245204,-2.964860069185742e-05,-0.00022227252235339847,0.00024589818348951816,0.0023168592333298065,0.014509989624625477,0.0007370214928126081,0.014712268223991578
83.52,184,1044,-0.00010371971808880336,-2.9052351079394966e-05,-0.00022018760033508673,0.0002451211911789455,0.002416358622773104,0.014396544911854301,0.0010016507377647108,0.014632245165843568
83.6,184,1045,-0.00010268429067000436,-3.0551776315985555e-05,-0.00021975476214575803,0.00024447828139162513,0.002471818258434541,0.014417779741041597,0.0009971998688986922,0.014662082585446429
83.68,184,1046,-0.00011024985916601066,-3.2600194230874487e-05,-0.00021974174720130538,0.00024800048300980854,0.002385912406901109,0.014368547354316497,0.0011266160022091014,0.014608798537288201
83.76,184,1047,-0.00010340346084172444,-2.8206930729549394e-05,-0.00021208173459411086,0.0002376269530244297,0.002520020049707283,0.014580835450410647,0.0011341489256109522,0.014840402867454206
83.84,184,1048,-0.00010278272868095521,-3.017529483348482e-05,-0.00021686203744934054,0.0002418759620550785,0.0027328606042917084,0.014481907067028626,0.0009985574168334447,0.014771299072703673
83.92,184,1049,-0.000101049973741422,-3.0083460548270035e-05,-0.00021898317629745132,0.00024304267792513734,0.002800946648280573,0.014448197429817688,0.0014562630227168138,0.014789063969326692
84.0,184,1050,-0.00010108321367751554,-3.026611828674627e-05,-0.00022476458918021733,0.0002483001702634806,0.0029224935906935535,0.014483466089306635,0.0014954193695240821,0.014850859834988947
84.08,184,1051,-0.00010523339256796394,-3.0167346712500277e-05,-0.00021763458819752362,0.00024361639866589665,0.0027044841410726775,0.014570506822247515,0.0011274336369881761,0.01486220071632352
84.16,184,1052,-0.0001049405606700423,-3.103716247730441e-05,-0.00021789128266468322,0.00024382870583597473,0.003036595838246381,0.014554040737629644,0.0011384200568111077,0.014910969663411842
84.24,184,1053,-0.00010404288153187535,-2.8763569973778386e-05,-0.0002194411615743866,0.00024455405853963724,0.0030270274904985166,0.014477701169647592,0.0012922319299687385,0.014847107123836606
84.32,185,1054,-0.00010314891858064197,-3.180259174106126e-05,-0.00022383944556602283,0.00024850593883669864,0.002416119561093779,0.014310176782743616,0.0012369384259359457,0.01456532903701222
84.4,185,1055,-0.00010220948078223448,-3.2796382727163346e-05,-0.00021393064812063396,0.00023935058572536447,0.002576594185516618,0.014396105222264291,0.001234391986611703,0.014676866380258233
84.48,185,1056,-0.00010304457243936797,-2.7979304042648176e-05,-0.00021902967594157217,0.0002436699084971167,0.002435955248841386,0.014476328080319826,0.0009094037185639192,0.014707989930196175
84.56,185,1057,-0.00010337596863764838,-2.959417868447197e-05,-0.00021818627500051367,0.00024324402747525023,0.0025476094520946306,0.014457777734810821,0.0008976297972037976,0.014707936299917183
84.64,185,1058,-0.00010245286730428925,-2.8439237698534453e-05,-0.00021973542022462312,0.00024410865441650315,0.0029929200712559244,0.014376914781311173,0.0012989268778841189,0.014742471306266804
84.72,185,1059,-0.00010169835040195947,-2.9486436427000172e-05,-0.00022187116188414701,0.0002458430736943073,0.0028854861109007257,0.01441177409357531,0.0014305094735734126,0.014767248219435898
84.8,186,1060,-9.49629094662094e-05,-2.941845112658444e-05,-0.00023474950271962932,0.0002549327920611391,0.0023800523770361906,0.014318390097814876,0.0008188780298533236,0.014537933331062404
84.88,186,1061,-9.201775258765628e-05,-3.002370682747539e-05,-0.00023862305178842845,0.00025750660303721983,0.002514128706710145,0.01445372459181016,0.0006996942791780533,0.014687428972223705
84.96,186,1062,-9.084116114796592e-05,-2.9807299953619422e-05,-0.00024387914124266265,0.0002619496654368819,0.002723728142606769,0.014325887241118933,0.0007013685490670826,0.014599371838599867
85.04,186,1063,-8.974744598168762e-05,-3.093272300126347e-05,-0.00024213149875881924,0.00026007518163735063,0.0027806804196289668,0.014356943342791128,0.0010237212570570653,0.014659536519152742
85.12,186,1064,-9.225567491938904e-05,-3.1490096585660814e-05,-0.00023717172368329677,0.00025642379424053514,0.0027894782078637342,0.01432759477927744,0.001120309906159979,0.014639544225048982
85.2,186,1065,-9.530282036947377e-05,-2.8401115403329926e-05,-0.0002426486393011539,0.00026223579671972886,0.002927678553361528,0.014316907598175128,0.0010061601782304908,0.014647781510889442
85.28,186,1066,-9.175846420810002e-05,-2.958780174051878e-05,-0.00024092647521982386,0.00025950071334683036,0.0029634204996280395,0.014388641814732612,0.0011044013981766651,0.014732093428246443
85.36,187,1067,-8.446385006802352e-05,-2.997167321877863e-05,-0.00022621599062546132,0.00024332307243355616,0.002202577769824138,0.014414784427522535,0.000517720872671747,0.014591278005235513
85.44,187,1068,-7.923938783847644e-05,-3.0193554199523712e-05,-0.00022705563107526075,0.00024237324708639149,0.002318525437908329,0.014398132127833254,0.001023400339883594,0.014619477324187962
85.52,187,1069,-8.401233053764375e-05,-2.928869310249496e-05,-0.00023171624690780914,0.00024821023006125115,0.002309136899470952,0.01443219981697268,0.0010907007830395809,0.014656402456798454
85.6,187,1070,-7.9287912580732e-05,-3.040493370548822e-05,-0.0002296459488497334,0.0002448434089334228,0.0025383273681274486,0.01460054775646379,0.0008457501294762745,0.014843665110008166
85.68,187,1071,-7.901416190929394e-05,-3.058262035345271e-05,-0.00023440539876806184,0.00024924771898961407,0.002778594485244918,0.014618196346784107,0.0007180101423598437,0.014897241030173917
85.76,187,1072,-8.111766068629262e-05,-3.0326906926746055e-05,-0.00023243346624972716,0.00024804256165388846,0.0027487062969632717,0.014390593005327525,0.0011266208380062343,0.01469400652866933
85.84,187,1073,-8.016288668030006e-05,-3.1564541269976734e-05,-0.00023074560415461956,0.00024630457263961436,0.003032949748456565,0.014408153295880879,0.0013613315853147198,0.014786713267641367
85.92,188,1074,-8.347552830612699e-05,-3.19891608979644e-05,-0.00022202019243702185,0.00023934167228193898,0.002225444618720693,0.014301566425663097,0.0007579692406986453,0.014493513147214932
86.0,188,1075,-8.195913585964068e-05,-2.798943364645886e-05,-0.00022622867678056695,0.00024223980379903463,0.0022645663460526813,0.014539377306197471,0.0005453744525789811,0.014724781372949828
86.08,188,1076,-7.854355525048078e-05,-3.040815827647906e-05,-0.00022423856321148266,0.00023953429690193185,0.0025179340810041946,0.014526863224965185,0.0006383973491404937,0.014757279504316436
86.16,188,1077,-8.143685611701536e-05,-3.022471989309846e-05,-0.00022569101251281365,0.00024183037103701167,0.002760078276218893,0.014404198643987393,0.0008609659858899709,0.014691502070760606
86.24,188,1078,-7.826626857029335e-05,-3.082678720076789e-05,-0.00023060413082908411,0.0002454672376519442,0.002757991997850881,0.014455208729533027,0.001343317571498527,0.014777147267739942
86.32,188,1079,-8.510331524346356e-05,-3.1340311787532276e-05,-0.00023071838523589856,0.0002479027282912162,0.0028824977845382745,0.014543652324781955,0.0009547265495653516,0.014857258132187398
86.4,188,1080,-8.189318737063636e-05,-3.197934836593852e-05,-0.00022470944924776878,0.00024129548160060473,0.0032257149273885676,0.014463655514440722,0.0009624935522385585,0.014850217556362254
86.48,188,1081,-8.150729020874468e-05,-3.1840422019431106e-05,-0.00022691298304384664,0.0002432010540795517,0.003135826893997755,0.014420328484744293,0.0009734281827375183,0.014789416700600294
86.56,188,1082,-8.085558301477057e-05,-3.226902565533715e-05,-0.00022904750254792284,0.00024503402568795213,0.0032083602179938772,0.01439708803371378,0.0011960988006813895,0.014798661138086165
86.64,188,1083,-7.82599278226385e-05,-3.166083366615703e-05,-0.00022798961209352742,0.00024311784778949849,0.0033487532474585657,0.014407495611910959,0.0014168116649787084,0.014859254133825748
86.72,189,1084,-8.020788349321926e-05,-3.0261339774523645e-05,-0.00024275992044143525,0.0002574518056494127,0.0025218559101699983,0.014465354228772407,0.0006704170268789965,0.014698832919162404
86.8,189,1085,-7.586341297805903e-05,-3.306725943486288e-05,-0.00023159444506269455,0.0002459363496092221,0.002896689657629059,0.014573310998958672,0.0008027856722842827,0.014880076252513287
86.88,189,1086,-7.611089444638851e-05,-3.345083841307746e-05,-0.00023511825187865913,0.0002493840797052685,0.0031198140702597076,0.01453828642411369,0.0009232776669964381,0.014897900980773541
86.96,189,1087,-7.322074234599722e-05,-3.225506689172196e-05,-0.00023108012602053972,0.00024453975360165243,0.003046217482811424,0.014451641568304535,0.001309014429712806,0.014827100314914236
87.04,189,1088,-7.83727881792086e-05,-3.3057866866440553e-05,-0.000233196324070947,0.0002482249827252377,0.0030374875591297344,0.014575514971159527,0.0010898613613698463,0.01492848837402402
87.12,189,1089,-7.254248805376018e-05,-3.4781808392808156e-05,-0.00023957683188130866,0.00025272365370575977,0.003142543333662598,0.014578542806525891,0.0011039110721141902,0.014954200367147397
87.2,189,1090,-7.508871848674988e-05,-3.194530216200235e-05,-0.00023378027046169796,0.00024761266694446117,0.003369968582030958,0.014529995150393459,0.0009303403260003939,0.014944663945252021
87.28,190,1091,-7.815196637252474e-05,-3.2902317510113556e-05,-0.00022927963889547332,0.0002444574506073955,0.002745150254754707,0.01449682630892257,0.0009943473550469383,0.014787919042743581
87.36,190,1092,-7.691821108210417e-05,-3.314039009441169e-05,-0.0002194191376709092,0.00023486050035697003,0.0029171534146890435,0.014462188331000915,0.001211159251133371,0.014803093666452865
87.44,190,1093,-8.864162246030812e-05,-3.309690514357035e-05,-0.0002173092205751978,0.00023701485124244488,0.0028274828718845716,0.01447329010828265,0.0009190636113934387,0.014775502152925314
87.52,190,1094,-7.960292962529951e-05,-3.248219360811967e-05,-0.0002180684589728299,0.00023440471860717852,0.0027914635854107165,0.0144966592273378,0.001014221948954167,0.014797771584396503
87.6,190,1095,-7.637835878529072e-05,-3.2322192592360937e-05,-0.00021295610468247982,0.00022853594978962844,0.0031749476094596473,0.014564946952663362,0.0006093267539138198,0.014919425295558352
87.68,190,1096,-7.69403241339551e-05,-3.298654817189087e-05,-0.0002220036099975213,0.00023726257330237757,0.0031145486006252747,0.014443788685447392,0.0010725637883203932,0.01481464942735842
87.76,190,1097,-8.106928143887265e-05,-3.131082281927416e-05,-0.00023200974284410343,0.0002477521277269322,0.0031302028420373057,0.014560578921204667,0.0012834954362370696,0.014948444363470384
87.84,191,1098,-6.237511174970897e-05,-3.284234859164767e-05,-0.0002267682211225462,0.00023747231530830704,0.0022706012036777597,0.01458258680010862,0.0005460542368447117,0.014768400144850528
87.92,191,1099,-6.055235677870022e-05,-3.250940083879966e-05,-0.0002240236076534603,0.00023432888392262757,0.002396549934927803,0.014468256591601577,0.0006204104326003563,0.014678515234719903
88.0,191,1100,-6.059805325640209e-05,-3.2753474277995156e-05,-0.00023183871757924147,0.00024185554594536863,0.0023291525213710263,0.014347580303350602,0.0006991079945947587,0.01455220821789633
88.08,191,1101,-5.959339781062029e-05,-3.414685748266536e-05,-0.0002291353901958925,0.00023920787608015795,0.0024068651124041856,0.014430712290615651,0.0006579256872807356,0.014644839469718262
88.16,191,1102,-5.835080117406048e-05,-3.277430769599711e-05,-0.00023063690125991034,0.0002401506849154927,0.0025703612292880215,0.014470720504122254,0.0007644259518492333,0.014717093999608478
88.24,192,1103,-6.106074362744154e-05,-3.163943535423938e-05,-0.0002393235156256988,0.00024900846052557194,0.0017657276172201443,0.014402130292888777,0.0006339851647948883,0.014523811076323544
88.32,192,1104,-6.252449764687849e-05,-3.194593872306255e-05,-0.0002419984969192189,0.0002519784282791949,0.0017146464387626935,0.014485669933551045,0.0005413427028530824,0.014596838621964642
88.4,192,1105,-5.8427764861574705e-05,-3.3131635424984946e-05,-0.00023664842535096205,0.00024599590686380014,0.0022199019437918934,0.014403939848878255,0.0009323867635062323,0.014603793784045143
88.48,193,1106,-4.806743270884878e-05,-3.345272884820339e-05,-0.00024857740363721414,0.00025538263205165224,0.0017424793843194334,0.014394808066686481,0.0005182669132981307,0.014509146572935984
88.56,193,1107,-5.038562812442466e-05,-3.0550758638779886e-05,-0.00023901278241354436,0.0002461689877542703,0.0020707321591561753,0.014516158551608087,0.0006615249222980394,0.014678024594379504
88.64,193,1108,-4.929968255592483e-05,-3.226313656433779e-05,-0.00023665199322662057,0.00024387606397352024,0.0019711592954769377,0.014565844626858986,0.0006274695537850446,0.014712002470869462
88.72,193,1109,-4.6007532233293105e-05,-3.4505981018232756e-05,-0.00025150842890543765,0.00025799970069500025,0.002016692361624454,0.014523358355166001,0.00039617333310589637,0.01466805847083617
88.8,193,1110,-4.8728039326324896e-05,-3.462716434441433e-05,-0.0002515313504471604,0.0002585371976812914,0.001877222439937603,0.014353872734877472,0.0008282894864608113,0.01449978241393455
88.88,194,1111,-5.0265539915366634e-05,-3.5423814641541036e-05,-0.00023751451832095325,0.00024534591408861085,0.001919478105409001,0.01455735908370592,0.0003982228316191809,0.014688760366781213
88.96,194,1112,-5.938072539371948e-05,-3.5146451596598263e-05,-0.00023192137725309465,0.00024196873524298256,0.0019304420828419049,0.014411045505863827,0.0006191095504429226,0.014552942514925792
89.04,194,1113,-5.148709683020942e-05,-3.1703815963635246e-05,-0.0002235565724676552,0.00023158927906996338,0.001916496709062434,0.014578485092963995,0.0006864140118023438,0.014719930415501941
89.12,194,1114,-5.285866546715613e-05,-3.257428468008975e-05,-0.00022643388392855799,0.00023479230466171572,0.002125495892307532,0.014525482424088838,0.0005280171018159829,0.01468966216427526
89.2,195,1115,-5.1186199031500964e-05,-3.233879631648835e-05,-0.0002244493132210288,0.00023247218957088878,0.0013323922511382217,0.014610966123370674,0.0006604845875717697,0.014686450900731549
89.28,195,1116,-5.0110589516137186e-05,-3.18147067257006e-05,-0.00022488417742815548,0.00023258576913309906,0.001627605858642136,0.014687957434414693,0.0008857578460991237,0.014804383181618551
89.36,195,1117,-5.341198618791177e-05,-3.312815023095619e-05,-0.00021865332829182368,0.0002275073462096433,0.001484491099518018,0.014640741678402161,0.0006450881546624322,0.01472994125736882
89.44,195,1118,-5.017893336068738e-05,-3.3143050947089786e-05,-0.0002241373530915927,0.00023206451738730545,0.0018638755805179658,0.01472167297378427,0.0005481974400966794,0.014849316743878484
89.52,195,1119,-5.053185548699797e-05,-3.255484684910916e-05,-0.0002251813294279158,0.00023306633732748995,0.0016968009042948237,0.014598403391031519,0.0008935980161577436,0.014723825328038138
89.6,196,1120,-3.9546966662355465e-05,-3.5059208581744186e-05,-0.00023751690968402652,0.0002433256933914331,0.0016197802110504995,0.01449080987537106,0.0005563524089186718,0.014591668402865104
89.68,196,1121,-4.195770892363365e-05,-3.66725730992546e-05,-0.00022753688205281853,0.00023426130634434444,0.0016318274417663231,0.014447009723150548,0.0007257207351192824,0.014556978440799114
89.76,196,1122,-3.885386285004273e-05,-3.065718164924484e-05,-0.00023403654545233222,0.0002392124370769762,0.0016856359275052187,0.014468941938056914,0.000633450979273739,0.014580566156020878
89.84,196,1123,-3.817830115039874e-05,-3.456284690673475e-05,-0.00023227035552376833,0.0002379110991949864,0.0017369914284483497,0.01462028558343101,0.0007044803405618815,0.014739951910159744
89.92,196,1124,-4.1434594562994185e-05,-3.519335448744739e-05,-0.000239526173314418,0.00024561796662566737,0.0019062217581775301,0.014441792982364832,0.0006698883518544127,0.014582448914389578
90.0,196,1125,-3.899807282576926e-05,-3.501979837763687e-05,-0.0002371487177152229,0.00024287188037421873,0.0020160523219113144,0.014480405367153995,0.0011101502163937732,0.014662163553335003
90.08,196,1126,-4.2602342849629766e-05,-3.184705315399394e-05,-0.00023579136071851014,0.0002417162803792026,0.0022496330370625284,0.014387519996393924,0.0008988239268125786,0.014590046775095993
90.16,197,1127,-3.646950670408122e-05,-3.2084472168314335e-05,-0.0002313302602692913,0.00023637497242689722,0.001833535826974082,0.014561164397386651,0.0006669168829256736,0.01469129471371565
90.24,197,1128,-3.4216079228704224e-05,-3.245827236837901e-05,-0.00023468457310683557,0.0002393765409919328,0.0017749342144226404,0.01445910403418154,0.0008215363820046224,0.014590784864556472
90.32,197,1129,-3.462639875684603e-05,-3.409086128889015e-05,-0.0002358917874316395,0.00024084457579937366,0.0019446421853674383,0.014448984703651472,0.0009441686736254062,0.0146097996796575
90.4,197,1130,-3.3067807143573156e-05,-3.482588472273004e-05,-0.0002398234072600303,0.00024458452278469254,0.0019460160853692465,0.014447723441880356,0.0010559551896524744,0.014616385757776407
90.48,197,1131,-4.168459298037063e-05,-3.232780309501871e-05,-0.0002533246779949378,0.00025875873826042745,0.001774794994442146,0.0143749334502236,0.0010224949608116,0.01452012757917572
90.56,197,1132,-3.907170669600347e-05,-3.483731184410824e-05,-0.00024713802179349907,0.0002526211360449996,0.0021253108908713407,0.014445626675811557,0.0010667185907311276,0.014640046618490879
90.64,197,1133,-3.829319877998835e-05,-3.6540839862348266e-05,-0.00023844942183025435,0.00024425341107512104,0.0025199323543130705,0.01442355828865505,0.0009147167184009068,0.014670575975450512
90.72,197,1134,-3.68572029538837e-05,-3.3894738025159043e-05,-0.0002415818908485044,0.0002467166728482626,0.002615980919149322,0.014425009617494051,0.0011543742255675329,0.01470567368354146
90.8,197,1135,-3.554756739755215e-05,-3.2394331473146e-05,-0.00023751033104920828,0.0002423307236290522,0.002141110174150405,0.014462625808922493,0.0014073121314734053,0.014687832566520957
90.88,198,1136,-3.4512900222831e-05,-3.619288335870702e-05,-0.00024038258180912635,0.0002455297349097037,0.0018647076240443428,0.014410961590257204,0.0008368294318411523,0.014555178871351363
90.96,198,1137,-3.3815178282959814e-05,-3.4900306100203366e-05,-0.00024426572989487053,0.000249052694121686,0.0022001161631216713,0.014401507480858304,0.0007467697022244814,0.014587720652679341
91.04,198,1138,-3.5194821499917315e-05,-3.662316628087995e-05,-0.0002465763860350321,0.0002517535420186679,0.002289751961334398,0.014358944141552513,0.001146340018953829,0.01458548375418913
91.12,198,1139,-3.531512846146773e-05,-3.836857831533889e-05,-0.00024519117644167737,0.00025067512661818686,0.002516314512350508,0.01432347213966617,0.0012951288613053502,0.014600378475513735
91.2,198,1140,-4.13977736676747e-05,-3.6933569183724445e-05,-0.00024613131346875884,0.000252306336954,0.0025513930227027653,0.014347082739160641,0.001305523416576437,0.014630542740166785
91.28,198,1141,-3.8015218877340685e-05,-3.453414371267393e-05,-0.0002507373303614537,0.0002559432999417029,0.0026844228902030897,0.01452613981313006,0.001050066713168352,0.014809372175286592
91.36,198,1142,-3.307113142138678e-05,-3.702983364068153e-05,-0.00024091204480677423,0.00024597463618415694,0.0028761438370325174,0.014459251403097976,0.0012170434714837504,0.014792678909540764
91.44,198,1143,-3.4264105212438374e-05,-3.475288115892728e-05,-0.0002467563824596006,0.00025153628752011954,0.003073629597506221,0.014291709596289646,0.0011498713988035453,0.01466364096400107
91.52,199,1144,-3.3474172204497086e-05,-3.470337509523136e-05,-0.00024629099944310963,0.0002509663341057172,0.0022170045653844062,0.014536925195080853,0.0008861956711294993,0.014731688502606905
91.6,199,1145,-3.617833570735083e-05,-3.448187974404131e-05,-0.0002342312808005523,0.00023950399769253014,0.002256335913373547,0.014502470788330618,0.000605585025920191,0.01468943307088401
91.68,199,1146,-3.389311420792967e-05,-3.422234576637086e-05,-0.00022774632892085735,0.0002327838105998614,0.0027665499947763994,0.014447896754226143,0.0005588060454173155,0.014720998053487085
91.76,199,1147,-3.3018463400831035e-05,-3.374252607593179e-05,-0.00022904008724618666,0.00023385495196184697,0.0025411360792286486,0.01439801867479134,0.0008282195882627856,0.014643983816543225
91.84,199,1148,-3.330401073303558e-05,-3.441087599767936e-05,-0.00023346463485002708,0.00023832541040243754,0.00267921908054266,0.014421012617012069,0.0010171578931546389,0.014703007514150698
91.92,199,1149,-3.4707240452331e-05,-3.3589002081867976e-05,-0.00023314901979415033,0.00023809930497933996,0.002725707940866239,0.01435869020806774,0.001186016861079534,0.014663154649151276
92.0,199,1150,-4.169110514153995e-05,-3.4419817119793964e-05,-0.00024050840239733454,0.00024650996669952556,0.0025470643616410556,0.01436224584012713,0.0009018539532822441,0.014614204835968389
92.08,200,1151,-2.8020223988199034e-05,-3.5696707368654196e-05,-0.00023834345290716936,0.00024262520358162349,0.002081361029598508,0.014380892035224264,0.0006364022025546909,0.014544659749465592
92.16,200,1152,-3.3672232558857675e-05,-3.596744066087205e-05,-0.00023398114534011643,0.0002391122171865416,0.002200939800520926,0.014426360174269013,0.0006003485094080588,0.01460562981237032
92.24,200,1153,-2.7535865344927516e-05,-3.4335660924120116e-05,-0.00023357368351263088,0.00023768430137694998,0.0024358978992578767,0.014441721103952622,0.0010901760895628062,0.014686231338441252
92.32,200,1154,-3.1223974439093694e-05,-3.4557103486089125e-05,-0.00023242557600740123,0.00023704594146176325,0.0023851127477610766,0.01445886394871033,0.0010985843215112394,0.014695386929860608
92.4,200,1155,-2.8430981610414785e-05,-3.461643056343438e-05,-0.00023464670885742843,0.0002388842731489614,0.002390251003391192,0.014564407498743331,0.0008133175078777623,0.014781635600206225
92.48,200,1156,-2.799630047278534e-05,-3.4065987514067826e-05,-0.0002337355679391057,0.00023785836135248098,0.0024150585264422057,0.014578108839930475,0.0007988424207074185,0.014798375392188224
92.56,200,1157,-2.804092781978368e-05,-3.5148753641287075e-05,-0.0002352453136264657,0.00023950383316085865,0.0024337148005987674,0.014422445985056253,0.0010487962637431812,0.014663897487549496
92.64,201,1158,-2.520969292590833e-05,-3.777737085672177e-05,-0.00023889301394923115,0.0002431718126757549,0.0015004386971190745,0.014531210732125528,0.001252940543100997,0.014662102906124986
92.72,201,1159,-3.361902639094145e-05,-3.4841907769853116e-05,-0.00023630052130881683,0.00024120972999308376,0.0016719736666304997,0.014439998371850353,0.001449900842789688,0.014608602307369071
92.8,201,1160,-1.971593266898945e-05,-3.686349998218478e-05,-0.00022370759960680552,0.00022758015237226526,0.0017978708450135789,0.014639861113773984,0.001373339826433568,0.01481364017670235
92.88,201,1161,-2.4289671274657273e-05,-3.846481936121623e-05,-0.00022751989080253024,0.00023202334186438482,0.0019620687494225682,0.014664256177140464,0.001506364279793447,0.014871424153378873
92.96,201,1162,-2.6238751753296744e-05,-3.750902200835697e-05,-0.0002348038267161461,0.000239224237622655,0.0019051681294614535,0.014524361018245608,0.0018529550167702637,0.01476550611675815
93.04,201,1163,-2.6322139571989982e-05,-3.750693298517056e-05,-0.00023877835332076269,0.00024313520326800967,0.0020750060479599506,0.014508614720685849,0.002076547002975627,0.014802621344476104
93.12,201,1164,-2.3838254051637398e-05,-3.663333288281154e-05,-0.00023215185152335592,0.0002362302808702889,0.0025077562084970867,0.01454257605451862,0.0014956607881301699,0.014832813647311295
93.2,202,1165,-1.7335351975081086e-05,-3.788010095813562e-05,-0.00024088304645050257,0.0002444587051916407,0.0019101913192024137,0.014369230788366832,0.0007480494395069398,0.014514930323265497
93.28,202,1166,-1.785185088124359e-05,-3.7441309601214494e-05,-0.00023555297972818807,0.0002391772282291279,0.0018447891837698163,0.014347304633069434,0.0013790345776778013,0.014531005943604893
93.36,202,1167,-1.86234147295159e-05,-3.698097769952546e-05,-0.00023423698482648504,0.00023786842864996466,0.0020911030142584676,0.014359045972594991,0.0014192819476081414,0.01457975563259356
93.44,202,1168,-2.4449799572779683e-05,-3.867695679455882e-05,-0.00023071742116497724,0.00023521102889757266,0.0021219291103870773,0.01425120042784648,0.001370921279183607,0.01447337976900621
93.52,202,1169,-2.0041893639252204e-05,-3.7727738193850455e-05,-0.0002344179443730627,0.00023827889619931333,0.001844640022359125,0.014386799546939014,0.0014128011440786444,0.014573218762119904
93.6,202,1170,-1.9434172791972727e-05,-4.1493630390658345e-05,-0.00023857577234066764,0.00024293580959391494,0.0017997693663332481,0.0144587447679277,0.0014242013440340785,0.01463976842386575
93.68,202,1171,-1.7130181074531166e-05,-3.939209411456234e-05,-0.00023821778159909308,0.00024205968613622957,0.0021377226851683156,0.014407020943872868,0.0017972365988751687,0.014675223001651834
93.76,202,1172,-1.7264009022124427e-05,-4.05356500709856e-05,-0.00023986180665015966,0.0002438747039437915,0.002182136261769591,0.01432854451301548,0.0019505173198550178,0.014624411931474379
93.84,203,1173,-2.054834144071284e-05,-3.936577916491533e-05,-0.00023025078101386663,0.00023449375484801415,0.001727884955964131,0.014436998314417995,0.000973049324420433,0.014572554056832668
93.92,203,1174,-1.857759548137972e-05,-4.069585961458942e-05,-0.00022880255603283475,0.00023313491735644972,0.001983825593733908,0.01449880731586183,0.000739098196570454,0.014652550757906144
94.0,203,1175,-1.8829653295943468e-05,-4.118167469014826e-05,-0.00022909277350163126,0.00023352512722231916,0.0017732428382839331,0.014431806657372275,0.0010303706718830343,0.014576799967097603
94.08,203,1176,-1.533427696823723e-05,-4.1633227662527264e-05,-0.00023444545495529683,0.0002386066575871984,0.002039886715361518,0.014574761387103704,0.0015137489884536762,0.014794466644748028
94.16,203,1177,-1.3120600970937355e-05,-4.201632410353336e-05,-0.00022766520707173915,0.0002318813665908272,0.0019332690463126393,0.014521619648066619,0.0016219586961366264,0.014739257661786033
94.24,203,1178,-1.692699809172833e-05,-3.942008932709104e-05,-0.00023628448062163664,0.00024014750152685286,0.001899384991098118,0.01458155271324096,0.00138538995132874,0.014769856065333754
94.32,203,1179,-1.4378708723124396e-05,-4.080657166759765e-05,-0.00023520959598806373,0.0002391557601243913,0.002090816623827632,0.014581479304335608,0.001246673603537275,0.014783275953962243
94.4,204,1180,-9.613367797072145e-06,-4.141075559424987e-05,-0.00023835909466232905,0.0002421204772990786,0.0016748769819679233,0.014607862159893346,0.001187838208296336,0.014751468042071558
94.48,204,1181,-8.05197097071348e-06,-3.9839246866031634e-05,-0.00023624943917555002,0.00023972024807706113,0.002011921325261484,0.014634076788704755,0.0014223905735928845,0.014840054778220837
94.56,204,1182,-1.4055298387116836e-05,-3.8987751797004605e-05,-0.00023814069419608367,0.0002417200579909089,0.002066555526739911,0.014572586908786782,0.0013295276476099403,0.014778314678101912
94.64,204,1183,-9.850830999796867e-06,-4.048297007406863e-05,-0.00023336450339002398,0.00023705463754138413,0.0020390979162085293,0.01460108593341762,0.0012776310068793881,0.014798039455842505
94.72,204,1184,-1.0489754776041285e-05,-4.045825905322391e-05,-0.00023459539153061594,0.00023828953692573714,0.002260551868378556,0.014550658140255203,0.0015106128142661835,0.014802489592593199
94.8,204,1185,-7.029233674992061e-06,-4.223316217153761e-05,-0.00023739785099781785,0.00024122767206820854,0.0022185039721126136,0.014533272588101146,0.0015669888577849026,0.014784898581821712
94.88,205,1186,-2.4738244511727018e-06,-4.2514695208069985e-05,-0.0002363821577674626,0.0002401877258039051,0.001739365957081295,0.014583291032696425,0.0012189660364599491,0.01473715201370401
94.96,205,1187,-9.983848912949944e-06,-4.055078945244266e-05,-0.00023823668197031522,0.00024186930437853843,0.001658867781512123,0.014705100523729699,0.0008980438898452368,0.014825596330590643
95.04,205,1188,-3.0344596177214466e-06,-4.060621336552599e-05,-0.00023296313880615376,0.00023649502436937962,0.0017594029916802741,0.014699632040312088,0.0009701048618650371,0.014836299553821276
95.12,205,1189,-4.765774893514295e-06,-4.206699575388448e-05,-0.00023428067997053784,0.0002380751598750919,0.002007608902585359,0.014602299684673527,0.0011877771337908197,0.014787442784549088
95.2,205,1190,-3.5520173286673677e-06,-4.130110135073665e-05,-0.00023220660265149071,0.00023587773128219263,0.0019614149744061095,0.014620796377464362,0.0014392014533394207,0.014821812852562734
95.28,206,1191,-1.379299962878603e-06,-4.014387794656107e-05,-0.0002465412078535868,0.0002497919145506545,0.001580506059262412,0.014683602280812188,0.001188864869799712,0.014816193000331832
95.36,206,1192,-2.4010000279074075e-06,-4.0661963632150884e-05,-0.00023897333806150383,0.0002424199174816586,0.0018035134551023491,0.014670675727621952,0.0010793982188136435,0.014820475282613212
95.44,206,1193,1.0409963042856023e-07,-3.925098840053943e-05,-0.00024348285161160274,0.0002466263367040716,0.0021395498567180963,0.014664466726994334,0.0007912796359077299,0.01484083493064688
95.52,206,1194,-4.135235248026815e-08,-4.0229217696810906e-05,-0.00024019733311784943,0.0002435429130634714,0.0022651567241878923,0.014611817882456595,0.001118843828358174,0.014828619906365768
95.6,206,1195,-5.85444224634022e-07,-4.136713011295337e-05,-0.0002408732370519804,0.0002444002834012713,0.0023332088088511447,0.014643764217911236,0.0014534130186666103,0.014899533657746059
95.68,207,1196,-9.422584632250982e-06,-4.199444807772903e-05,-0.0002362491778620304,0.0002401374456659983,0.0017188364644925716,0.014612107591908396,0.001024803525973162,0.01474850193531612
95.76,207,1197,-2.465458832110008e-06,-4.0011229466565886e-05,-0.00023112144706606834,0.00023457216430043963,0.001993664202110524,0.014928691825391844,0.0004607307618227332,0.01506827161300154
95.84,207,1198,-2.4935188854181934e-06,-4.2505334421678196e-05,-0.00023497989291887373,0.0002388063465800187,0.002065786277563426,0.01471823088566429,0.0009064412947354933,0.014890111791692277
95.92,207,1199,-7.187037634034892e-07,-4.348624654422918e-05,-0.00023668192888634754,0.00024064477063706806,0.001971029946634874,0.01481040524854098,0.0011727940577392864,0.014986944604501956
96.0,207,1200,-8.64590558859411e-07,-4.2479705721798624e-05,-0.00023889144654457923,0.00024264046683767864,0.0019883349034854813,0.014840102458586826,0.0014035714984299982,0.01503835528310787
96.08,207,1201,-2.479764391678376e-06,-4.0626089174645594e-05,-0.00023626074424226763,0.00023974104284201045,0.0023656387169665428,0.014629493385076341,0.001394528760293132,0.01488499357428441
96.16,208,1202,-1.2054833221316473e-06,-4.1047361587119325e-05,-0.0002341169013294325,0.00023769110747227985,0.0018577098496049924,0.01478880421335321,0.0009904696460064013,0.014937899653762342
96.24,208,1203,-1.1734944556891458e-06,-4.003906820988776e-05,-0.000238860006877753,0.00024219539004282015,0.0019524593338672046,0.014570900311305948,0.0011408274641434252,0.014745328773390062
96.32,208,1204,-3.7635032551697747e-07,-4.177171653840904e-05,-0.00023825457903116834,0.00024188894636062216,0.0020164288949543765,0.01460680847843171,0.0013262433087329584,0.014804855984708204
96.4,208,1205,-4.769016127646025e-06,-4.172749615789158e-05,-0.00023530636069076552,0.00023902512594278712,0.002047158719633529,0.014568966584194949,0.0015709996918128223,0.01479573202604172
96.48,208,1206,-1.5020431697294607e-06,-3.9226583299894964e-05,-0.00023674328823818528,0.00023997576022776926,0.0020717705816455222,0.014637105942647735,0.0013434147459239524,0.014843916831444166
96.56,208,1207,1.2324208322478942e-06,-4.129410922582846e-05,-0.00023750005950726468,0.00024106638211044,0.002162734569381577,0.014671739782543568,0.0013247529343622369,0.01488933643254027
96.64,209,1208,1.1200483889039892e-06,-4.030039980080312e-05,-0.0002363299990400519,0.00023974412438841747,0.0016304562117799473,0.014554390695727346,0.0014708792983876636,0.014719108732964503
96.72,209,1209,1.5939442592423391e-06,-4.203683000081411e-05,-0.00023794423377766465,0.00024163421554667882,0.0017226198712573262,0.014684218453088418,0.0018104054361089029,0.014895343522120115
96.8,209,1210,-5.011271326105527e-06,-3.854330830877749e-05,-0.00023637855233439166,0.0002395527488036655,0.0018256171833045253,0.01459189536860741,0.0014831063865519403,0.014780253485721899
96.88,209,1211,-6.458696243025854e-07,-4.13404696470806e-05,-0.0002334462112007924,0.00023707928020436068,0.0018600585290425547,0.014595867576221843,0.0015232823399853007,0.014792550730735357
96.96,209,1212,4.701377325887859e-08,-3.90622453179623e-05,-0.0002370390873733904,0.00024023611336013859,0.0020118179516766996,0.01472403050168149,0.0014174268235806785,0.01492828136408681
97.04,209,1213,9.152565017429047e-08,-4.1453166117913856e-05,-0.00023676816573661892,0.00024036958556445333,0.0020539167144599966,0.014537661617065337,0.0017484811849800457,0.014785782550019532
97.12,209,1214,-3.348173657746572e-06,-4.095002796069004e-05,-0.00023400289246133322,0.0002375825514154901,0.002120402822188589,0.014586752439468428,0.0019383328864669884,0.014866963013253343
97.2,209,1215,-3.3334110203732e-06,-3.7944219556339365e-05,-0.00023932895143464236,0.00024234112820892747,0.002018210858611426,0.014498830457754195,0.0017388509872591211,0.014741535281930774
97.28,209,1216,3.90974500949315e-07,-4.061465974469636e-05,-0.00023595773765188097,0.0002394279795784773,0.002254831071566978,0.014613172359343975,0.0017857163579286393,0.014893550700762146
97.36,209,1217,-2.785203544443604e-06,-4.1213875326632784e-05,-0.00023777290332458386,0.00024133440375053266,0.002516212246989761,0.014582704687461714,0.0018840605833729868,0.014917650094952585
97.44,210,1218,6.378979730967493e-06,-4.180529663635953e-05,-0.00023737389113683027,0.0002411114646853232,0.0020010160653177096,0.01441527790233675,0.0014030794867056896,0.014620975834097808
97.52,210,1219,8.724166140391803e-06,-4.0942894918320955e-05,-0.00023850301728235699,0.0002421489644246411,0.002128418404332288,0.01445831457217643,0.0014132037194775225,0.014682308058498664
97.6,210,1220,6.216581731283788e-06,-4.2409330434404096e-05,-0.00023425580738060047,0.000238144872898522,0.002217059523426851,0.014581050631606696,0.0011355836046535678,0.014792293283161125
97.68,210,1221,6.604216642067909e-06,-4.1722283751134105e-05,-0.00023768013805276045,0.00024140466578681692,0.002396576618973787,0.014430965330005784,0.0012592371804955329,0.014682711538513011
97.76,210,1222,7.281778690386258e-06,-4.325354747933723e-05,-0.00024150277387665698,0.00024545362792300046,0.0022973994530870708,0.01449288672355399,0.0014743716108280237,0.014747731400985979
97.84,210,1223,7.04955562530459e-06,-4.47016275762057e-05,-0.00023780476381483857,0.00024207238057140514,0.002392447340464696,0.014417584726828567,0.0016899338893486386,0.014712118480441419
97.92,210,1224,-1.8347116929504547e-06,-4.478219167977777e-05,-0.00023716775045150694,0.0002413655996882507,0.002429457364655773,0.014389162980383821,0.0017124180506236627,0.014692945584287385
98.0,210,1225,7.180166991554242e-06,-4.308316878321368e-05,-0.0002283487180540036,0.0002324883895323298,0.0025194804817444184,0.014565214530224928,0.0016256634521593107,0.014870643492097206
98.08,210,1226,9.135852200394648e-06,-4.181718091882436e-05,-0.00022139959458897208,0.00022549927028615044,0.0024265110108091206,0.014550239249491606,0.0014557727570194126,0.01482284359436825
98.16,210,1227,4.795782606550439e-06,-4.4286459254607965e-05,-0.00022822673397893155,0.00023253329246972215,0.0024676071213327985,0.014416771583066857,0.001602261159618194,0.014713926349115568
98.24,211,1228,4.724256230067654e-06,-4.1444441527812614e-05,-0.00023983191146579761,0.00024343234396402176,0.00208685833611075,0.014622275755523162,0.0012833117468119299,0.014826085627199812
98.32,211,1229,1.2075800731532448e-05,-4.027735744555581e-05,-0.0002446977450317494,0.0002482842663354401,0.0025359049598232754,0.01473286308753436,0.0012153745637775476,0.01499884009020585
98.4,211,1230,9.932822299365268e-06,-3.914190277497242e-05,-0.0002326186605618275,0.00023609784148368422,0.0027553355730796985,0.014624675923073075,0.0016254260895238945,0.014970471934701881
98.48,211,1231,8.563591866794096e-06,-3.980180823379861e-05,-0.0002329676042152532,0.00023649825297057897,0.0028329337914240363,0.01470137682243831,0.0017129807586698767,0.015069515500555807
98.56,211,1232,8.979993442984772e-06,-3.9081965815154294e-05,-0.00023169419919665733,0.000235138772378341,0.002742782615817459,0.014592963082659083,0.0020343262270290413,0.014987191571720819
98.64,211,1233,1.215376459825518e-05,-4.020510719604486e-05,-0.00022971732953972743,0.00023352562199771353,0.0028560278739595004,0.0147228762478584,0.0020105600890285807,0.015131501316729324
98.72,211,1234,9.339673662562347e-06,-4.004406760342398e-05,-0.00022819806212450892,0.00023187305236213194,0.002696502719354944,0.01467644181536881,0.0019238513691356555,0.015045606513727517
98.8,211,1235,9.612966492076563e-06,-3.901325000660545e-05,-0.00022887530172949465,0.0002323754430713859,0.002703032859562608,0.014720028891340668,0.0019035869378333798,0.015086725305104121
98.88,211,1236,1.663838365250816e-05,-3.994492196241911e-05,-0.00022295233909335496,0.00022711269913492318,0.0027468104175535,0.014825596278940485,0.0019704773679051256,0.015206118951051933
98.96,211,1237,7.213918767065026e-06,-4.095539154420495e-05,-0.00023215381519141301,0.00023584905899419166,0.002858743008505834,0.014763382474923984,0.0020970720291321626,0.015183134880022046
99.04,211,1238,3.0226419714763345e-06,-3.8139209163101913e-05,-0.0002233277397250311,0.00022658114434075444,0.002588374961506278,0.014692514393890087,0.0018809773647366558,0.015036879330588235
99.12,211,1239,8.22858934201904e-06,-4.0664944369104884e-05,-0.00022396049744491408,0.00022777105127490488,0.002535232227648343,0.014924476462677338,0.001761170450234976,0.015240377996883723
99.2,211,1240,9.04584935097779e-06,-4.1036443999704304e-05,-0.00022922897054084834,0.00023304878901603108,0.002465659852791749,0.014968469967091627,0.001851846372939772,0.015282797736486707
99.28,211,1241,5.619761557573478e-06,-4.1016712822508215e-05,-0.00023140319725090808,0.0002350774173515414,0.002664076942371389,0.014831762735472013,0.0020252204670484527,0.015204604885900952
99.36,211,1242,1.2237297957679107e-05,-4.0868217543364754e-05,-0.00024491593247056984,0.0002486036537229603,0.0025371185024742203,0.01510389441853195,0.0017683507491470965,0.015417252066233032
99.44,211,1243,8.899512461391302e-06,-4.014819872020774e-05,-0.00022864141191268435,0.00023231008248449648,0.0031470200239623694,0.014838635951021768,0.0018671685847660273,0.015283166244012167
99.52,211,1244,8.171388088118562e-06,-4.278312556347222e-05,-0.0002257385926840825,0.00022990232631110233,0.003166433486918405,0.01492736916762125,0.002042688802809652,0.015395623691122478
99.6,211,1245,9.257798633513176e-06,-4.2389636902022716e-05,-0.00022486821042842938,0.00022901593877612186,0.003048201298901496,0.01486543877755707,0.001981864237893921,0.015303613529665635
99.68,211,1246,1.1351581588905003e-05,-4.0910814054622505e-05,-0.0002316995842174369,0.00023555731879462927,0.002779186381828111,0.01488383085516212,0.001980281739449901,0.015270029916068061
99.76,212,1247,1.0949819680278682e-05,-3.6121583490168476e-05,-0.00022602551008510545,0.0002291554026290891,0.0021096454656436337,0.01492866253437545,0.0014023147659976323,0.015142062467144658
99.84,212,1248,1.3039764883553366e-05,-3.9963704366989644e-05,-0.00022483805252829247,0.00022873408797043283,0.0022953128368598,0.014928972866828316,0.0015227671418396873,0.015180958851331364
99.92,212,1249,1.046447629527991e-05,-3.820941224313174e-05,-0.00022430865994163188,0.0002277802435965655,0.0023825555002023762,0.01494067673614302,0.0013330701543577716,0.015188069926159455
100.0,212,1250,1.0572364938513976e-05,-3.882405147976458e-05,-0.00022447147119470805,0.00022804938775189285,0.0022835372985107218,0.014986649591799838,0.001549167129775797,0.015238573666096893
100.08,212,1251,1.2281640118815679e-05,-3.740996485551994e-05,-0.00022875380705555593,0.000232117746837483,0.002473472229179424,0.014968156349359817,0.0015496786367450693,0.01525009092578095
100.16,212,1252,9.812656663203562e-06,-3.803647040937082e-05,-0.0002337535194748029,0.00023703115655721277,0.0025385889139931074,0.014969850622116641,0.0017154476303380501,0.01528017087257754
100.24,212,1253,1.12458340750576e-05,-3.872903526896653e-05,-0.00022849224038056298,0.00023202394460709774,0.002643632404910465,0.01501938380611308,0.0016285420799563377,0.01533697595726788
100.32,212,1254,8.354613896515453e-06,-3.836976857883262e-05,-0.00023282286305962638,0.0002361112540253737,0.0026318564371035752,0.014940115895928266,0.0018092075849867621,0.015277662235265763
100.4,212,1255,6.075184504356635e-06,-3.987965271541293e-05,-0.0002392185480057318,0.00024259597745518067,0.0028126012472968007,0.01492967940711459,0.0017944785844650282,0.015297915098653822
100.48,212,1256,1.2825501650840734e-05,-3.977125487446744e-05,-0.0002249717509661095,0.0002288198744419784,0.0027984475594073905,0.015034262865773525,0.001867322556064849,0.015406078741468205
100.56,212,1257,1.1794932194178538e-05,-3.664581134275455e-05,-0.00022768008060935636,0.00023091179056236396,0.0029679517759446015,0.014933480162207647,0.0018352912945493825,0.01533577065671076
100.64,212,1258,1.1883668749909527e-05,-3.800388156361849e-05,-0.0002278077068655175,0.0002312614708596844,0.002944087575134364,0.015020415892139493,0.0019267532109982987,0.01542701925710179
100.72,212,1259,1.2807677249796499e-05,-3.903327209468616e-05,-0.0002270538180746862,0.000230740263563266,0.0028228485719633207,0.015018111716467336,0.0018610145910932852,0.015394009513339628
100.8,212,1260,1.1526481823913656e-05,-3.8330875941395536e-05,-0.00022749298683617754,0.00023098739119985947,0.002926116735651807,0.015027609322513283,0.0019827924463791413,0.015437702775548175
100.88,212,1261,1.2424623260021448e-05,-3.9253869868922124e-05,-0.0002271279497898014,0.00023082968426647011,0.0030618856915476727,0.014982998132428852,0.0018565670334564838,0.015404941355752972
100.96,212,1262,1.3006113207968948e-05,-3.905212300889648e-05,-0.00022428288670920353,0.00022802859593238283,0.002949449335526764,0.014961397503544588,0.002044884847842129,0.015385844815376366
101.04,212,1263,1.2737177881531875e-05,-3.9209660676859734e-05,-0.00022293096840249218,0.0002267109390030689,0.0028897050930229993,0.015048672592605538,0.0019710140993979977,0.015449849154736297
101.12,212,1264,1.3124826699280812e-05,-3.960345196080232e-05,-0.0002248121651879349,0.00022865083446072323,0.0029980498541120424,0.014981231796926182,0.002037129859622931,0.015413484588046296
101.2,212,1265,1.2508461771274743e-05,-4.011077875422275e-05,-0.00022586923761578386,0.00022974387628245738,0.00307967672289567,0.014990393626738928,0.0019131414690549452,0.015422594466649836
101.28,212,1266,1.304735621752886e-05,-3.899634777850388e-05,-0.00022471963222497754,0.0002284510051447756,0.0030506392254603678,0.015082769813163598,0.0021220846008058298,0.015533820778345994
101.36,212,1267,1.265293828373008e-05,-3.94606911576424e-05,-0.00022513571012709342,0.00022891773843082008,0.003041071461472307,0.015093489752960787,0.0019719601450032495,0.01552256987003102
101.44,212,1268,1.3928975782958198e-05,-3.814586985508645e-05,-0.0002251794883489027,0.00022881198772450068,0.003064214478151259,0.015081853027653093,0.0019457327337316806,0.015512497445187718
101.52,212,1269,1.2348703029445106e-05,-3.828113876184533e-05,-0.0002256333926423761,0.0002291906715525781,0.0030514060843202335,0.014994992544599363,0.0021179800116672724,0.015448194711157647
101.6,212,1270,1.1176224990995152e-05,-3.817075002417872e-05,-0.00022705344908032247,0.00023051070018922825,0.003067410239684289,0.01507499666463676,0.0017562993835236668,0.015483834071117369
101.68,212,1271,1.120715401292319e-05,-3.811837692571448e-05,-0.00022570804656105482,0.0002291783873818112,0.003152493064686538,0.015106104231037,0.001959262968284856,0.015555426993198968
101.76,212,1272,1.3887026380458725e-05,-3.7779745842019606e-05,-0.0002251920468687532,0.00022876104710050155,0.0028359044927715993,0.015147260539297441,0.0020357242811660766,0.015544324671287867
101.84,212,1273,1.319444763311643e-05,-3.776675477462139e-05,-0.00022533228964598332,0.00022885598522138495,0.0029863379126515667,0.015121634309559411,0.0019438881362482613,0.015535788985656029
101.92,212,1274,1.5196546455529186e-05,-3.790657433915637e-05,-0.00022590602598754824,0.00022956780257647603,0.002921030242330685,0.015150714151848552,0.002100395102017647,0.015572033154736544
